subject_id,__dataset__,bicep,pred_bicep,err_bicep,forearm,pred_forearm,err_forearm,thigh,pred_thigh,err_thigh,calf,pred_calf,err_calf,mean_err
07P1Yi2alvpi0MtJTu7-TmoT5E3x2dABQKiuu_jcnLU,testB,29.7449,29.5055,0.8048,25.6874,25.7709,0.3249,52.378,52.5776,0.3809,37.6972,36.3792,3.4962,1.2517
0AQqSm49JJoFaYTzjDcmRHM4gdwcYZyOqXBZ_yvNy0E,testB,28.6113,28.8984,1.0034,24.8599,25.2406,1.5312,48.387,51.4956,6.4246,33.7243,35.6306,5.6529,3.653
0PghUpgAgKJiVgHZpWydh6WqIYKYTlzV-5QR7eSR318,testB,25.5886,24.5328,4.1263,21.9818,21.4275,2.5216,46.06,43.7163,5.0884,32.9835,30.248,8.2935,5.0074
0QW7SNzqmRooRGXql2nRJG5HmfgDtvxaxDcovjh9DRQ,testB,27.6916,25.9437,6.3122,23.5635,22.6599,3.8349,52.0549,46.2305,11.1889,36.3971,31.9876,12.115,8.3628
0RRTDLueddykSM_-MbQYeCfx43VR1uf19kN8n6L7sJA,testB,33.3012,33.9267,1.8783,25.2535,29.6324,17.3401,57.079,60.4559,5.9163,35.5784,41.8304,17.5725,10.6768
0jBQ2v3WgYwJnB4fk9KcmKxsqjfc7FJjqbhodVZ5B3s,testB,31.2328,30.3177,2.9298,28.4231,26.4802,6.8355,53.5481,54.0248,0.8902,38.9367,37.3806,3.9965,3.663
0ix2B0qPwwgPAyBJM88yn6Wkhl6oLxhlUGOkN8jpt9c,testB,28.804,25.1356,12.7359,23.0228,21.9541,4.642,52.8418,44.7905,15.2366,34.1993,30.9913,9.3804,10.4987
1AJevVtpMGE2aHjT-G-uV1tCgLvUtogrEeOXGtYr6lU,testB,21.3339,22.5214,5.5664,21.4801,19.6708,8.4232,44.7457,40.1322,10.3104,32.8354,27.7681,15.4323,9.9331
0TB8jga-bvUKDzamFAMxKP2Wi5FZbz4CjoDbaJR5rL0,testB,29.6557,27.1707,8.3795,25.6143,23.7316,7.3505,54.6513,48.4169,11.4076,39.7181,33.5005,15.6545,10.698
17dftzvsFs0G2o7C68pLFPFXDCFUoq3Ly0JItV_LAxE,testB,26.1429,23.7782,9.045,23.9036,20.7685,13.1155,47.8154,42.3717,11.3847,33.498,29.3177,12.4794,11.5062
0rCweWiJLOAeo9TMaNn_fG4sQ8h3xjSjBXIVPVrE9pQ,testB,34.0269,35.0102,2.8897,29.0455,30.5788,5.2791,61.3579,62.3866,1.6766,42.0152,43.1663,2.7397,3.1463
2FXVWCFPSgSqnTSjOif2Z8s7GaRfe0GaD9eJfktnGkU,testB,37.4792,34.8493,7.0169,28.7968,30.4383,5.7001,59.0547,62.0999,5.1566,40.5375,42.9679,5.9955,5.9673
145HjgF9pF3ZfZSv6aYi961ID9ri0SjP24h6z_Vs7n8,testB,31.3385,30.9389,1.2751,27.8764,27.0228,3.0622,56.9938,55.1317,3.2673,37.245,38.1465,2.4203,2.5062
26gnWpM3ws3ugDnBWRUn014NPtZIw28y1W6lZHSpRk4,testB,27.4546,24.9307,9.1931,23.8046,21.7751,8.5259,51.5952,44.4253,13.8964,37.9882,30.7386,19.0839,12.6748
1THGPmtU9KHCGD7ez1tG3OzJ8mhohHH54gB7AHMtZWE,testB,29.6152,29.4263,0.6378,25.8237,25.7017,0.4724,52.4319,52.4364,0.0086,38.2895,36.2816,5.244,1.5907
1olHWQm2nBceX-FNvbqpXRfDzNHDnPEmqE1ll7iMCIo,testB,29.7484,31.267,5.1047,27.6797,27.3094,1.338,54.8544,55.7164,1.5715,38.6723,38.5511,0.3135,2.0819
3ArIaaPCyGhdCpgQtqN3VSJfdOglct9hjUX6aoq3xrM,testB,30.193,33.7302,11.7156,28.1434,29.4608,4.6811,55.9393,60.1058,7.4482,37.8799,41.5881,9.7895,8.4086
2_BeBSniuQH0bL7o-bh2BqWPFbUcf0t8XI4dxewSUbc,testB,33.2732,33.1878,0.2568,30.0616,28.987,3.5746,63.5238,59.1391,6.9024,43.6144,40.9193,6.1793,4.2283
2gXmeTyx3QNggAJ-oY6U8yrt5NDp8J7zfYQb-xSB434,testB,30.1207,28.4287,5.6176,26.6407,24.8303,6.7955,52.1792,50.6586,2.9141,39.5038,35.0515,11.2706,6.6495
3lqFXTxm9s3cltziV-MU0Ru7SIFr1crgfkpYlty3_8o,testB,28.1253,30.5938,8.7769,26.7353,26.7214,0.0521,51.2707,54.5168,6.3313,35.9669,37.7211,4.8772,5.0094
40jyjsY-6305fXhV2zgB2kzDoJ-oAOiEJFzFgPsHaXU,testB,23.9074,27.8494,16.4884,22.3893,24.3243,8.6428,41.6946,49.6263,19.0232,31.1952,34.3372,10.0721,13.5566
2aJQIOdBbvgYWOXDRTI8J1oInWp27begNBGx8LNRYGo,testB,29.293,27.7781,5.1716,25.4473,24.2621,4.6577,52.757,49.4993,6.175,35.9508,34.2493,4.7328,5.1843
4PHz7YSvqsSLBdU2XPf7lh9ORQC-0B-dukLIG4PxS48,testB,26.2431,25.7669,1.8147,23.5334,22.5054,4.3681,51.3009,45.9154,10.4979,37.1379,31.7696,14.4551,7.784
3GqMbwCScUT-9HV_AYNEg15NJXnV1ucqd2iqzVIEU6g,testB,34.8312,32.018,8.0767,29.1007,27.9653,3.9016,57.0387,57.0547,0.028,35.7428,39.477,10.4474,5.6134
4QBR34Xt4joslUTlYKpR0cRqjd3xWW4r3-BQBDxTTzo,testB,31.7126,30.2194,4.7087,25.1781,26.3943,4.8305,56.7452,53.8496,5.1028,39.4466,37.2594,5.5447,5.0467
3hpDSNj5_25ceylKU4jJLSldgKCE4QJRGi2mmPqAcOA,testB,45.5831,44.3564,2.6911,34.4178,38.742,12.5638,74.9279,79.0411,5.4895,45.4913,54.6898,20.2203,10.2412
489HgtmBtqFJ9c4i5YSmS5RcbGxfg0kUD5him8uUE1E,testB,38.5138,34.7137,9.867,31.6713,30.3198,4.2675,65.9614,61.8582,6.2206,41.8359,42.8007,2.306,5.6653
59bc275b681516389ccf413e,testB,35.7215,40.0029,11.9855,28.8451,34.9395,21.1281,72.5221,71.2834,1.7081,42.3085,49.3221,16.5772,12.8497
4qlqgGEPnbkySuq_MAHB1dC_t_ltqTgeKo0e4FPSxH4,testB,22.1635,22.7957,2.8523,20.7993,19.9103,4.274,44.7496,40.6209,9.2261,34.2591,28.1063,17.9597,8.578
59bc275b681516389ccf4138,testB,33.9173,32.6013,3.88,27.5158,28.4748,3.485,61.7044,58.094,5.8511,40.7584,40.1962,1.3795,3.6489
4ILmdGi7cOtZv6qiQ6TnehCUU3OOI6M3K4S-c7Ir-LA,testB,26.2804,26.489,0.7941,23.1396,23.1362,0.0146,52.2184,47.2023,9.606,34.097,32.66,4.2144,3.6573
4rwj1-rYNLdbP_nsUg4bqZ4JhcemGrnFl9KSsWRDRVE,testB,31.2462,26.8567,14.0482,27.3344,23.4573,14.1839,54.0155,47.8574,11.4007,35.2694,33.1133,6.1132,11.4365
59bc2768681516389ccf4632,testB,30.9675,33.5299,8.2744,27.8783,29.2859,5.0491,51.5156,59.7488,15.982,38.2082,41.3411,8.1995,9.3763
59bc275b681516389ccf4162,testB,46.2509,46.6626,0.8901,31.2225,40.7563,30.5352,67.6244,83.1507,22.9597,41.6465,57.5333,38.1469,23.133
59bc2765681516389ccf4548,testB,26.8621,27.2496,1.4426,25.1629,23.8005,5.4142,53.7589,48.5576,9.6754,37.4729,33.5978,10.3411,6.7183
59bc2768681516389ccf4649,testB,36.4609,37.6278,3.2003,32.0355,32.865,2.5893,65.8714,67.051,1.7909,44.8362,46.3937,3.4737,2.7635
59bc276f681516389ccf48b0,testB,24.9134,26.3858,5.9101,22.7509,23.046,1.297,47.753,47.0183,1.5385,36.567,32.5327,11.0325,4.9445
59bc2765681516389ccf4506,testB,30.4733,31.0751,1.9749,24.7556,27.1418,9.6389,54.0938,55.3745,2.3676,37.7325,38.3145,1.5424,3.8809
5NEY_5lj3LQcxtHNYCjcqS5vMJ8okWrt2PkRbl8SWfs,testB,23.1318,22.6404,2.1247,21.8207,19.7747,9.3767,43.9106,40.3441,8.1222,31.9162,27.9147,12.5373,8.0402
5TJEjrEATRi6qua4FW3KsC9a34Nf2JWV572lOKqWItU,testB,24.5472,25.6405,4.4541,22.4107,22.3951,0.0697,49.2589,45.6903,7.2446,34.2836,31.6138,7.7873,4.8889
5pSIIWpKbkRc51xX68ZYZFe1n1nViHZm_2Cep8keaow,testB,24.3482,24.1137,0.9632,20.6286,21.0615,2.0984,45.3957,42.9695,5.3446,32.5186,29.7313,8.5714,4.2444
59bc276e681516389ccf486b,testB,26.371,26.4022,0.1183,22.8003,23.0603,1.1405,50.5261,47.0476,6.8846,35.3976,32.553,8.0362,4.0449
5xqxW4siwJ2JZjsvbGnX4hArqM9rUT1yaya6ceEmzBQ,testB,26.0296,24.2011,7.0247,23.4024,21.1378,9.6768,49.643,43.1252,13.1294,35.9489,29.839,16.996,11.7067
60qM1XQwZ1nYEa4xkAKSEeQPXDMZhARQQ7-eoib8NLg,testB,32.9955,38.4935,16.6629,30.1165,33.6212,11.6369,58.7286,68.5937,16.7978,42.1914,47.4611,12.49,14.3969
6NGuzk2gwsmfRtM6l2BslVzfLrLy6eGSfWYT9cJ5ZH8,testB,34.7342,33.6923,2.9996,26.9616,29.4277,9.1468,60.2879,60.0382,0.4143,40.4474,41.5414,2.7047,3.8163
6eQbm6gjjbOQhKo9bEr_qPN9pD6esc5UyYg5M9nx2j8,testB,41.055,33.112,19.3472,32.0185,28.9208,9.6745,60.2481,59.0041,2.0649,38.4087,40.8259,6.2932,9.3449
5TM9fQDmC20gmmXZuGLU0ucsepZRpx_SI-cW_afGpuk,testB,38.0291,38.9549,2.4343,29.2292,34.0241,16.4045,67.277,69.4158,3.1791,45.7901,48.0299,4.8915,6.7274
6VGAL0i8H2arwCCu7CK2I_kAVbQY7zFp2qeIRIekL7Q,testB,30.5493,29.5048,3.4189,25.0729,25.7703,2.7815,55.7869,52.5763,5.755,37.1265,36.3784,2.015,3.4926
7UZuaEb_MZocyFulIycwK91lB54gCnBQBVxEEIozBTA,testB,31.2398,36.3917,16.4915,27.5893,31.7854,15.2091,54.1484,64.8484,19.7605,35.8252,44.8696,25.2461,19.1768
6yP1-b5Xwyrks-r-LvuIgt4gSkvUu6HbVHds-jHNX0Q,testB,36.345,39.0486,7.439,30.6924,34.1061,11.1221,59.3298,69.5829,17.2816,41.0053,48.1455,17.413,13.3139
6JWWSl4hJ08_707MzdBolsPOvdgW74O4q1U9WVUG4co,testB,35.4617,41.4975,17.0207,31.5726,36.245,14.7987,61.2619,73.9468,20.706,44.8617,51.1649,14.0504,16.644
85pSx8BihvIFzHAXyo4UIMehELIu_6AmakzM7CzmVHc,testB,28.8456,30.7296,6.5312,24.0713,26.84,11.5022,55.5757,54.7588,1.47,36.7357,37.8885,3.1379,5.6603
7BmrrDp9qXfGuZxXJpTZjvJ9gpp5dMYWDQYV8yNxFOM,testB,34.3078,39.3659,14.7433,30.4736,34.3831,12.8291,60.9143,70.1482,15.1589,44.1022,48.5367,10.0551,13.1966
8U4gOvl_8Vxtl_z4R0vCzHlP1yh_zQy3P5UqpXbZYTY,testB,24.5475,22.6887,7.5725,22.8437,19.8169,13.2504,46.7391,40.4302,13.4981,32.6801,27.9743,14.3996,12.1802
6hDHPg9Gl4xq_yiwOERDmD9yYMRDLE9zTuXC3-G82fo,testB,29.8966,30.198,1.0083,24.1386,26.3757,9.2679,52.1616,53.8115,3.163,35.8186,37.2331,3.9491,4.3471
8QGTxvQvOppeq5L8fxdmmwBR09prMO5ukTzaSJ-iyFI,testB,31.2066,30.967,0.7677,28.3044,27.0474,4.4411,54.1825,55.1818,1.8443,36.5079,38.1812,4.5832,2.9091
9UFHG00TNhVCbt815jL-xCLVUPEuUdDO0yHBPjYoAVk,testB,30.2431,29.1473,3.6235,27.76,25.4579,8.2926,57.8638,51.9391,10.2391,42.169,35.9375,14.7774,9.2331
9EaimZrRMF80lcFWZgOgL10d8T21DT0ZJ5fWTxjNYbo,testB,39.876,34.2746,14.047,31.1896,29.9363,4.0183,67.37,61.0758,9.3427,40.724,42.2593,3.7701,7.7945
7dnXejm2Th498ayztH-MQHyk5QQkZhhgC9tTx2aLN7I,testB,31.3704,35.4512,13.0086,27.7278,30.964,11.6713,56.1419,63.1725,12.5228,37.55,43.71,16.4048,13.4019
9IC9WEy5Pe3-L68GBQ2up5wFt93AaC7DRS8oaNiWQbg,testB,32.8829,28.0136,14.808,29.135,24.4678,16.0191,56.6374,49.919,11.8621,39.1608,34.5398,11.8002,13.6224
ADrQjvM6I-RSGe0_27H4bVrFMcLz3-ZgOX_iDb2D7Wc,testB,38.8607,39.7704,2.3408,28.8226,34.7364,20.5181,76.1881,70.869,6.9815,46.4952,49.0354,5.4633,8.8259
AaEqTg39qkCJ41BcJeiby0-CYzNz0luCsYgL_JvdEoE,testB,29.8761,27.7,7.2838,25.3603,24.1938,4.5995,57.073,49.3601,13.514,37.0786,34.153,7.8902,8.3219
8VDPJXsMB2HMFf8Q86E8ZD9Lc-r4VjBM8Dh5XMLe1iI,testB,36.7562,35.2885,3.9931,29.7062,30.8218,3.7555,69.4017,62.8825,9.3935,42.2485,43.5094,2.9844,5.0316
AQ4chw5ez_DNNqEY0C7iIheOk4DEcyvZX0oDXQN_SZw,testB,29.9847,31.3108,4.4223,29.3155,27.3476,6.7129,56.4242,55.7944,1.1162,40.0931,38.605,3.7117,3.9908
Ag3NIPCk-sgJZu7DK3JisnMnanNCfoR62fTnQjPk1IY,testB,32.393,31.9435,1.3879,27.8876,27.9002,0.0453,53.9213,56.9219,5.5646,35.9042,39.3851,9.6951,4.1732
B0WEf1gfS0toyENhLbi508wjdezEnB4VWUvueSUoYwg,testB,27.1764,28.6138,5.2893,22.9939,24.992,8.6899,50.1429,50.9885,1.6864,36.5946,35.2797,3.5929,4.8146
ApaFHEE8GQXV-xDMQSUSMartSh9dZXXSwBdlntq-ds0,testB,26.697,27.8001,4.1316,24.9974,24.2813,2.865,48.87,49.5385,1.3678,37.3816,34.2764,8.3066,4.1678
9WqMFHDk2TR3-oEDL4YXL_OKUh8OpOnILG4cBw6JBdo,testB,23.4843,25.7107,9.4804,21.9576,22.4563,2.2713,44.3018,45.8153,3.4162,31.1769,31.7003,1.6789,4.2117
C4eUasGyUmouxCn3dW_VQGEmcQZq2H1iQewpHcAnpY4,testB,39.8192,39.4489,0.93,31.4109,34.4557,9.6933,71.5004,70.2962,1.6842,44.3563,48.6391,9.6555,5.4907
BES8fhGYi5ZlydfdUwF42mpmtZ_7LBx9QrQgIVXm9M0,testB,30.6163,29.6621,3.1165,26.0579,25.9077,0.5767,56.2107,52.8566,5.9669,39.7643,36.5723,8.0271,4.4218
BwIaXUO8HI5MpHaVqxuAiZ01pls4gM6FagV9b9ts5WQ,testB,33.809,31.0332,8.2103,27.8645,27.1051,2.7253,52.5882,55.2997,5.1561,36.776,38.2627,4.0428,5.0336
CEKC3G5_9_ADiXbet78JjJBTOosFCi1gVDIPFaiO-HQ,testB,31.3579,30.474,2.8185,27.0582,26.6168,1.6313,53.9032,54.3034,0.7423,39.5315,37.5734,4.9533,2.5364
AcXtVN5DaisfM7J3T6N5F-ZePD30WawSdWJa-8IEPpA,testB,34.603,34.5305,0.2096,30.0383,30.1598,0.4045,56.1303,61.5318,9.6231,38.6372,42.5748,10.1914,5.1071
C8kR58Bg0CKU-zFCa6TrftedwuJcB0fc4668peTaQAI,testB,31.1229,29.5406,5.084,27.4331,25.8015,5.9475,57.72,52.64,8.8011,37.6364,36.4224,3.2256,5.7646
CE5PaY-_MjLeFzqHc1WwCbJjCAM4xva20sWN7MPPLmc,testB,27.1871,24.9794,8.1203,24.267,21.8176,10.0933,52.0616,44.5122,14.5009,37.8071,30.7987,18.5373,12.8129
CfPEXNqdOYjrfMXM6aSmJeLTee7RYB12IbIpvIv85p4,testB,24.8158,26.3429,6.1538,23.8923,23.0086,3.699,46.5551,46.9419,0.8309,34.567,32.4799,6.0381,4.1805
CdGmN49IuFUblUTnOUmDraKKgTn3eC0SpJajr6qRfVQ,testB,24.4336,24.751,1.2989,21.8743,21.6181,1.1711,46.1816,44.1052,4.4963,32.8586,30.5171,7.1261,3.5231
BDQE9C49TtoYtPGOLcINdrufHgoGZpGuMUFJ_StZPMo,testB,29.7327,28.8571,2.9451,24.2459,25.2045,3.9534,52.0817,51.422,1.2667,34.4526,35.5797,3.2715,2.8592
DCv4XY9qnXbJwsYWLdQ_NBn9P_eS1a3CGkIVjCs70r4,testB,31.2852,29.222,6.5947,26.9258,25.5232,5.2089,48.8993,52.0723,6.489,37.2572,36.0297,3.2947,5.3968
D0G8uvIn-DF_BFWEhQnGKam7wgBT87Xk7qOc6J0_gUg,testB,29.8018,27.7196,6.9866,26.9776,24.211,10.2552,51.1054,49.3951,3.3466,39.1108,34.1773,12.6142,8.3007
C_wJrNOhIWpaja4ncvdVenf51_qIKag-7RRYByEfvrg,testB,26.8119,26.7389,0.2721,24.039,23.3545,2.8477,51.9557,47.6476,8.2919,35.582,32.9681,7.346,4.6894
DstnNPfFBk1UKZQfVLGUeuNYj4sSJ8Ne4oeYYNi2r1U,testB,34.5541,28.6044,17.2185,30.4582,24.9838,17.9734,53.4007,50.9718,4.5483,34.1298,35.2682,3.3355,10.7689
C6TvL5HJxoeNycj42LbN9PzqyqlY1mZs3E9O2SbtYMI,testB,30.2897,32.7031,7.9678,28.1906,28.5637,1.3234,51.0664,58.2754,14.117,38.5559,40.3217,4.5798,6.997
DkMNvQQUXi62EQtW1lBt3tXvl-Jmg8M1-aBUYc6z1vc,testB,26.2851,25.8261,1.7465,24.0874,22.5571,6.3529,53.3109,46.0209,13.6745,36.9227,31.8426,13.7588,8.8832
Eg598gtFscEXzCbeeDI1UvyH5V9cpOnDa3of1X7QNdM,testB,30.1012,26.8865,10.6799,27.5634,23.4833,14.8025,54.8166,47.9105,12.5986,40.765,33.15,18.6803,14.1903
CWdfHbHsgGnj5jTc1478UQhGguuciXD5MNEBOtvyB3k,testB,34.3607,34.8875,1.5332,30.3115,30.4716,0.5281,56.6441,62.168,9.752,40.529,43.015,6.1339,4.4868
D00-s_iSFJTuoiceXOtt6DfE-ozZOtePxcy-kZQFrNQ,testB,26.4988,28.0752,5.9492,24.7702,24.5216,1.0035,51.5905,50.0288,3.0271,37.5268,34.6157,7.7574,4.4343
Edo_RWksTNfibAJuEmufmY8tMCVny2eoGJqHU_StuKE,testB,36.1088,32.2293,10.7439,29.0429,28.1498,3.0749,56.8967,57.4311,0.9392,35.7555,39.7375,11.1368,6.4737
En8QLW576zUomiqKqmbnAbRoQLtVzGaUNRt5zzNBYjM,testB,28.8554,30.5605,5.9091,25.1417,26.6923,6.1674,48.846,54.4574,11.4879,33.6954,37.68,11.8253,8.8474
Ev559J8sYhJBGQAcohEDshMRkWWPCJqUOMcZPo0vZQ8,testB,30.4612,25.1315,17.4968,26.5061,21.9504,17.1873,48.7379,44.7832,8.1144,32.2135,30.9862,3.81,11.6521
Cnx_3RZkrvCxS-9dQAN635WAesZY1gjRST5V7FYWUS8,testB,26.1654,25.9228,0.9274,23.2227,22.6416,2.5023,47.3023,46.1932,2.3445,34.0621,31.9618,6.1659,2.985
F6wa6igx2BT2MGn7VoI_6_P7iJ-Nwqb2kRl690PpyFc,testB,23.7412,25.0897,5.6802,22.5328,21.914,2.7464,46.052,44.7088,2.9166,33.1547,30.9347,6.6957,4.5097
DLh97j9lZlhTpcQUEbknAYhOwPt2kCm38I51myoU31g,testB,33.6374,34.191,1.6458,28.4109,29.8633,5.112,62.8834,60.9269,3.1113,42.8261,42.1563,1.564,2.8583
FJiz276i4gOtso-HxLnNh6aeMv-pmOYV-u_40s_tuRE,testB,25.8992,25.0935,3.1108,23.1828,21.9173,5.459,51.2759,44.7155,12.7943,34.4184,30.9394,10.1082,7.8681
DL_WAdynzJel4FVSUAOJqQAjVrOc_Me8LZa4al2ZqXE,testB,25.0121,26.842,7.316,23.1968,23.4444,1.0677,51.7443,47.8312,7.5624,35.1125,33.0951,5.7453,5.4228
FlJ6-rg-jFweEckuyjjAv8WKCUezmttg_udsSCjFXdg,testB,26.3261,25.4436,3.3524,22.5785,22.2231,1.5743,49.7732,45.3393,8.9082,36.0875,31.371,13.0697,6.7261
G39-mpOUVw6Y2ZSibqFq0W0pHcE78KQj7GQKYb4-tec,testB,39.8551,40.7295,2.194,34.4642,35.5742,3.2206,72.2693,72.5782,0.4275,50.6686,50.218,0.8894,1.6829
EAWw2QfMPSiBeTdY3qxp7D4IFYFNzY8JgfekYkA8xMc,testB,30.4252,28.124,7.5634,25.9096,24.5642,5.1925,55.6084,50.1157,9.8775,37.0842,34.6758,6.4944,7.282
EVXFFYf95mgXGg2zze_8SymNla9zM3xx-GqGqfyFFb8,testB,29.6449,29.6581,0.0444,25.1868,25.9041,2.8479,53.8891,52.8494,1.9293,35.702,36.5673,2.4237,1.8113
EkVn3tUr9ADKeys1uEqhD5kw-BoAtjHKtWwOrUMWMDg,testB,30.7358,37.8648,23.1942,27.1409,33.072,21.853,49.0771,67.4733,37.4843,34.602,46.6858,34.9223,29.3634
GR0OfDwU5g67sz2zOj5aMhSgH7dbefnoTZVd-wlrp-o,testB,30.3079,35.4991,17.1284,27.9612,31.0058,10.8886,54.5973,63.2578,15.8625,40.1331,43.7691,9.0598,13.2348
Eju1_wRfN5KKQP0Ca-VPlDx0iit-xJ3wxH7EM-Xs8NY,testB,24.7946,24.7243,0.2836,22.8913,21.5948,5.6636,48.4003,44.0576,8.9726,32.0029,30.4841,4.7458,4.9164
G_BvRqeilfd-QcsunGbp420g3hBQUozky4eae3q-aWU,testB,24.5185,27.1248,10.6299,22.4967,23.6915,5.3108,47.0862,48.3353,2.6526,34.0074,33.4439,1.6569,5.0626
EyXlLXKS0K0XLKpbVUaBdR7e1G8xVRSc63G42DqViwU,testB,25.3035,26.3225,4.0269,22.2444,22.9907,3.355,48.5171,46.9055,3.3217,35.3081,32.4546,8.0817,4.6963
ExlRs_DoqMdlnIhGWQ9PhyD--VGy4HPJuslo4_u1F3w,testB,28.4943,27.9481,1.9168,24.7582,24.4106,1.4041,51.7855,49.8023,3.8296,34.5814,34.459,0.3539,1.8761
FNTXosSAuG8yRrIN7DQbSyylJ4a0o-G_4hK2iWCHg2o,testB,34.6384,33.9691,1.9322,30.3738,29.6694,2.319,57.4563,60.5314,5.3521,40.5106,41.8826,3.3868,3.2475
Gxn8HOPPjfVFBVYSwGteHXwwPnv1E8SyLtc-bxXt5i4,testB,32.9783,32.7359,0.7351,27.8552,28.5923,2.6463,57.8134,58.3339,0.9003,37.3477,40.3621,8.0713,3.0883
H5G3OHLXxiN1XKFqza7ZUnUv2chIpEt5bXpvF7eDW3Q,testB,31.825,28.5698,10.2286,27.0633,24.9535,7.7957,50.097,50.91,1.6228,35.0792,35.2255,0.4168,5.016
GOxxOMY0zUtqmNpuxACcwgm1UTpoSUExzmfLn0DEpkA,testB,25.4986,26.6363,4.4616,22.3252,23.2648,4.2084,47.1343,47.4646,0.7008,34.2638,32.8415,4.1509,3.3804
FNC89HJ3V08ITqMLZJpnLnYKgpUrhFt-bf3l7lmlXCg,testB,29.7928,26.1514,12.2225,25.6718,22.8413,11.0257,52.8875,46.6007,11.8872,40.8649,32.2437,21.0968,14.058
GnIrZIVkkbdXzkDmCry74cxFi4LIWwl2S44x5a8_DKI,testB,29.3834,28.1512,4.1935,26.6967,24.5879,7.8989,54.6745,50.1641,8.2496,38.1621,34.7093,9.0477,7.3474
GL4czIdF7siAH4SMs4buOGaFb48mKGeB8av3wzSRUww,testB,34.8514,37.0721,6.3719,29.6237,32.3797,9.3031,54.3967,66.0607,21.4426,39.4212,45.7085,15.9488,13.2666
HaE2Jiu7OrRAJrWV2k6EHxguAzayIdgigQFgAO4lK_Y,testB,30.8411,29.9982,2.7333,25.0734,26.2011,4.4977,49.9071,53.4554,7.1097,36.5387,36.9866,1.2259,3.8917
GcgfIRxHFeGgadhpsTw7a5bhm_K3rxDKn8uBDytZ9p0,testB,37.4278,32.7488,12.5014,30.7796,28.6036,7.0695,71.3781,58.357,18.2425,45.1594,40.3781,10.5877,12.1003
HXEJFm3DQqE9mcEDxke3dpTOZKF69YgoojIIN5AlW9c,testB,27.6027,24.2645,12.0937,27.7232,21.1932,23.5544,49.6194,43.2382,12.8603,32.9411,29.9172,9.1798,14.4221
IGrg9yndQwo4NQP8Y6-gMZOXHdE6vlEDIlS4G6baKPs,testB,26.4325,27.6381,4.5609,23.6946,24.1398,1.8787,52.6886,49.2498,6.5266,35.5007,34.0767,4.0111,4.2443
HWfg0CiSonnq7E6tGpyVuy9_c8-o11_7H9LcI4MmqUk,testB,28.5285,31.6114,10.8066,26.0557,27.6102,5.966,48.3836,56.3302,16.424,33.6269,38.9757,15.9064,12.2757
I7T7u9B89_G9v5RY380Q3n7yaScyr6KVXploESnm1jE,testB,26.1348,26.0674,0.2576,25.3289,22.7679,10.1109,53.1859,46.451,12.6629,36.3072,32.1402,11.4772,8.6271
H8jB3UHeLJWmknB1gVWrteMIRwI2JOXYnglAz_t4pTM,testB,30.5506,30.6879,0.4491,26.0194,26.8035,3.0138,56.5806,54.6844,3.3514,36.2916,37.837,4.2583,2.7681
J3AcXhg5f2mr5qRSKD_-CH7jL-hw6HDz9lx_HiYYra8,testB,29.6034,28.8647,2.4954,26.7418,25.2111,5.7239,49.6039,51.4356,3.6927,34.1218,35.5891,4.3001,4.053
I6SMIUIACvpEJpx63AVVaj4tKdJbsw9DpyWK2r94GgQ,testB,26.8927,25.5221,5.0967,23.686,22.2916,5.8869,53.8733,45.4793,15.581,36.4566,31.4678,13.6841,10.0622
I5GFuCtUHboX3aGbon_rYuCPxc8wyUZohwvvPB24j-s,testB,25.5029,24.1681,5.2342,21.5797,21.109,2.1811,52.6549,43.0664,18.2101,35.6375,29.7983,16.3849,10.5026
K20rwey6FcUr2WrbkeJ87KkUW2q6L0-wgR6JT5iy-G4,testB,27.3552,28.7584,5.1294,24.0483,25.1183,4.4491,51.9368,51.2461,1.3298,36.1756,35.458,1.9837,3.223
Ic0j0RLvA-z6dJaMm0XhW7XOBxhjzZEK91k3mx-hO8c,testB,28.7258,27.222,5.235,27.0885,23.7763,12.2273,46.7902,48.5083,3.6719,34.9413,33.5637,3.9426,6.2692
IefaN1ApNHVmqq0lHr9A-pcgxk-ZdPO6DZriRK-C1JU,testB,29.8219,26.9235,9.7192,24.7739,23.5156,5.0792,53.4493,47.9764,10.2395,37.021,33.1956,10.3331,8.8427
IRRl47RhJx43fBiKc_DSNTeLOQhCIkhwr-_xQPBqzyU,testB,26.4962,27.6006,4.1683,23.5914,24.1071,2.1859,53.0215,49.1831,7.2393,36.2435,34.0306,6.1057,4.9248
JRR3QqiLd_qFK4-oscVuxqw1tiVs027yGRDtWW3qFVg,testB,27.0336,27.8433,2.995,25.0753,24.319,3.0161,50.8981,49.6155,2.52,34.2243,34.3298,0.3082,2.2098
JpAYFyDkWKxxJ_CEJLW7J6pAHNDENq07_NSFgTN2K4E,testB,23.5499,26.967,14.5101,21.3422,23.5537,10.3622,46.8888,48.054,2.4851,33.0204,33.2493,0.6933,7.0127
KGzJCosVL4DMUh9g-nEl4D_7TwPBCQ6hipd87aOxtWw,testB,28.7749,28.9152,0.4876,24.7014,25.2552,2.242,52.84,51.5256,2.4876,34.8522,35.6514,2.293,1.8775
J95sC19riKqdSrsOQh8hNfN_vqpUdYqGeoXKxzVaioU,testB,29.7972,27.5451,7.5581,27.6177,24.0586,12.8871,51.491,49.0842,4.6743,36.0614,33.9621,5.8214,7.7352
K7M5hwCYRUP6JUGRu6Aw1aFFUr8hxcc2HfxvINNgM-Q,testB,37.4139,37.0858,0.877,29.1288,32.3917,11.2015,64.5111,66.0852,2.4401,42.0479,45.7254,8.7461,5.8162
K9VX6X7rI2rZvdTu2gLntz3QJ8U6uNnUKcXmt5R5lYg,testB,27.9667,27.5884,1.3527,24.7077,24.0964,2.4741,52.8458,49.1613,6.9722,36.1478,34.0155,5.8988,4.1745
KSnPLyfQjUzB3cWfhOb3cD-qbINpzoWJLe2A_lNbx9M,testB,25.7739,28.1512,9.2236,22.8177,24.5879,7.7582,44.7107,50.1641,12.1971,35.4457,34.7094,2.0773,7.814
KtiQ4nZ6b6n5IHWApFokgzkKfpj5MtzxGsOKBS2zwlQ,testB,28.9399,26.3945,8.7955,24.7877,23.0536,6.9956,51.3343,47.0339,8.3774,33.8924,32.5435,3.9801,7.0371
L77kDhnDEsZqD-2UeLtToNYBTRey8gI5X_q5jXNgkt8,testB,42.1582,42.2573,0.2351,34.3255,36.9086,7.5254,69.2523,75.3007,8.7338,41.4602,52.1017,25.6669,10.5403
LMRhpdER4a5mtfAkWkcGi_5Lltr_Y5-yKRlYKKsRv6I,testB,25.3289,25.8551,2.0775,22.6625,22.5825,0.3531,47.4001,46.0727,2.8005,33.3217,31.8784,4.3314,2.3906
MCJTwdYUwGWP_9q1M5VWBDMCn-wpAkoXchzv1piAsmI,testB,28.1868,27.6767,1.8097,24.8263,24.1735,2.6295,56.0787,49.3187,12.0544,37.0291,34.1244,7.8445,6.0845
MtUohvFgj2NX2MFhcLamQ_bJz5fOGfdVJgCD1vdI53s,testB,24.0003,24.9701,4.0409,21.1601,21.8095,3.0691,48.1887,44.4956,7.6638,34.0197,30.7872,9.5018,6.0689
LeCGtlzUFtZP6Nie0qM1oT0ekp_TxQaccvBn_DyMdqc,testB,28.5675,28.0671,1.7517,26.593,24.5145,7.816,48.5106,50.0143,3.0997,33.0614,34.6057,4.671,4.3346
N8lTUHTD3JXcIQtTMNKhmzLBPajzI8tqLo1uJUVy_18,testB,26.6165,25.253,5.1227,24.4869,22.0566,9.9251,52.2316,44.9996,13.846,37.9307,31.136,17.9136,11.7018
K4yuVuCoqLGRjHV5BUmqDdfHZZqUqgSJXYM5Gr13Bv4,testB,37.9527,40.128,5.7315,32.745,35.0488,7.0355,69.0004,71.5063,3.6317,46.4285,49.4763,6.5646,5.7408
N1iLWrIpDkxDyjcZb-It95lRyaa962Zzwqavgsp_yGs,testB,27.6492,27.4372,0.7666,23.3415,23.9643,2.6682,53.2859,48.8918,8.2461,35.5059,33.829,4.7227,4.1009
KLTrZbpVfBq8gREmwKKoefd9owIgDVeQsTFxMu210NY,testB,34.3528,33.3802,2.8312,27.2026,29.1551,7.1777,62.0263,59.4821,4.1019,38.6347,41.1566,6.5276,5.1596
NU781sAsq4b4CtVf1wqf-ivPX0wwDn64WJUL1ZCkTQg,testB,44.691,42.6424,4.5838,33.1594,37.2449,12.3208,72.4698,75.9869,4.8531,46.2654,52.5765,13.641,8.8497
Na63kNYZzrEHInX4Pld0pc-1FmUsWwHvzJI7w_Srtgc,testB,30.6877,29.7086,3.1905,24.9103,25.9482,4.1666,52.5229,52.9394,0.793,37.0413,36.6296,1.1115,2.3154
N_v-B6rOBm2zBgvH8te-ogcddG6Q_QuZVyWXuu_nrkI,testB,31.6923,32.0688,1.1879,26.9204,28.0097,4.046,52.2984,57.1451,9.2673,34.3809,39.5396,15.0046,7.3765
LIYKBlhyjwMidV3G3uol5s3JXNimymtR5lma4KThWks,testB,26.262,27.5497,4.9033,24.3583,24.0626,1.2141,50.9736,49.0923,3.6907,37.0846,33.9678,8.4047,4.5532
NkZbQWliIwOJ1C4CUNPbGMusJ9dNu-5gbuTCE2wvBK0,testB,28.3313,25.794,8.9561,26.2521,22.5291,14.1818,48.4487,45.9637,5.1293,34.7102,31.803,8.3756,9.1607
NstLEdWIquRPVL4FtyjfQu5cMWSx_896oZSU_6cMdr0,testB,30.5325,30.7516,0.7177,26.5077,26.8592,1.3263,58.9182,54.7981,6.993,39.6576,37.9156,4.3925,3.3574
Ns_Npd_7GGwT1H6sxT2HkH6CBABI6NGFKPEgcza7_Ak,testB,28.5906,30.1938,5.6075,24.8031,26.3721,6.3257,49.1331,53.8041,9.5067,35.2172,37.2279,5.7095,6.7874
MINO0brW1_rwuxlK6qL5PLK3mFBQe4i4hO2cjxJbelo,testB,41.826,45.2298,8.138,33.2676,39.5048,18.7484,74.5039,80.5974,8.1788,46.7388,55.7666,19.3156,13.5952
O5SXSso26InqB8u8nVz1HqKx_QfzDDR4OKZGAXYO878,testB,33.204,35.5364,7.0247,27.5153,31.0384,12.804,57.3131,63.3243,10.4884,37.1407,43.8151,17.9705,12.0719
OMKVe2JAZ7Omn-5otiXCiiYPbwdWDvNXUHHhEkTKN3Y,testB,33.5541,32.5672,2.9412,27.6064,28.445,3.0378,63.3543,58.0333,8.3988,42.0188,40.1542,4.4376,4.7039
NJlhDoVygMEP13fab6sfzY35QwuQEnNzpFM8xVgvODU,testB,33.7827,38.3124,13.4086,27.333,33.463,22.4271,57.75,68.2711,18.2183,40.2271,47.2378,17.4279,17.8705
On9nvvHciXProeyQXc4Ri7faRUQnUedSDhrsBB-4zX0,testB,25.7674,24.1728,6.1885,23.3437,21.1131,9.5555,47.8441,43.0748,9.9682,35.5605,29.8042,16.1874,10.4749
ODuK-nE1GXeZcIl0NeN_jBxCzTMZpnBnOTcnOmFntOg,testB,36.1674,36.6584,1.3574,27.9114,32.0183,14.7143,59.051,65.3236,10.6222,43.2127,45.1984,4.5953,7.8223
OvyEaZuMCNilPx5t1XZqZZLSW-86CWI51q7cDZFHqCk,testB,31.9516,35.6411,11.5473,26.2563,31.1298,18.5614,57.9551,63.5108,9.5863,41.9281,43.9442,4.8084,11.1258
OpIs8h7XjnWcRtjw1UZPg1C_lAOIBQj978VsPp2I5DA,testB,28.8878,30.4012,5.239,27.5405,26.5532,3.5851,51.4703,54.1736,5.252,35.7694,37.4836,4.7923,4.7171
PsPb1_Y-xHLFmJ77Eu31HDfArlxoAzSN0v53MQA_Sik,testB,34.515,32.0563,7.1235,26.698,27.9988,4.8722,67.7073,57.1229,15.6325,43.055,39.5243,8.2005,8.9572
NkOV3o6p9Z6hfBDMNP1F9017tpOIn8JsDky_da8A2Oo,testB,29.4415,33.9327,15.2548,26.8113,29.6377,10.5417,49.7151,60.4666,21.6263,34.5733,41.8378,21.0119,17.1087
O-WUYdJIDRNO9f1P-24DLIndqZa-IExQTRgKGbnXvqU,testB,25.8657,23.4701,9.2616,24.0644,20.4994,14.8143,46.9407,41.8227,10.9031,34.2281,28.9378,15.4561,12.6088
PZChhSxVuyO9f5UK6WhnoQBCrQvCG0QpFcT8l26ygZY,testB,24.9124,23.2115,6.8273,23.2911,20.2735,12.9559,46.8492,41.3619,11.7127,35.0696,28.619,18.3939,12.4724
Qoex7Nn4NUcDKndMUpAxaK3YZp3Ld53G5rXWai6ogBQ,testB,22.8441,25.038,9.6036,20.6734,21.8688,5.782,45.6719,44.6165,2.3107,33.0148,30.8709,6.4939,6.0475
Pj48rRZVF9CVJ_MltMZwnDXNybqa0l-S2o6aWqxVPBc,testB,31.8351,32.114,0.8762,26.734,28.0492,4.9195,56.2903,57.2257,1.6616,40.9432,39.5954,3.2921,2.6874
OOii9fHGTjHrKyuFhsKUyvSFSRDN4ebpt-yR6gK7Uh8,testB,34.4231,33.0556,3.9725,25.827,28.8716,11.7884,55.9539,58.9037,5.2718,39.8616,40.7564,2.2447,5.8193
RBvdQf0N8v_cb7bIkfAnJ4-ePj2_0qzlApAcHXvDly0,testB,27.1224,27.6112,1.8021,23.5843,24.1163,2.2558,49.7452,49.2019,1.0921,33.1527,34.0436,2.6873,1.9593
QRGlgUXKL5x0xOqFjD71FrwBg1ewMY1fF0nPMB_7fYA,testB,26.9106,26.4544,1.6953,24.1979,23.1059,4.5125,47.5048,47.1406,0.7668,36.0849,32.6173,9.6095,4.1461
PMRjxBjzHBVxfATw1fX5GG8Ksyp_7BkqdyWaDvho-tc,testB,23.9781,24.0179,0.1659,21.7812,20.9778,3.6883,43.869,42.7988,2.4394,30.5214,29.6132,2.9758,2.3174
SIHAb6fgQDObq-GM6uTbh6snDvVmC0A2B-GKzkEUssI,testB,36.7185,35.9497,2.0939,28.7173,31.3993,9.3396,66.9708,64.0607,4.3453,39.1536,44.3246,13.2069,7.2464
R7EmGW8u0dw6dk6_g2Slckq0QQ2DwBvT5Wh0vZtRgD4,testB,34.0163,35.9366,5.6451,27.6143,31.3879,13.6653,59.0758,64.0374,8.3988,39.5373,44.3085,12.0677,9.9442
Qg_1gS-w_FZnpERPqh8qtVuvG0mC09gNs1SZ076J9P0,testB,26.0646,25.4737,2.2669,23.9044,22.2494,6.9237,46.4481,45.393,2.2715,31.6133,31.4081,0.6489,3.0278
RJNhxRjFu2mxTZ30pWhdRfaPNQaG0BrZ3G4Yab23rJ4,testB,31.2803,27.4752,12.1646,28.2057,23.9975,14.9196,55.009,48.9596,10.9971,41.3675,33.8759,18.1098,14.0478
R8NuQWMLxyAqIMg7Qpko_JpOGiaFOPPPtRJyO7M0EKI,testB,32.1523,30.9416,3.7654,27.4691,27.0252,1.6162,53.1286,55.1366,3.7796,33.9916,38.1499,12.2332,5.3486
QJfMd225tzMV8XFrpwqTEYK9xUXkIkXXVbtrtU6D2HM,testB,26.5478,29.6584,11.7168,21.9798,25.9044,17.8552,47.3653,52.8499,11.5794,36.1469,36.5677,1.164,10.5788
SuHT4VFjz3c-u5kPENTxcyiiIfbmuY54LLExUy_fGm4,testB,26.0028,26.2485,0.9449,23.8327,22.9261,3.8043,50.6756,46.7736,7.7,35.2502,32.3634,8.1894,5.1596
SzgZGEskBxSeXe2uoQ9AeQf_rbBcDh5JjoF2XS4W8ag,testB,31.9542,28.2505,11.5907,27.7576,24.6747,11.1066,52.8689,50.3412,4.7811,38.1082,34.8318,8.5974,9.019
S96FNXGFNwHK6maWsuqxSSV7ZuiROU8ugIViJYxc98c,testB,24.2359,24.0221,0.8822,21.3939,20.9815,1.9275,45.4362,42.8063,5.7882,30.0088,29.6184,1.3012,2.4748
R-uZM5uDBDxVmu9mPv3JJbVGJTmo0T3G52H5Qs3XpKk,testB,30.4493,27.0929,11.0227,26.477,23.6637,10.6256,53.9082,48.2784,10.4433,39.2091,33.4046,14.804,11.7239
TOtQ_v8BNfJOWAO-S2m9Stbi7-LlLuQbNFo42V_NBMM,testB,27.035,26.7473,1.0643,24.156,23.3617,3.2883,49.373,47.6624,3.4646,36.1125,32.9784,8.6788,4.124
Sv7G5bjjzfSMgaP9mI0t7tlPxz2_X_XHR2pHH5PfgIw,testB,29.323,26.8804,8.3298,25.9191,23.478,9.418,55.1836,47.8998,13.1993,38.4082,33.1426,13.7096,11.1642
TlIG_3sXZLuH7T9nQMivDNnzJn4fFYQy1P0KqC3ldUQ,testB,28.0928,27.1721,3.2771,24.9027,23.7328,4.6978,48.4886,48.4195,0.1425,34.8748,33.5022,3.9358,3.0133
RJ8cPrCV1zY7oR0FsOf7SisLFKl8GQr6SFHuGHEm_5A,testB,28.671,26.2853,8.321,24.5049,22.9582,6.3118,50.702,46.8392,7.6188,37.5479,32.4088,13.6869,8.9846
Td6kxoGAg5AwM1imBFbc30-x8CCOF3aBC1G-ZpeUaVk,testB,29.678,27.9462,5.8351,27.4967,24.4089,11.2296,56.6128,49.7989,12.0359,37.3291,34.4567,7.6949,9.1989
TpKPp47HoA807XrETDbC9bDhKoirCmnJfVT6yE3R9Vc,testB,24.5679,24.3053,1.0691,22.3509,21.2288,5.0202,49.8439,43.3109,13.1068,35.9798,29.9675,16.7103,8.9766
SkGkB_nxSWIrR1nPm021UAlPqKb-hUSVnqNxf5DZiSo,testB,28.2524,25.0048,11.495,23.9688,21.8398,8.8822,50.9369,44.5574,12.5244,35.7281,30.83,13.7094,11.6528
UNxDQmJU62GSnqUfq7T1Bj958mAkGW0elwAyhsoj4pk,testB,33.7375,30.7709,8.7932,26.7845,26.8761,0.3417,60.6039,54.8324,9.5234,39.3504,37.9394,3.5858,5.561
U--TFVlYwMGzYt80Abyn0wB99EwmbY0gcga35WEQ1fI,testB,28.2034,26.8603,4.7622,23.0762,23.4604,1.6653,48.808,47.8638,1.9344,33.8313,33.1177,2.1092,2.6178
U5odvYdNQNabJPINniKdxmribHCOH4UXSBixAe_Qe-o,testB,25.1972,22.4738,10.8085,21.7976,19.6291,9.9482,46.0071,40.0472,12.9542,32.5703,27.7093,14.9247,12.1589
T5_1Ztx0qIBb3WNgY74c1ifECdjCEAQymJC7rNUFTQk,testB,34.7323,37.905,9.1348,28.1106,33.1072,17.7745,66.0173,67.545,2.314,42.065,46.7355,11.1028,10.0815
V6jr-aA22MaxiaYEruDoNWu25IxqKfO8dNTvxnXLElc,testB,30.7744,26.1163,15.1364,25.2299,22.8106,9.5889,47.0143,46.538,1.0129,34.3404,32.2004,6.2317,7.9925
URsAqyO4RDQ-SlMDOJ-GlD0OVoCh256Pf_XYtIJHoU4,testB,26.2172,24.1177,8.0079,23.2007,21.065,9.2053,46.2322,42.9767,7.0416,33.0185,29.7362,9.9406,8.5489
Vu3CEIT1WYp4K9S2HWJ3qzqZLWD4PST3jbsITykDpQU,testB,25.0571,24.4514,2.4175,22.2812,21.3564,4.1503,50.0815,43.5712,12.9994,35.0944,30.1476,14.0956,8.4157
UjdkaKfwVBHiRzjusSnW42fMvC05bsrSFp5KPnZ6tvM,testB,31.3413,28.9845,7.5199,25.0216,25.3158,1.1759,55.5771,51.6491,7.0678,36.5377,35.7368,2.192,4.4889
TnqnaOTE6NFO_PYJVwdLVDHyNv4ijA1r2ZblCl_Gr2Y,testB,27.3216,25.0016,8.4915,24.9879,21.837,12.6096,48.5924,44.5517,8.3154,34.9049,30.8261,11.6856,10.2755
WL-KMPCuuVLSa3mJyiNXnGTHvoygZEl4u0URI5DWULc,testB,42.7238,42.3559,0.8612,30.9221,36.9947,19.6381,73.7322,75.4762,2.3654,48.0217,52.2232,8.7491,7.9035
VJZOdVq5nG7XxV9OSj6ZJ90OTwNMAM_rdMZw4vpw0T0,testB,28.5811,26.9516,5.7014,25.7259,23.5402,8.4961,53.84,48.0265,10.7976,36.8,33.2303,9.7003,8.6739
VdspwHpdezYz_ZH-2zjnQS37EeaVEWdgicBUYk-U6CM,testB,22.3208,22.6618,1.5277,22.3043,19.7934,11.2575,45.5044,40.3823,11.2561,30.8409,27.9412,9.4022,8.3609
Wki2pz6WfQdOY9ksDG0Z-f2NId6V-bGffuo12oubG6Y,testB,26.2314,25.5097,2.7513,22.8749,22.2808,2.5969,48.1721,45.4572,5.636,32.2292,31.4525,2.4099,3.3485
UGy_sdIHzARXHIDtWBw_lKvsTzj4WHcobmnJRQ2uiw8,testB,28.3086,27.0766,4.352,24.5935,23.6494,3.8386,53.4542,48.2494,9.7371,37.4846,33.3845,10.938,7.2164
VxgGThp0gjU9NAML00vBddEijYj-rR66kjxsfsRUqiw,testB,30.2337,33.6451,11.2834,26.4155,29.3865,11.247,53.6249,59.9541,11.8027,36.0308,41.4832,15.1325,12.3664
XBnf9606yR_xW92IU6Ojvjiix4WNWw-uqbxxo-woIk4,testB,29.4965,27.6485,6.2653,26.1597,24.1489,7.6867,50.638,49.2684,2.7047,34.301,34.0896,0.6164,4.3183
WYH5QZe9lRTXAQ-JiyDq7KCW5R0q-9At7_9JsaoJ80I,testB,33.8177,35.4306,4.7692,29.3565,30.9459,5.4142,55.5192,63.1357,13.7186,37.9919,43.6846,14.9841,9.7215
V2eo5TFgvj4wj5oyVrzB7-vwmswZEwWz762-XuRfzls,testB,28.8469,28.2481,2.0756,25.2917,24.6726,2.4479,53.462,50.3369,5.8454,37.1844,34.8289,6.3346,4.1759
VvD4Ax4aSvkvxGqw-87OJhQBUwh1M8gRJ9hrT30tdig,testB,31.3208,28.6391,8.5621,25.4963,25.0141,1.8912,56.21,51.0337,9.2089,37.9467,35.311,6.9457,6.652
X9Nl-YA79-q6fQ211shMSyfdmutrzFhAMm6Riy3lMrE,testB,32.8584,38.5936,17.4545,28.8175,33.7086,16.973,57.1935,68.7721,20.2447,39.9319,47.5845,19.1641,18.4591
VtHovDRlfLg8eIpA5u7EIwPu2FH7sqT7zsdoh3qebHc,testB,28.8079,29.9185,3.8553,25.727,26.1316,1.5726,53.6535,53.3135,0.6339,39.0669,36.8884,5.5764,2.9095
Y4e2uNX2mIJuMc8kJ-D3b3HgQehD6dXSBwqCeGMjB6k,testB,27.0977,25.8872,4.467,23.902,22.6105,5.4031,52.0416,46.1299,11.3596,35.0528,31.918,8.943,7.5432
Xu8qHbFzez_Bykc_DlvQg73scmKM7BHKkxhQy2CtNa8,testB,29.1725,26.9863,7.494,25.1181,23.5705,6.1614,52.3141,48.0883,8.0776,37.7453,33.2731,11.8483,8.3953
YOYBXyWsvE4tz70F1ntjKROmaAlKpRaatGCpWE-cHwQ,testB,23.6191,24.1906,2.4197,23.7479,21.1286,11.0293,46.1349,43.1065,6.5642,35.786,29.8261,16.6542,9.1669
WY-foI1UM6dkA9wWSrOccAMQVbZAC2ay-PY6HNyK3LY,testB,45.4872,40.4749,11.019,30.9006,35.3518,14.4049,80.9592,72.1245,10.9125,42.4496,49.9041,17.5607,13.4743
W1DhwegBSvAsBraLd1PNtjIcXFSHpIyVr7-PrEKV6BA,testB,29.4525,27.3494,7.1407,26.0258,23.8877,8.2156,52.577,48.7354,7.3066,35.5152,33.7208,5.0525,6.9289
Ylq97JrtAQT98-f2DO2SS8hFakH_M0wum2bLEq05Rts,testB,28.5305,27.9736,1.9519,25.2886,24.4328,3.3839,55.4313,49.8477,10.073,38.8512,34.4904,11.2244,6.6583
YIo9tBpN-5zvDMu_wB9S-wsjLnXi8iX2PrvTV67S0TQ,testB,35.4932,34.4436,2.9573,26.8484,30.0839,12.0511,50.7791,61.3769,20.8704,34.6146,42.4677,22.6872,14.6415
ZtCB_Rlk9ClRlA24anmshJc-yi3MsBm3w7IiD9hO3SI,testB,28.0759,29.0332,3.4096,23.9398,25.3583,5.925,51.003,51.7358,1.4367,35.1717,35.7968,1.7774,3.1372
Wyojww01j4Ki2Kcz0Ejp2wlLV-J9WXgnsLZJQI6PTTA,testB,27.8032,28.5815,2.799,24.6005,24.9638,1.4766,48.2539,50.9309,5.5477,35.292,35.2399,0.1476,2.4927
WgNsALoT75d8UikD0pyojUzeliyP0cG_O8JvuDf6Byw,testB,26.1046,26.4853,1.4586,24.1442,23.1329,4.1885,47.6368,47.1957,0.926,34.9468,32.6554,6.5567,3.2825
_ovr03EQ9z5Yb7WgWcF-GvQ1NGf6WISE41AdeKpPUHA,testB,29.0819,26.7582,7.9904,26.6976,23.3713,12.4592,54.9859,47.6819,13.2834,38.0536,32.9919,13.3016,11.7587
Yjvw2sx9u1J7SBbPbOvbiVLlAHgxoTTgLIkcRBRYkfQ,testB,30.0333,30.2847,0.837,25.6341,26.4514,3.1883,54.0362,53.9659,0.1301,37.3391,37.3399,0.0019,1.0393
XAfhSHKVLh1TufsAmAgv7vKa7lmbjgXwP90BMR0za2Y,testB,49.6329,42.0771,15.2234,32.695,36.7511,12.4059,75.7068,74.9794,0.9608,47.8279,51.8795,8.4712,9.2653
XbMFI5UdatecXydKy7zmrbNYVzDC0U5pFiTbcW1--V0,testB,26.7908,26.98,0.7061,23.197,23.565,1.5866,49.3318,48.0772,2.5432,34.924,33.2654,4.7492,2.3963
Z7esnQj4rKzaYeCyHY-vstUkv8kqEPnpJb2lWQkUfJY,testB,33.6553,30.0062,10.8425,28.2049,26.2082,7.0795,54.1614,53.4697,1.277,39.9177,36.9965,7.3179,6.6292
Y1VSDdyurSCt7P0e4BqTrw0C6w-BJdWDXjCnDF_ba3M,testB,31.6235,31.0468,1.8236,25.4944,27.1171,6.3651,56.2411,55.3241,1.6305,37.3943,38.2796,2.3675,3.0467
aaPAdgM3VmDUi5EFGFCWcT-uycp-3pjO77w937DNDZg,testB,32.7664,29.3188,10.5217,26.0869,25.6077,1.8369,57.0556,52.2448,8.4319,42.7683,36.149,15.4771,9.0669
YBu9EUNDHErCipT3oBRk0DJLU3ckB3du_10pnb_Bcto,testB,22.0769,20.9477,5.1149,20.5962,18.2962,11.167,40.3805,37.3279,7.5596,30.8771,25.8277,16.353,10.0486
_Gqw-g6nwnBszeu-RoTbJOpr51jf7a4nPhWYHGBO3j0,testB,34.8401,30.3738,12.8196,27.8794,26.5292,4.8428,61.0459,54.1247,11.3376,39.0636,37.4498,4.1314,8.2829
YJiHDNNjFmbhily1zzbtnGUxVk5sFHRBOjDZQvjvyl0,testB,24.8049,23.4724,5.3721,22.1325,20.5014,7.3699,43.8795,41.8268,4.6781,31.1052,28.9406,6.9589,6.0948
YOmie_TGN_2YWCrdKbC6lUmlftVdlLyzNk7p1id69WE,testB,35.5131,32.387,8.8028,30.4806,28.2876,7.1949,58.9654,57.7122,2.1254,39.0045,39.932,2.3778,5.1252
a-IOPcy2snxGm88ScUOW_E3XEkvO91NNKnSQuXnfacU,testB,26.7083,27.4589,2.8104,23.2792,23.9833,3.0248,49.5402,48.9306,1.2306,35.0681,33.8559,3.4568,2.6306
YkL0GKk3qFOHQeMhcd90Ow1VoP6KXH4jEzj2G9mBn3k,testB,31.7706,29.7259,6.4358,28.5152,25.9633,8.9493,53.2193,52.9702,0.468,36.0869,36.6509,1.5629,4.354
bKMYnsiSZuBYnupiy-iq6fB5nk2xewgNBHEyINemHbk,testB,30.9854,28.9716,6.499,27.2832,25.3046,7.2522,53.917,51.6262,4.2488,36.6394,35.721,2.5067,5.1267
b7IkkTbRUyhi-RbIZjSibLOfbE5qWJyWHk7GPCAM__w,testB,36.1494,39.4525,9.1375,30.0456,34.4588,14.6884,58.6152,70.3026,19.9391,42.7729,48.6435,13.725,14.3725
Z7Y5H8Rs3VwpYnrh_ldrvbf7YQsSmG6JuaeOjQP96zE,testB,26.3324,24.9086,5.4069,22.5406,21.7558,3.4817,49.4293,44.3861,10.2028,31.9844,30.7114,3.9799,5.7678
bRUIY6tfqp0SRzqphFRQ0wV5IG7CaVsT6USBUip-3xU,testB,27.0374,24.4518,9.563,25.1455,21.3568,15.0673,53.7426,43.572,18.9247,40.0374,30.1481,24.7,17.0637
ZMVjJy1LazGLdP6feEfT8MWqpNBvw0_G0GfNsbwqvrQ,testB,36.5252,37.1119,1.6062,27.9698,32.4145,15.8911,58.3847,66.1318,13.269,37.2232,45.7576,22.9278,13.4235
btOHuy9F574uufhlQE4b0KKjMzeZ5MVkUWK4XJstSfQ,testB,27.7729,27.7707,0.0081,26.7657,24.2556,9.3781,52.4433,49.4861,5.639,36.4517,34.2402,6.0669,5.273
_3-R25JI0YzASz7y_uVjaSarVvBOgqdH232OnjLTc3k,testB,28.2875,29.6661,4.8737,27.0315,25.9111,4.1446,49.6634,52.8637,6.4441,35.7026,36.5773,2.45,4.4781
c2CHx2YHCJjx_nf5thSriGeQUY8GJL5Qzy-f9018xIQ,testB,23.5002,22.9613,2.2934,21.1244,20.055,5.0625,44.8697,40.916,8.8115,28.9318,28.3104,2.1477,4.5788
_OwGY4b-GDYGS_ItNTmO1Pe7iffOPxQYXfOA_PwArrw,testB,29.0706,29.5633,1.695,24.6662,25.8213,4.6829,55.6215,52.6805,5.2876,40.2712,36.4505,9.4876,5.2883
cDIyarQNfRqEmwKfPmk5N2AdnyRBD_11FgqJqOa4Jrs,testB,34.5284,29.7078,13.9613,30.2918,25.9475,14.3414,57.1184,52.938,7.3189,37.9427,36.6286,3.4633,9.7712
_zFbooQZB3_hn2xiodGKyOwLG3NDhLQoFdaVQGCFngQ,testB,25.9658,28.5215,9.8427,21.9419,24.9114,13.5336,53.1218,50.8241,4.3253,36.7512,35.166,4.3133,8.0037
cED5o2sIjQfsgJA9c6wvxhsUTnQz6ZoqcwJCmQjnhJs,testB,34.1475,35.6799,4.4877,27.8869,31.1637,11.7505,62.7692,63.58,1.2916,38.9615,43.992,12.9114,7.6103
aHeOj3t0BEox4aP4LnA_-f1WdN2R74ZTzLBTt-i5C8g,testB,30.2405,34.3244,13.5048,26.3746,29.9798,13.6693,54.1876,61.1646,12.8756,35.6565,42.3207,18.69,14.6849
cM8HFlUJ7XCSJtkUITL70STBcS0S_1tuKK4Mlt8c2eo,testB,30.3229,35.2256,16.1683,26.6828,30.767,15.3062,53.762,62.7705,16.7563,37.2931,43.4319,16.461,16.173
azAuKnRCthiDdYjhiQQTg7_lMKwEE5VTRwu5XRhdiww,testB,32.6167,32.5137,0.316,28.1771,28.3982,0.7849,60.2276,57.9379,3.8017,39.6834,40.0881,1.02,1.4807
cTfAPRBOZ-XM_N5yTgv5klsdslP7k3shffq5KzfSs3w,testB,28.1953,25.6457,9.0428,25.0845,22.3996,10.7033,51.5578,45.6995,11.3625,32.8833,31.6202,3.8412,8.7374
b8lbSlmABHQ3WjdWXt7FDitnjCHBSkUz42oLXRqu_DU,testB,25.6568,24.7016,3.7227,22.8353,21.575,5.5192,49.2265,44.0172,10.5823,36.6859,30.4562,16.9813,9.2014
cvDF05jdSdIyiAp3A7bMnxg2KZ0zwUksDXYsLW1w2NY,testB,31.0668,32.9719,6.1321,26.85,28.7984,7.2567,53.4082,58.7544,10.01,37.0699,40.6531,9.666,8.2662
bQR-tfBhbWL0hmBtlHxCywBTXGeunwcwUtMmrkhN-TA,testB,38.1687,39.0327,2.2636,31.3505,34.0922,8.7451,61.2069,69.5546,13.6384,44.4517,48.1259,8.2656,8.2282
dvjGm4-TJHm2M9vd8Pz8yfzM6iMUytUB_WwBVu3oP6o,testB,29.7008,31.1563,4.9006,23.9447,27.2127,13.6477,50.5395,55.5191,9.8528,35.6778,38.4145,7.6706,9.0179
d9tIaDZjr8t9DJAstEk0Tx373Ni-r80URAlZkLsDGr8,testB,22.5139,22.2558,1.1464,20.6533,19.4388,5.8805,43.4932,39.6589,8.8159,32.4777,27.4406,15.5094,7.838
bb50fznydqH1fgzmFijGcaLtYv0A7rthQQCCTGRlJU8,testB,27.3359,25.6203,6.276,24.3702,22.3774,8.1772,50.4626,45.6542,9.5285,33.5394,31.5889,5.8156,7.4493
c-FLYzyvzDehOYi_MJEyz_vdvLkbQEizLh9on2_HJxA,testB,27.0926,22.6165,16.5213,24.3152,19.7538,18.7592,43.7013,40.3016,7.7794,30.9275,27.8853,9.8366,13.2242
evD97JVk2hX0oa09ckL0at05ZUtRrlBG_ynLaE-qJAI,testB,25.0138,25.7776,3.0536,22.9316,22.5148,1.8178,49.827,45.9345,7.812,33.5985,31.7828,5.404,4.5219
c2wRe4_1XQ8SgSyvdQ1q_3dSqL1z6UENXH7995g_JcM,testB,26.8065,26.5736,0.8686,24.6779,23.2101,5.9478,52.0558,47.353,9.0342,36.3764,32.7643,9.9299,6.4451
cDnrwu0ja1pmgc8jHlqtuTJPdn-rIhvOF1X_Jq1pKfQ,testB,42.2005,44.3167,5.0147,32.6359,38.7073,18.6036,68.7066,78.9705,14.9387,45.4114,54.6409,20.3242,14.7203
enh8WbWz9Ol669Z5u-vLDF820m2dn9iICA9_z6jl_lQ,testB,23.7671,23.9646,0.8312,23.1262,20.9313,9.4909,48.1117,42.7039,11.2401,34.9807,29.5475,15.532,9.2735
cJhdSENkbMN0ZodggBK38f_kZJGZqkGPADVwcEohI8I,testB,26.8249,24.4371,8.9015,23.1698,21.3439,7.8803,47.4689,43.5457,8.2646,35.2197,30.13,14.4512,9.8744
fVpAG_A95WbhNPXy_ucAI8OZav8gPuR3XNf_g_fvtRU,testB,25.7858,27.3593,6.1023,22.5118,23.8963,6.1502,50.2367,48.7531,2.9532,31.7971,33.733,6.0884,5.3235
f5nHfVaq9zhTSzegIjT27PK43lmiUeYo9CKJ4xLmsMI,testB,23.1208,25.6439,10.9128,20.1592,22.398,11.1058,46.12,45.6963,0.9189,31.4151,31.618,0.6456,5.8958
ciQGNWqXFbUG0X0oOCSQdOG_LNhPYJP1CoiUAonmYPU,testB,28.2039,26.7273,5.2356,25.6335,23.3443,8.9305,50.4878,47.6268,5.6667,35.1994,32.9537,6.3799,6.5532
gbOA_pKwN8NQJzx8oh_wTCbJ5I2qdFvMEHX13gffEQs,testB,21.9579,23.9186,8.9296,20.7594,20.8911,0.6343,44.9949,42.6219,5.2741,32.262,29.4908,8.5898,5.8569
g5dXQOee9z0ycjenYwpludqK5JBLEXxA3VAPP7S9jj4,testB,31.117,31.4304,1.0075,26.4781,27.4521,3.6788,60.4501,56.0077,7.3489,37.1568,38.7526,4.2948,4.0825
hRu-siknwE4U3hmSWpoJjIoxecD8v0w0jdE62AsGPpE,testB,28.6112,29.0735,1.616,25.9927,25.3936,2.3052,52.2341,51.8078,0.8162,36.3091,35.8466,1.2739,1.5028
cPc0TYYxwjT9EmZKXpwFPnjcFFeZTveIrwhAcTXKHFA,testB,24.031,27.1193,12.8513,22.0263,23.6866,7.5381,48.0844,48.3253,0.5011,33.7914,33.437,1.0486,5.4848
d5H9abc2bG5ZGZwxq-6RviKO0P_gHhZ7Gv5-mMc7F4s,testB,25.2259,25.4826,1.0175,21.8433,22.2571,1.8947,50.4623,45.4088,10.0143,37.1621,31.4191,15.4539,7.0951
dGkbbUHmDrosO26yS6FqQgUpR8McngfEQJrRtKnfnvg,testB,25.8716,25.5017,1.4299,22.2334,22.2738,0.1818,53.2414,45.4429,14.6475,35.1791,31.4426,10.6213,6.7202
ela3K7d9qiwzugqKZNlQXf8SKGvTCYN9Uwoj6RdRDBk,testB,28.7842,29.4326,2.2527,24.5588,25.7072,4.676,49.6101,52.4476,5.7197,34.129,36.2894,6.3298,4.7446
hckJ_LzZXQZ93unUDPNdIPq4MLzZt8jGff80_MUNPI0,testB,35.224,37.7297,7.1134,30.1426,32.954,9.3272,65.2125,67.2326,3.0977,41.7839,46.5193,11.333,7.7178
hMKcIQojYeupT1_PWjV6XDlmsn_7mNWQmRChPzjIJcg,testB,28.0504,27.2536,2.8406,22.8262,23.8039,4.2837,51.9624,48.5646,6.5389,34.2401,33.6026,1.8617,3.8812
euYIzweveWQR2YkbEJBkSeRsOXNjePkXxNQdCHVc72Q,testB,36.3219,32.0567,11.7426,27.4203,27.9992,2.111,67.7715,57.1237,15.7113,44.8956,39.5248,11.9629,10.382
i-nLQ8pBTFAYSZ1v0dWF8HYcxB5cVMjztxUO6BLM0cU,testB,33.5745,37.3648,11.2893,29.5268,32.6353,10.5278,60.6629,66.5824,9.7579,41.7241,46.0694,10.4143,10.4973
hWTpGLivAaSe0tE_IqN2nFF2ArjPTUbNlC89MGdjxPw,testB,27.6606,25.4377,8.0362,26.4389,22.2179,15.965,50.1425,45.3288,9.6,34.6867,31.3637,9.5799,10.7953
fAGmnLEVTQZRmDX0ss9x1oRHluvHWbfYFRiTKiU4VQE,testB,27.4506,29.4955,7.4496,24.9015,25.7621,3.456,48.7403,52.5597,7.8363,34.9335,36.3669,4.1032,5.7113
exQYrj23Inw0lwzxpO-GaSKJVpV_eGUNkYP6PPHZWiQ,testB,27.2288,25.8756,4.9699,24.924,22.6004,9.3228,51.335,46.1091,10.18,36.5991,31.9036,12.8294,9.3255
hhl4pbnq7wyXXtJbC_5AeQst0vxAkBEqcs2OD8wm0eI,testB,35.1889,33.0007,6.2185,31.3525,28.8236,8.066,61.1094,58.8057,3.7698,42.1083,40.6886,3.3715,5.3564
ikt5hpg4u--nWYDSMAfZXOVZhhah-YtX7p6p7q8Hg6I,testB,24.5741,24.7748,0.8167,22.8797,21.6389,5.4231,46.5373,44.1475,5.1352,30.8996,30.5464,1.143,3.1295
iMd1IQa4iCtLJGl96B-v3YLA43q5PKkHPLq_NErNHn8,testB,34.2913,34.9077,1.7976,30.9462,30.4893,1.4764,57.5679,62.204,8.0532,45.0443,43.0399,4.4499,3.9443
gFvHXmK7D_urXyN3FWXxcBCeQOEaAcke6AB4ijQy8r8,testB,22.5742,23.801,5.4345,22.2864,20.7884,6.7216,44.7401,42.4123,5.203,34.8243,29.3457,15.7319,8.2727
j9nuG_rUFdfXXsnbwL_E-XXcIiNQmUBXtDo4_b68Zos,testB,29.2438,26.3619,9.8547,26.2738,23.0251,12.3645,48.3405,46.9757,2.8233,37.3845,32.5032,13.0569,9.5248
iz7qazrukhbGGtbVjTcbN8_n7qoKwtbHgJ26GC0fhzY,testB,29.8855,34.0351,13.8848,27.3385,29.7271,8.7369,53.6487,60.649,13.0484,36.4137,41.964,15.2422,12.7281
hN73fvh_zp2hTJvv__7NmeodVl1Dxhk4XorXmnLY5xw,testB,32.1132,32.1909,0.2422,27.9383,28.1163,0.6372,54.7621,57.3628,4.749,36.6285,39.6902,8.3589,3.4968
frqbjsjabZKUohS3teZCDuv7VTYTZbHWXXAakvtQd8A,testB,35.593,43.3571,21.8134,29.1866,37.8691,29.7485,60.0209,77.2604,28.7224,40.4604,53.4577,32.1234,28.1019
jMbO1EJytxZ5pLlfOUEEBAZxdJjJcWYvYydyoiQKIJE,testB,29.1057,24.6913,15.1667,25.7596,21.566,16.2798,47.7037,43.9988,7.7664,35.0434,30.4435,13.1262,13.0848
hX65CmXWMoDEXceked4Bz4ft0eujzDmHJMUM8TcVvdo,testB,37.4948,30.9037,17.5788,30.3873,26.992,11.1732,62.4888,55.069,11.8738,40.5811,38.1031,6.1063,11.683
jk6gkCEKfRYwvt5ghnQ_-fQZ15Pp_HZAfiFAhrGodUI,testB,32.4872,33.804,4.0535,29.5999,29.5253,0.252,56.7609,60.2373,6.1245,38.0258,41.6791,9.6074,5.0094
h1R0i5v35ye65k_bqxsbs8-i-62Rft4XsClqBepNYCY,testB,34.632,33.0317,4.6208,27.7919,28.8507,3.8097,55.2002,58.861,6.6319,39.3911,40.7269,3.3911,4.6134
hsn4SIwxi7Oq1tU7M81Nc-7QDHznAaiTln5Jz04SeD4,testB,25.9244,24.9324,3.8265,22.8285,21.7766,4.6079,48.404,44.4284,8.2135,35.6137,30.7407,13.6829,7.5827
kXcmuWtWua9QBmggl8WinzOTK699TzhEB-Ppwb7FjV4,testB,23.6025,27.3638,15.9361,22.1891,23.9002,7.7113,48.4637,48.761,0.6135,33.4384,33.7385,0.8977,6.2897
jw4ADW38_ehDYm6YP4yV6se4PZRG9nDgWz9ceUwyIsU,testB,26.0146,24.5546,5.6121,22.7391,21.4466,5.6839,50.1792,43.7553,12.8019,36.1851,30.275,16.333,10.1077
hTPCGxc9IJNFoBMDF4jwHueiJYHhRBcSijcoJzltUTU,testB,33.1624,29.2341,11.8456,27.6406,25.5338,7.6222,53.1973,52.0939,2.0743,34.8356,36.0446,3.4705,6.2532
lHX6VSH7bq6HPViCboPODe1428VJgu_a_khhsTNbBoM,testB,30.9604,30.6074,1.1402,26.0113,26.7332,2.7754,53.3615,54.541,2.2105,38.627,37.7378,2.3021,2.107
ieQvI4RQ7K-7D9-xdUgq9wEYFOWlQJy1AMApllSRpk4,testB,33.9377,29.406,13.3529,29.5384,25.6839,13.0491,53.0673,52.4002,1.2571,37.107,36.2565,2.292,7.4878
hdX0tCobySqi8hLYy8c_K22HD7YBC97Hx2wkqA0MrF4,testB,26.5842,26.2227,1.3598,22.4845,22.9035,1.8638,50.8891,46.7276,8.1775,33.4183,32.3316,3.2519,3.6633
kmHT8QMfCU_tKs4IRz_HopuquzIQN4F8iJrv9uixchc,testB,24.3797,25.0122,2.5943,22.9054,21.8463,4.6242,48.0765,44.5706,7.2923,36.5991,30.8391,15.7381,7.5622
mNmNJAO5YfrQkqGe_gEMVbmpSzq3NOffDz3VbzAfnbQ,testB,23.8034,26.1695,9.9402,21.3031,22.8571,7.2948,53.8365,46.6329,13.3806,33.7925,32.266,4.5173,8.7832
lbVpxtyZE8Wp-YG7vcPrkT-QhfopxEMG-nBXwgdqY0g,testB,30.4954,36.8178,20.7322,28.2075,32.1576,14.0039,56.3852,65.6077,16.3563,38.1575,45.395,18.9674,17.5149
j7DEL6vSQ6axTzcQzLuswrQ-oCXpNjdZ3aXhK9TQttg,testB,34.9185,37.4056,7.1224,29.0013,32.671,12.6534,57.461,66.6551,16.0005,39.1899,46.1197,17.6828,13.3648
mslHtKkmzUdhwB9SQxLFjeRuXoXnGX1lt1xLStedw5E,testB,26.425,26.7108,1.0818,24.6088,23.3299,5.1968,51.9644,47.5975,8.4035,39.5155,32.9335,16.6567,7.8347
i2Bwkg7Wa4-SOZArgVeunqx2ZyrjaYk1NA-g4Da8VCg,testB,35.5417,32.504,8.5468,30.2397,28.3898,6.1175,58.4499,57.9207,0.9054,43.042,40.0762,6.8905,5.615
mmOmP7TCGUdK25p1IvmmBm2GlwVF7FT8u5cIcrd1cTY,testB,25.6844,26.3838,2.723,23.1724,23.0443,0.5529,44.6689,47.0148,5.2519,32.5338,32.5303,0.0106,2.1346
jX5uELDMPHB1r9RnA1o3R_JNVNaViHpbmIxAH3v8DnA,testB,25.753,24.9295,3.1979,21.724,21.774,0.2301,47.7196,44.4232,6.9079,34.0128,30.7371,9.6306,4.9916
nY_tYlRMcPO6BiPSsGT7U7CVrJwG98ZfVdZuj-Xj0s8,testB,25.5268,27.0663,6.0312,22.8392,23.6404,3.508,50.1474,48.231,3.8215,36.1044,33.3718,7.5686,5.2323
ioKkzb2uvOMkrygpnb575gTENFeurkfTZH_oLYclNwM,testB,27.383,26.9371,1.6285,24.7242,23.5275,4.8399,48.3166,48.0007,0.6539,34.7063,33.2125,4.3044,2.8567
nS0ry-XYHsv_vUuNHsEGzWkFaLfV_-D4qcauFyU5e5E,testB,26.4944,27.6237,4.2625,25.1973,24.1272,4.2466,48.563,49.2242,1.3615,34.46,34.059,1.1637,2.7586
k1pRntj05Wsoev_SLDOZ1d6T3f6RuQxx3HxHNuy0Dck,testB,33.4841,32.7051,2.3266,26.3381,28.5654,8.4566,60.1441,58.279,3.1011,40.5846,40.3241,0.6417,3.6315
o0zjtk8Whbm9Pf77k6cVPACb4bL6zCwFw0Byny04B-Y,testB,24.6172,24.3929,0.9113,22.5681,21.3053,5.5954,47.0892,43.467,7.6923,34.5391,30.0755,12.9232,6.7805
jItTYK0W4R0KKxiAspTnrbL-GLiYWUWEntwIdq5LhWk,testB,31.8832,27.9164,12.4416,27.6267,24.3829,11.7416,47.6355,49.7458,4.43,33.3582,34.4199,3.1827,7.949
l2MmaBYj5jHK-6izflgKdfQJ9VfeMtM4zw5bXMjUpwY,testB,23.0281,24.2294,5.2166,22.4343,21.1626,5.6686,45.9166,43.1757,5.9693,34.0629,29.874,12.2978,7.2881
ndQmIqL9tdnNKKZzeQPLHaG1oLf1UBIIF3I1sHvWExY,testB,25.2596,24.5293,2.8912,21.4698,21.4245,0.2112,49.5521,43.71,11.7896,30.9679,30.2437,2.3386,4.3076
oltX4f-GEqRvJbjI2lsfXavAV39ZVaGlHOsn9S8Jdjw,testB,24.0082,22.3512,6.9017,23.3455,19.5221,16.3775,51.7477,39.8288,23.0327,35.9647,27.5582,23.3743,17.4216
lj_E0rjQIchHtS8Fo5tbDSR2pwF0GWPTCc0wJxdz8Pk,testB,41.8922,32.1208,23.3251,28.756,28.0551,2.4371,64.4339,57.2379,11.168,45.6517,39.6038,13.2479,12.5445
jpCMhSbmRPNpbDdZdI7hZd8Y9av7i5cn29ylTCJHxfQ,testB,29.2829,26.5459,9.3467,24.6659,23.1858,6.0004,53.1665,47.3036,11.0275,35.3695,32.7301,7.4622,8.4592
pPrKlT41Yvd82NOaN31WwdTZwVaTuDttLgy6FmMzRAM,testB,45.753,40.2446,12.0394,31.7025,35.1507,10.8766,79.9591,71.7141,10.3115,44.1928,49.6201,12.2812,11.3772
mrJrmDWqztxtflUdZLjP22a4Zc3BmKrenkQbNvvUY48,testB,34.4726,32.9864,4.3111,28.8614,28.8111,0.1742,57.9354,58.7803,1.4584,39.3158,40.671,3.4469,2.3476
keIXnzG2_SICqPzhM1RpNigNR2A483pLl3s2E0CGNWc,testB,32.3995,28.4254,12.266,27.0238,24.8274,8.1275,56.6114,50.6528,10.5255,40.5075,35.0474,13.4791,11.0995
oN2-idLw7Rm54q36EAA_1Jt1wJ2xzi-EzFiKcIZaayE,testB,27.9729,28.1934,0.7882,22.6874,24.6248,8.5397,53.9074,50.2394,6.8042,36.3076,34.7615,4.2585,5.0976
nX-NtISRMiZ9E5UHCG8bBtwzP-uOLBhfGt3gjXnVoaE,testB,37.0111,38.8248,4.9004,30.5342,33.9105,11.0575,62.7215,69.184,10.3036,43.7646,47.8695,9.3796,8.9103
pgOZ3BgwXku9lDmAQ7bFtQdiarb04U-RoyF4ns_Lqtk,testB,34.7643,33.2762,4.2805,32.1974,29.0643,9.7309,57.0265,59.2967,3.9811,39.8194,41.0284,3.0362,5.2572
lOVaCyaKOXi-xzihW4vbhelKwQg-J_HqxxAsSy731Yw,testB,40.0259,43.8995,9.6778,35.0116,38.343,9.515,71.7617,78.227,9.0095,49.29,54.1265,9.8123,9.5037
q08r7gS_ZvdJRTZ95a2G-2gWaLlDLF2zXWoG9uxP77E,testB,25.0639,29.5059,17.7228,22.8292,25.7712,12.8871,43.7209,52.5783,20.2588,30.2659,36.3797,20.2004,17.7673
pAsHvm5c_om0l5lFeIn3JMf1DqE8cq1hcPekPbRwa9c,testB,28.6154,28.651,0.1247,25.8546,25.0245,3.2107,51.0608,51.0549,0.0116,34.329,35.3257,2.9033,1.5626
nwAfc1j85ArcxylcM7R3QrbLOO7U9nq511DysV5fztA,testB,29.2996,26.3234,10.1579,24.5429,22.9915,6.3211,57.8656,46.907,18.938,39.3613,32.4557,17.544,13.2403
mScbYUVuYWzIFZr-Uenm7cBMPU4OJr58OZl08B6mO-A,testB,32.1183,26.711,16.8357,26.8661,23.33,13.162,56.0742,47.5977,15.1165,36.9425,32.9336,10.8517,13.9915
petaqFJr80kYQwcULgKLBZM751R31wsHcdxSrjGvw6M,testB,30.2139,28.7371,4.8878,26.0189,25.0997,3.5326,54.7938,51.2083,6.5437,38.2136,35.4318,7.2796,5.5609
oXJXeWQCkZ6XQPEADaiAImvFuO4e55ImBKrpZUlNqLc,testB,25.5349,25.3722,0.6373,22.255,22.1607,0.4236,47.1918,45.2121,4.1949,34.1446,31.283,8.3808,3.4092
n3jnfpTNc_uE4yo22sGNY67Ha74tyA4DPSJNMBEGVlQ,testB,23.3042,23.8705,2.4298,21.6175,20.8491,3.5544,47.2943,42.5361,10.0607,34.8669,29.4314,15.5893,7.9086
qFzAW1qkXMC0OZfRr7LfqyUx7Rea3XaF3s4OyyAW_Ss,testB,24.3416,24.1114,0.9459,22.0031,21.0595,4.2885,45.0452,42.9654,4.6172,30.9131,29.7285,3.8322,3.4209
prtsQucgAHLEwpVjJJ-08y6-EIzTOo2JXvizWMjWK2o,testB,31.5256,35.9962,14.1809,27.5188,31.4399,14.249,53.955,64.1436,18.8834,35.9053,44.3819,23.6082,17.7304
pCtBcyQpIqGHleYiYqjTjmAMDTnblvQxDCuAOhgDCpo,testB,31.7459,28.7325,9.4924,26.95,25.0956,6.8809,57.2364,51.2,10.5464,40.9685,35.4261,13.5286,10.1121
qonjbwPDaE7YGZe6LpVQJSuWiZ-n3ttgMF3mNrqoKx4,testB,21.3893,23.3144,9.0001,22.9862,20.3634,11.4105,41.8041,41.5452,0.6193,30.6554,28.7458,6.2291,6.8148
naYKao4sDoli1ERR94Ueil_W36fBi1-LIdN3pp7epRw,testB,31.597,31.3017,0.9347,26.9167,27.3397,1.5713,53.0168,55.7782,5.2087,40.8761,38.5938,5.5833,3.3245
q6ig-2R6NfsMqvwKFixtgth6Vr2OE2s_MBsJR_a_7QA,testB,23.9897,24.5008,2.1304,21.8071,21.3996,1.8685,46.259,43.6593,5.6198,32.062,30.2086,5.7806,3.8498
pfU05_t16cKGonnvTjwHJRJj9MuKbQIRoF0V8cO-O0U,testB,28.7037,28.5996,0.3624,26.341,24.9796,5.1684,51.9238,50.9633,1.8499,38.9529,35.2623,9.4744,4.2138
oMdk3OxkzuvOn1WINMez5L4rfCmYscyZlkWoMw3Y8J8,testB,29.1728,24.7165,15.2753,25.922,21.588,16.7193,56.6636,44.0438,22.2715,36.7848,30.4746,17.1544,17.8551
r8OVd5m4kNsF1sFnK0AGWYzd7FdrvsUdl-L3Mc656ts,testB,30.8865,31.5226,2.0596,27.4261,27.5326,0.3883,53.6275,56.1719,4.7445,35.8088,38.8662,8.5381,3.9326
qVRgS1dTySlWQtenEvTek_2pc4NXSuz5C20SnURHnfw,testB,30.4051,34.5597,13.6642,26.5501,30.1853,13.6921,55.849,61.5839,10.2687,38.0687,42.6109,11.9316,12.3891
p4x9jFL_gMbiDN8z3NIPNVSla2s9y6SEnQh8Z3d2-tU,testB,34.8793,38.6027,10.6753,29.1223,33.7166,15.776,66.1849,68.7883,3.9336,42.1642,47.5957,12.8819,10.8167
rVgKz6uA6gO8wmtxkY8oU3Fe3k6OHDOAhAPbGVpY32A,testB,24.995,24.0454,3.799,22.1887,21.0018,5.3489,47.8281,42.8478,10.4128,35.3799,29.6471,16.2035,8.9411
pSd0beSmYvV1UqS-Fj0IG1DyKzuQ7nlB5O_2BvotvX4,testB,29.4164,27.6718,5.9308,26.4478,24.1692,8.6154,48.9136,49.3099,0.8102,35.4476,34.1183,3.7501,4.7766
pyOXVTifAUGrX1JXm1ZtVzNSAAStwDjKFyyTPcX4UWQ,testB,33.7236,35.2339,4.4785,29.7926,30.7741,3.2944,60.3485,62.7852,4.0377,43.4478,43.4421,0.0133,2.956
raDZkxE9KLElp0Kb8DmbUVajIleujTF0gGsA5ZzDq2g,testB,31.7096,30.4696,3.9104,28.525,26.6129,6.7031,55.2738,54.2955,1.77,38.2196,37.5679,1.7051,3.5221
pozisiuLWWhbGu0knoxSdfwUaXBHDLyJdOqiTLAlzOM,testB,44.023,40.3366,8.3738,29.5754,35.231,19.1225,77.896,71.878,7.7257,39.8211,49.7335,24.8924,15.0286
qwAi2syHhE8Bs5J4cZWnc02YdTI6bdJ7w1q92Fnv8_s,testB,25.5284,24.3809,4.4952,25.23,21.2949,15.5972,43.3242,43.4456,0.2802,34.7543,30.0607,13.5052,8.4694
sT2J6ZYhZch-m0azKHNV9fPVY0GSLEo6mG1oYy7Dwbo,testB,28.0895,28.1159,0.0939,25.0547,24.5571,1.986,54.307,50.1013,7.7442,34.5918,34.6659,0.2143,2.5096
q1FueQkgYQ_wcgSXzw-rr9w_CFhDtWcO81iyWO-wrK8,testB,27.114,24.3997,10.0106,23.9478,21.3113,11.0093,51.9865,43.4792,16.3644,36.7205,30.0839,18.0732,13.8644
rHuEAA6EHJt4hz3VfhWpBrqR1lsecV8IHbeZXuBSTtI,testB,24.6287,26.1577,6.2083,21.5268,22.8468,6.1317,48.5729,46.6119,4.0373,31.3676,32.2515,2.8177,4.7987
t87BNp4IidvRYkVaw2FCTjX4C2HZd-Ns-WGMZHiBQtA,testB,28.1442,30.1683,7.1918,25.5034,26.3497,3.3182,52.7152,53.7585,1.979,38.2001,37.1964,2.6275,3.7791
rXs46k2bHAvb30z4uJzjiDdJVFrKkC4ZkvLGHHWgjtk,testB,33.1709,32.2162,2.8782,29.2991,28.1384,3.9613,53.8697,57.4078,6.568,36.5844,39.7214,8.5747,5.4956
q78uAr4pc-2XghQ2yeabIl1r8Ii76ZC1BNWDnHtieic,testB,33.4646,33.0233,1.3186,29.1453,28.8434,1.036,55.8391,58.8461,5.385,39.4525,40.7165,3.2039,2.7359
qQGbqsURx9HairHR7N6yhVQw3uN4EvGVfWGbE-RtO3g,testB,35.9968,37.7659,4.9145,28.4555,32.9857,15.9204,60.1387,67.2971,11.9031,42.6054,46.5639,9.2913,10.5073
qY9aOKuirc4g-3LxZYZYvrZcKyGaf2iX2SQOQPoVdmg,testB,28.3852,30.7609,8.3697,25.4699,26.8674,5.4866,51.389,54.8146,6.666,37.0334,37.9271,2.4131,5.7339
tGvG_2rJZpK50WjbuuLzqs04zvIpJWt5wlSE1ucBzBQ,testB,28.8273,31.7374,10.0949,24.5934,27.7202,12.7141,50.7849,56.5546,11.361,34.5809,39.131,13.1579,11.832
qv6JH6LnbT2ic1L1jTazcselRAtw04meEvo10mrf-Kw,testB,32.0201,33.7582,5.4279,27.0494,29.4852,9.0052,52.6743,60.1555,14.2029,36.6649,41.6226,13.5216,10.5394
s73uwxdvhJuFb0X_OsdUA1BhMk5gx4RmzNw0cwy_2Fw,testB,30.4646,28.7878,5.504,25.2416,25.144,0.3868,56.1871,51.2986,8.7004,36.3154,35.4943,2.2611,4.2131
uBSQZTVjnHVqb8OP-BKKTHEDndvnyy0h7OvWe2cGO3U,testB,36.8026,33.8766,7.9504,31.7651,29.5887,6.8517,59.0578,60.3666,2.2161,42.0493,41.7686,0.6674,4.4214
sp4sZkTs3ceVv3gizbv3lD2PSQvkQjerP2VFEZ9Vi1Q,testB,37.2789,34.794,6.6655,31.4118,30.39,3.253,60.2973,62.0014,2.8262,40.7123,42.8998,5.3731,4.5294
qzBByobQQSjIWJl4xB_8P8RdEXgdoa1N429Qk6rmOzw,testB,22.8736,22.3079,2.4732,21.081,19.4843,7.5745,43.7317,39.7517,9.1011,31.5217,27.5048,12.7434,7.973
v1lTWJL_fmILp-MVCJP95ti6NQ6HMkF3JDH_4LhCWa0,testB,27.4874,27.3322,0.5647,24.1551,23.8726,1.1694,50.2236,48.7047,3.0243,37.6546,33.6996,10.5034,3.8154
rF5hMzRNGQQd2t2NMAdPO0puaVfSbW4WLllam0oItto,testB,27.3377,25.9907,4.9272,23.9832,22.701,5.3464,50.5529,46.3144,8.3843,35.4859,32.0456,9.6948,7.0882
vgx-3bglRTWmdrlYZxZSY0YhHRlGr5uvvzCqCrUDFbw,testB,31.5544,36.9457,17.0857,28.4869,32.2693,13.2779,58.488,65.8356,12.5626,40.2973,45.5527,13.0415,13.9919
rVjSAj4Zs8ix3cIcwV_pJ3j8wj4i-JhDRfpRds4TERE,testB,32.6663,35.1118,7.4861,28.8076,30.6675,6.4562,58.3104,62.5676,7.3009,39.4218,43.2915,9.8161,7.7648
tCOAShvXLzKE13qSmwOsQgb1JzpZczOVK0mCgCHtd6U,testB,24.1367,24.0913,0.1882,22.2509,21.0419,5.4336,48.2616,42.9296,11.0482,33.468,29.7036,11.2477,6.9794
rQ5474HoKQQuFWh9F7AhX6apIMVJQS7jQk8h30a_W5A,testB,29.4981,32.5921,10.489,26.9191,28.4668,5.7495,53.4567,58.0777,8.6444,37.2496,40.1849,7.8802,8.1908
tktjFBnHuHCRfpZ4sQwrIYs8s9s2ETdMNVcvALic8m8,testB,30.4347,31.2914,2.8149,28.2353,27.3307,3.2038,54.9803,55.7599,1.4179,41.1464,38.5812,6.2344,3.4177
vzqB2fio0A12TbuTFf9yA1x4WXQ3iLVjrZGB48I1Fek,testB,30.1677,31.709,5.109,24.8264,27.6954,11.5561,47.4298,56.5039,19.1318,35.3043,39.096,10.74,11.6342
r_qlMQvfPtcp43cElJLJVDUO3gxGNonbDVSUmTsbHz0,testB,30.495,31.0624,1.8606,26.6786,27.1306,1.6942,50.6795,55.3517,9.2192,33.1601,38.2987,15.4963,7.0676
sKLS3PYRYIwRlNcVaVcyt5PFfFFxwXUV67O704IvTkk,testB,27.105,27.762,2.4238,22.0077,24.248,10.1795,52.3421,49.4706,5.486,36.9342,34.2295,7.3232,6.3531
wKgllBySGRgqwQEV0Ty5QLsq45EviD8GB1ssvdbrpFM,testB,31.4036,29.7554,5.2485,27.7813,25.9891,6.4512,57.6232,53.0227,7.9837,39.6413,36.6873,7.452,6.7839
uf08nHj8NW5bU1jKEJqScNvFUONolbU1e2GOkQbJx4E,testB,26.6578,29.8484,11.9686,22.9408,26.0703,13.6416,49.0162,53.1885,8.5121,33.9631,36.802,8.3585,10.6202
rbLZ3JoX6YEvQ_gQ5Byu4y_HfwlX7udlhLGZr5tDMAc,testB,29.8629,29.3015,1.8801,25.8274,25.5926,0.9088,56.0372,52.2139,6.8227,38.6709,36.1277,6.5767,4.0471
v3mVsCbLKr2qKvlhPa2TfR9ijZ-amgpxTRx5n_n2Lm0,testB,30.3523,29.8599,1.6224,25.9366,26.0803,0.5542,54.2989,53.2089,2.0074,35.8033,36.8161,2.8287,1.7532
sz5sjW6rK1Gay3i2X85fGHu0FYbSh7b8q9BcKNpMq4k,testB,26.5184,26.4408,0.2927,22.2504,23.0941,3.792,48.5259,47.1164,2.9047,33.6961,32.6006,3.2512,2.5601
y0QIxvL7kr3awB6w2ZSG-FVfXKeR7DCrBsqVql7BAhM,testB,28.6024,30.1611,5.4496,25.0582,26.3434,5.1291,52.0008,53.7457,3.3555,36.6222,37.1875,1.5435,3.8694
sViq7Zrbp5qpdGZk0ZgTOX6s0Cpid5L1D4uNRseSxII,testB,30.0794,25.922,13.8216,25.5679,22.6409,11.448,53.4761,46.1918,13.6215,35.6782,31.9609,10.4191,12.3275
tGS2BVEi9Qo6wt-O3AYsb5-CTHP-rcDKjsgQTKvBLd0,testB,25.6192,25.6104,0.0346,22.3823,22.3687,0.0606,49.3344,45.6365,7.4954,31.7114,31.5766,0.4251,2.0039
vpjLNAha8VZXB2W0_4xNRPpNwYXjGJpj_nTPzMENOao,testB,29.9094,33.1486,10.83,25.081,28.9529,15.4373,59.1322,59.0694,0.1063,36.5007,40.8711,11.9733,9.5867
t9DaCSdjNVqTqRXmDIhtx0hYGqwNuQQv4x8O3Qu0En0,testB,34.259,30.4554,11.1024,29.7099,26.6005,10.4657,56.1175,54.2702,3.2917,38.3236,37.5504,2.0174,6.7193
w1-o7ZTIxV1_Ny-2JD9HhO1vMWfa1rDq7m4tMKBb6is,testB,28.8951,28.0479,2.9318,24.9504,24.4977,1.8143,57.0452,49.9801,12.3851,40.7803,34.582,15.1991,8.0826
tSVOLeQfX3V9LBcU7xp4QFboh558QEm5ucaxAVkAT2s,testB,32.2281,37.2275,15.5127,28.8257,32.5154,12.8002,57.8554,66.3377,14.6612,42.4229,45.9001,8.1966,12.7927
ybQWJXvc-zx1kYtlTwfSChUBV95bO34weqngDFBl7zc,testB,27.1101,26.3625,2.7575,22.6714,23.0257,1.5628,51.9166,46.9769,9.5148,34.3291,32.504,5.3164,4.7879
uTY5FBgjLxijNJB_uG9Phgf0RqpZGA9waXkl3cUZZOU,testB,29.44,36.2028,22.9714,24.6101,31.6204,28.4853,55.3711,64.5117,16.5078,38.987,44.6367,14.4911,20.6139
z9cb1ndBimIRPNN38mlLm5a807cBlZkUPFBz6mMM0nM,testB,33.4125,32.7812,1.8897,29.8607,28.6319,4.1153,62.5089,58.4146,6.55,43.1767,40.418,6.3894,4.7361
v3ClQb9YrQhd827TorO4lK6E0tXA7FdnOJWrVrfLSWw,testB,27.2466,25.3856,6.8303,23.3449,22.1724,5.0226,55.1302,45.236,17.9471,38.7297,31.2995,19.1848,12.2462
xxc-j-QEiwIlUhhugmK30VWxX8bhUMSvtoo7vpST4Nk,testB,28.2281,30.7253,8.8464,24.6455,26.8362,8.8888,51.4447,54.7511,6.4271,34.4019,37.8832,10.1195,8.5704
uAaeY5FmyJfEpMHU7YWHwciwCnSDkykg-eN2dn3mgEU,testB,26.9458,26.0177,3.4444,23.0634,22.7245,1.4696,50.6294,46.3623,8.4281,35.3359,32.0788,9.2175,5.6399
y8OKR7t2BZ0XWDuYRM4uFgHyLBJQQ1B8fwxjdbkH3zM,testB,34.3452,32.8707,4.2932,28.0534,28.7101,2.3409,58.3798,58.5742,0.3329,40.0895,40.5284,1.0947,2.0154
vkFxfhTE30mCmnR67HYRg68RqO8ijppJdNDL9bVf05g,testB,28.2774,30.6296,8.3183,24.6228,26.7527,8.6497,52.0502,54.5806,4.8613,34.8576,37.7652,8.3414,7.5427
ukeiRGOQVbel106MYzhFhhyhE3iWMsb6ShJdu9avS14,testB,26.3412,25.3478,3.7711,22.1553,22.1394,0.0718,48.2477,45.1687,6.3816,30.5287,31.2529,2.3724,3.1492
ywxDJa9T9e9-ISArokH6itc4fwDRTCLuOHLZzOS2Tgg,testB,23.5022,21.9922,6.425,21.8747,19.2085,12.1884,46.2906,39.189,15.3412,32.2918,27.1155,16.0297,12.4961
w0K2f8Ydmh7_1N0VxeIBKUnmvETZCTouvGfziitms5Q,testB,29.4322,29.0576,1.273,25.3097,25.3796,0.276,54.0284,51.7793,4.163,39.2469,35.8269,8.7142,3.6065
vH4d2L_hLSPylpEzrjN_HUFZ4eJEeJosXMfbaM-5lsk,testB,26.6435,26.3272,1.1869,24.2099,22.9948,5.0187,51.9665,46.9139,9.7228,35.9449,32.4605,9.6937,6.4055
xwcqD8P1nUdPsbL-3pwTrTDXXinilscO7PSOl89Ah8M,testB,28.7096,31.5646,9.9445,25.8977,27.5693,6.4548,52.8395,56.2467,6.4482,36.7088,38.918,6.0183,7.2165
vwclMeCf6yVTZohEHBar99joiWwKKky7-8CN5dqG86E,testB,27.3125,25.1792,7.8108,24.6031,21.9922,10.6121,51.4103,44.8682,12.7251,36.6661,31.0451,15.3304,11.6196
y4rG6XGshWsfjBeobfxuYIm6I1GMMCBHUYZOiAJh0sk,testB,25.1183,24.6786,1.7503,24.2456,21.5549,11.0976,48.6273,43.9762,9.5648,33.9271,30.4278,10.3141,8.1817
w1S9C2SVqoRaq78o9aRcm2V2EQgZM8QKNKon8CGQlqw,testB,25.2251,26.8131,6.2957,22.3793,23.4193,4.647,46.8276,47.7798,2.0333,32.2581,33.0596,2.4846,3.8652
ylbrWq_zykq1nB1Ru7nrQQ5CRnVtK4551CECb51_Pzk,testB,27.1679,25.1826,7.3076,23.8697,21.9951,7.8534,48.5153,44.8742,7.5051,34.2382,31.0492,9.3143,7.9951
xyvqTS26F9h3DrmT1OUeyxCqwVfpMBxpuHe4346Jv6E,testB,26.3094,26.994,2.6021,24.6582,23.5772,4.3839,45.6816,48.1021,5.2986,32.8586,33.2826,1.2903,3.3937
zCYO_1v9_1cSq5-zjqKoPweA8AOYYRDZaaggWwktp14,testB,24.2119,24.9997,3.2542,21.7018,21.8354,0.6155,48.7165,44.5484,8.5558,32.1322,30.8238,4.0719,4.1243
yJUrBXGs72HhyPUsNfLJO5teaG5VR0-Wz-fCZW-L680,testB,22.6163,25.0368,10.7024,20.9878,21.8678,4.1925,44.1759,44.6145,0.9927,34.5859,30.8694,10.7457,6.6583
z-W3VNHWddUvT2Q6UkY1YWz4bFV3UGmxWW3dKksNMmY,testB,22.3113,22.7025,1.7531,21.5916,19.8289,8.1639,44.2384,40.4548,8.5528,30.1571,27.9913,7.1816,6.4128
-494U-YoXOD8e8gkCuyaRLn4MLo5P8Dm2B1s59WBGdg,train,33.2944,31.2548,6.1258,27.5991,27.2988,1.0882,57.8728,55.6947,3.7635,38.7095,38.5361,0.4481,2.8564
-5OHO2b5mRDY1rvAf07sYYtekEEX7ViEGmvRr7l4tfc,train,28.289,29.5688,4.5243,24.8134,25.8262,4.0816,52.4183,52.6903,0.5189,35.65,36.4573,2.2646,2.8473
-5iHTazqnmWBsnUY6ymoCw1kORMymRDaUla1eNOjgvI,train,30.801,32.7146,6.2129,27.7198,28.5737,3.0807,52.9341,58.296,10.1293,39.8549,40.3359,1.2068,5.1574
-60o95b9oEE83BDV3GpsAVPA4TFvxuPPqtXEY5PApy8,train,34.6131,35.0171,1.1673,28.5504,30.5848,7.1258,58.6567,62.399,6.38,38.1043,43.1748,13.3071,6.995
-67TrwlJ3GSsqPeHaa2Nb0iQ-BKZfIx4ERysQPZ0-SY,train,24.5271,25.1976,2.7334,21.979,22.0082,0.1326,41.8449,44.9009,7.3031,29.1814,31.0677,6.4641,4.1583
-9Xvu9djN0oqidP9sUUQ-DZ6A0_upIBwARnNv7KTH3o,train,29.9406,28.4044,5.1307,26.1439,24.8091,5.1053,51.8191,50.6155,2.3229,36.8181,35.0216,4.8793,4.3595
-BdVKIwm3OGEfAEB56ar_HJqpYwmLXwhKKlyF0Gi4iU,train,29.0981,26.7282,8.1445,27.156,23.3451,14.0337,49.0382,47.6284,2.8748,37.1572,32.9549,11.3095,9.0906
-CQBOT5zSJk5ZYlZ4cgBP2x4lzzLLdPC6sIbhUHYddI,train,29.4403,36.2498,23.1297,25.0343,31.6615,26.4723,54.9055,64.5955,17.6486,37.1194,44.6947,20.4078,21.9146
-ENkfo777FGDxVRXMHmkujRtZle23u0_smgNc2pQuUY,train,29.9109,28.8923,3.4055,25.1558,25.2352,0.3159,55.3901,51.4847,7.0507,39.2823,35.6231,9.3151,5.0218
-EujjqWPZ_L0NO_RqgxJ79mA23Tjj33cYAoFaysL4I0,train,32.7485,38.2496,16.7978,26.8988,33.4081,24.1991,57.097,68.159,19.3742,37.9447,47.1603,24.2871,21.1645
-JvTra6b-sTRKwQQZ6DHxXMuRtvz2X0fkXKyrXyrcrk,train,30.6813,27.8436,9.249,27.324,24.3193,10.9967,50.8724,49.616,2.4696,35.2346,34.3301,2.567,6.3206
-McEo6mC4tLSFy7VWC75sy6J50qMBLo79tWDcaCagVM,train,39.0116,37.0377,5.0599,33.7077,32.3496,4.0289,56.8064,65.9995,16.1833,40.8509,45.6661,11.7871,9.2648
-PYkXBwbmZJNo9F8GNPxL69Oy0c4qhIOD6Zz1lLN7jA,train,28.8845,28.7511,0.4621,26.7285,25.1119,6.0483,50.747,51.2331,0.9579,36.1611,35.449,1.9693,2.3594
-QVnfQ26qAbPK2NBge_b9gErXDn4CdOYWdc4fILEjjQ,train,27.4247,26.1294,4.7231,23.5939,22.8221,3.2715,51.7962,46.5615,10.1064,35.6515,32.2166,9.6346,6.9339
-brqqjqyO72GBQPYhr5Qop65-BnuAvtFdWj2dLeVrak,train,28.226,26.771,5.1548,26.4752,23.3825,11.6815,52.3349,47.7048,8.8471,37.5755,33.0077,12.1563,9.4599
-cVyBck9teEIqY0XFjfj5XuSX-RPHG8mWNFEaP5wDWE,train,31.9537,29.088,8.9682,27.2136,25.4062,6.6413,56.2976,51.8336,7.9293,37.766,35.8645,5.0351,7.1435
-c_G-UGrzClrDaGeYF9dAts4LHTS7ucdaBFDpn_sOE0,train,29.8721,30.6103,2.4713,26.2375,26.7358,1.8994,58.385,54.5462,6.5749,39.4829,37.7414,4.4107,3.8391
-f435rmMBWdNpQenjlVoMqciq2qSKrVkdrcdeBhFadA,train,26.9004,27.8094,3.3788,22.5713,24.2894,7.6119,53.3339,49.555,7.0852,35.3718,34.2879,3.0643,5.2851
-fxrku1rAPX8f7w4HIrk9oRUecKAfNNFJd1xriLbB2A,train,29.0118,30.6159,5.5291,24.3515,26.7407,9.8112,50.9361,54.5562,7.1071,34.994,37.7483,7.8709,7.5796
-gMnbkDTbXza9PMNAhyVL5xBmz4VZQU_7eNooMMvalk,train,27.7578,27.6029,0.558,25.0617,24.1091,3.8012,53.0593,49.1872,7.2977,37.1009,34.0334,8.2681,4.9813
-gXu1nZDGq7CwAyObp3f3MhE0r5BBxuer9T15M92u-U,train,29.4776,27.0793,8.1361,24.0569,23.6517,1.6844,54.1336,48.2541,10.8611,33.4374,33.3878,0.1486,5.2075
-kOx6TND-xhoWgxKctLcShlDXu7NGp1nFzUNlIqDC8E,train,23.9128,22.6872,5.1251,22.2574,19.8156,10.9708,49.0866,40.4276,17.6403,32.1273,27.9725,12.9323,11.6671
-nb6YMhnr5iOO8SbyCamexRSVRxegqztWFmTJZM2X94,train,27.8067,26.4995,4.7011,23.2106,23.1453,0.2813,50.1293,47.2209,5.8017,34.693,32.6729,5.8229,4.1517
-sHYg3xM3uHrzxlrZ2to6JCRvfCROFtdR8BoEarbu0Y,train,28.2197,31.5116,11.6651,25.0491,27.523,9.8763,52.614,56.1522,6.7249,38.2126,38.8526,1.6749,7.4853
-tPcFq0SHXzMQftt6mXFdWmSVqSsNKLg1JAC31A9KO0,train,26.117,27.1841,4.0859,25.7074,23.7433,7.6404,47.2775,48.4409,2.4608,34.1313,33.517,1.7998,3.9967
-wY6jmX5fMbDHGzalzW89SDwCtn9CsItOPr--Z2bKZA,train,30.891,31.6554,2.4747,26.8173,27.6486,3.1002,51.3743,56.4086,9.7993,35.0687,39.03,11.2957,6.6675
-ynFzSsRfz40hlq0nzQI-0iG7wNcnj_WYYSsdOyy5wI,train,33.4545,30.0123,10.2894,28.3669,26.2134,7.5915,52.6062,53.4805,1.662,33.3748,37.004,10.8742,7.6043
0-XhQ-_PmaT9DVwpTEiOdhAFo0CD2e5T-32D899sQpw,train,30.5448,33.4694,9.5746,27.0751,29.233,7.9699,50.4724,59.6409,18.1652,38.3995,41.2665,7.4663,10.794
04OpodqGqUfmMQC987slYUMexHpuafsAbhawWfRp7wo,train,33.8867,33.8523,0.1014,28.8081,29.5674,2.6359,57.3797,60.3233,5.1301,39.3196,41.7386,6.1524,3.5049
05QGDWJaVnG3hO2Zc44lxI6oajSeypzBye5n7HiDOyE,train,33.2651,36.3521,9.2801,28.2008,31.7508,12.5886,53.3164,64.7778,21.4971,36.3267,44.8208,23.3825,16.6871
07e9Xq9EyvLh2Ub1D-IrXCKwYPbtbcKliFRPevZsW5Q,train,29.8291,31.4659,5.4873,27.3345,27.4831,0.5439,50.3156,56.0709,11.4384,35.5847,38.7963,9.0255,6.6238
0D-8Ft39MufsfV1e8PSPutSzSJ4BYLTcQYupqyYs52c,train,27.4309,27.8382,1.4849,23.0618,24.3146,5.432,53.1039,49.6064,6.5862,33.8994,34.3235,1.2509,3.6885
0E3196x5V49sGp00GuePdIl0QqWVXyzssZ92z7KBt1M,train,32.9691,28.678,13.0155,29.6078,25.0481,15.4005,54.2985,51.1029,5.8853,38.1854,35.3589,7.402,10.4258
0LE2aj67f6O62tt6mzfTs8MDHtjuLkfVeCRgMRPRmfg,train,32.5038,34.2274,5.3029,30.3848,29.8951,1.6117,56.9292,60.9917,7.1361,41.1647,42.2011,2.5178,4.1421
0SyJzPv40sIj4x5bnMVcWLCvMAdjzQIzdn4_rUMwJ8o,train,31.8376,35.7489,12.2852,27.0754,31.224,15.3225,54.864,63.703,16.1107,43.1205,44.0771,2.2186,11.4842
0Up4gP44WpK3WbvwdreR2zu-Y9s2ELCBmK14pX_Xy6Y,train,34.1289,32.8102,3.8637,27.645,28.6573,3.6617,56.3745,58.4664,3.7107,38.4426,40.4538,5.2317,4.117
0_Be70jSUDcGB5ClohaaXArKKavaPoKiI0b8OAnJFbA,train,26.4219,30.3007,14.6803,24.2361,26.4654,9.1982,50.357,53.9945,7.2234,36.288,37.3597,2.9532,8.5138
0dkJQu5l-VuhdjnK9sLKG4_uoOdje8saucJ-hKNZ6JA,train,27.3391,28.6514,4.8001,25.369,25.0248,1.3567,49.1158,51.0555,3.9491,33.4054,35.3261,5.7497,3.9639
0l9HwamjLJaTR-xGupD3A3QEifjvAZCHHfHJaD_68Mo,train,29.0364,30.3708,4.5957,25.2742,26.5266,4.9555,54.4483,54.1194,0.6041,39.5963,37.4461,5.4303,3.8964
0lIFi-M7wr7XOQFsg7QCmllcLUYOTl7RDKmWT2sH38A,train,33.3818,30.7997,7.7351,28.5386,26.9012,5.7376,55.2596,54.8836,0.6804,39.0211,37.9748,2.6813,4.2086
0llUez60571dPHH-iNUKIhyU8RNcRM3u8cJx27lOkkk,train,27.8662,24.6766,11.4461,24.3418,21.5531,11.4563,54.5218,43.9725,19.3487,36.3058,30.4253,16.1971,14.6121
0nUGCGJVMuW97nuWEcXti8w-lDDCvyrOgT7RzfE_C1I,train,28.264,28.3813,0.4151,24.2654,24.7889,2.1574,56.1299,50.5742,9.898,36.2423,34.9931,3.447,3.9794
0qRH3UAnRSlRrPNxpd94zBYVRZViXIJ98JiQOkF9TOY,train,34.0215,30.2004,11.2314,27.0575,26.3778,2.5122,60.2433,53.8158,10.6693,39.7166,37.236,6.2457,7.6646
0rGJdyxMb1htbhTkMtbdeGGj8aPapDY8PlclNf3Ofy0,train,33.1327,32.8681,0.7988,25.945,28.7078,10.6485,60.0051,58.5695,2.3925,37.4149,40.5251,8.3128,5.5381
0vRZm0dhtNM4orubmIwUF3jrQIrdfgT7muMh1MTc7JU,train,35.0276,31.5953,9.7989,30.7415,27.5961,10.2316,56.7686,56.3014,0.8229,40.3383,38.9558,3.4271,6.0701
0wqJ7taytlPRIH9JbcedVeXCM-qNjXS0lJNhCa6uAG8,train,38.409,38.937,1.3747,32.8324,34.0086,3.5824,63.7138,69.384,8.8996,45.1413,48.0079,6.3503,5.0518
0wvZ5ZeHgraG0oQGr38yR75PmIG9-hXYnUWW0uJqWtE,train,33.6701,33.0142,1.9479,27.6291,28.8355,4.3664,61.3396,58.8299,4.0915,37.3058,40.7053,9.1127,4.8796
0x-RaRStbYT1TxaqugxFubx4wwvvxaS4S4RXnEdxy24,train,32.4718,32.2478,0.6898,27.3824,28.166,2.8617,55.0383,57.4642,4.4076,38.3362,39.7604,3.7149,2.9185
0xWjwj_aCohCfNcyM7YqLJOLuJlGUsbKftfSUjwaHys,train,27.3039,28.8305,5.5911,24.6228,25.1812,2.268,48.7083,51.3746,5.474,32.8072,35.5469,8.3508,5.421
0y4e4KTgGq9H2hcWW9tEQ8bvwYYmAbKm8lVWlSg2l2s,train,35.2907,30.5591,13.4075,29.3277,26.6911,8.9903,55.6951,54.455,2.2267,37.7685,37.6782,0.2391,6.2159
1-Z2ZgpojmGFUzkcCbcse4YJKzOIF6LNchJsfy6laU4,train,23.7247,24.179,1.9151,23.339,21.1186,9.5137,48.0821,43.086,10.3907,34.7426,29.8119,14.1922,9.0029
10YcTVisuXzRDPGPFNYphp0w4emPdwGN6E_AdsLTuPE,train,31.9827,32.0293,0.1455,27.832,27.9752,0.5144,56.8397,57.0747,0.4135,36.7408,39.4909,7.4852,2.1397
13pX7gY7asIuwkUe84q-h_Y4ih0x3AWA_elpNZmNBKg,train,25.2624,22.923,9.2603,21.5793,20.0215,7.2188,47.0913,40.8478,13.2582,31.3471,28.2632,9.8377,9.8938
141fFgYgNYIebFV2uIE7jmH7kHRAV5NMbFzQz7Her0A,train,35.6375,38.0343,6.7256,30.6142,33.2201,8.5122,60.5109,67.7754,12.0052,41.1289,46.8949,14.0193,10.3156
14jpgC_nNGPOffvAQo4KbTLvFLaJKqAloOYHFvSaP14,train,32.6548,33.3171,2.028,27.3021,29.0999,6.5852,60.3649,59.3695,1.649,38.3601,41.0787,7.0869,4.3373
16g6TwQ2kASxk7A66mydC1_YTQ2uY_-eDhUVKIRiXgY,train,28.3427,28.8577,1.8173,26.1458,25.2051,3.5979,49.3302,51.4232,4.2429,34.1628,35.5805,4.1501,3.452
18UYtlOrWXTtl9rdyTZn15jBQQas9SHzofFmCJwC3Xw,train,27.9147,28.6661,2.6919,24.1263,25.0377,3.7775,57.1133,51.0817,10.5607,35.3176,35.3443,0.0754,4.2764
193hZ00YkXnJkiKzfa2uKF-9sbT7ixqG4KWzAPVvtXU,train,27.1478,26.7216,1.5701,24.9836,23.3393,6.5814,52.2127,47.6167,8.8025,35.6215,32.9467,7.5088,6.1157
1BrP3UbGJXblnMCCmaNTIbGGRJ6SqexqQoEqqFU6z_M,train,34.7766,37.399,7.5408,30.5028,32.6652,7.0892,55.1772,66.6434,20.7807,42.4183,46.1116,8.7069,11.0294
1D-rS4ceivG5o5yI7oRT4XD61IjRxaI_SeFBoqHYems,train,28.4145,26.4617,6.8725,24.2998,23.1123,4.8868,54.6633,47.1535,13.7383,38.5614,32.6263,15.3915,10.2223
1EDRp_apkqyIjHTghIXLzqX30_MDFtPqhAYeUyF2tL4,train,30.1416,29.1412,3.319,26.0224,25.4527,2.1894,55.196,51.9284,5.9202,40.47,35.93,11.218,5.6616
1F0kEDeQXT7IOic6etMSOANMhH7SvKE1o-THF11ugdw,train,26.6533,27.5625,3.4112,23.8824,24.0738,0.8013,51.9018,49.1152,5.369,39.4591,33.9836,13.8765,5.8645
1FlMko83MyFjTP3omeOx1W4681uhSXnoRR3033NvgIQ,train,30.9066,31.3113,1.3095,27.1346,27.3481,0.787,55.0062,55.7954,1.4347,38.7972,38.6057,0.4936,1.0062
1KHGLs9WZ5DC5OlRtIIaOS8al8ZWyNHaceOQAoQOY30,train,28.7361,26.7339,6.9676,25.8914,23.3501,9.8153,52.2473,47.6387,8.8207,30.2647,32.9619,8.9121,8.6289
1KrwWNhtm7WrMFYURvkl4aTk_3kOdqtVURRKQoYX8XQ,train,28.0945,28.8383,2.6476,24.2052,25.1881,4.0608,50.1781,51.3886,2.4123,36.5062,35.5566,2.6014,2.9305
1O_1SXmeJeAIGAwsimF0FPABBDNeyt-g8sEjnzuFFm8,train,32.5701,37.3606,14.7082,28.0543,32.6317,16.3162,53.1147,66.5749,25.3418,42.6098,46.0643,8.1072,16.1183
1R3W5ez3wY5D5sZtyTt4I65vfyeqoonQf8cItdkUyqw,train,25.9974,24.871,4.3325,23.9764,21.723,9.3985,45.3937,44.3191,2.3674,34.208,30.6651,10.3569,6.6138
1TYQwmLcrqpxUdvWkRYWQi3SsbCB9gNLSkZPuGCLzRA,train,36.1322,40.901,13.1981,31.6614,35.7239,12.8312,62.3636,72.8837,16.8689,47.1673,50.4294,6.9159,12.4535
1URL293v7fRtwuqARugrJik3jCDPz73GZIcPzdhd56A,train,28.0819,30.0937,7.1639,25.0326,26.2846,5.0012,57.0207,53.6256,5.9541,39.0765,37.1044,5.0467,5.7915
1WpL1xrpK6-DNwrAp8FakKOzGZLAZmeYw17ZmyaPF8w,train,29.9559,34.0875,13.7925,25.9256,29.7729,14.8398,52.0662,60.7425,16.664,39.3833,42.0287,6.717,13.0033
1WwQ2-G5PJORq2Kz-d4p3pBAoPf8qHuIw2GtsE25bEQ,train,27.6187,24.2647,12.1438,27.7345,21.1934,23.5847,51.217,43.2387,15.5775,36.3057,29.9175,17.5954,17.2254
1dEksCPtmvHdXrxX4eFMK4g6U1mVMc1Jln7Xmw4Mhl4,train,30.0279,31.0262,3.3248,27.8772,27.0991,2.7913,53.6105,55.2873,3.1278,37.2008,38.2542,2.8317,3.0189
1eyiZ_Rvz8UaYjXqcnoxSDSIOJNFEtE3wALP1pOVFWo,train,27.3263,26.4249,3.2987,24.1223,23.0802,4.3202,52.5013,47.088,10.3107,37.7794,32.5809,13.7599,7.9224
1h1YOTgYdWkDBeOowQ-UOSkvmV6JjhMOMvP8xNGMg9k,train,33.7356,30.349,10.0386,28.5917,26.5076,7.2894,55.6885,54.0806,2.8875,38.6542,37.4192,3.195,5.8526
1hW_MCqKCiuyI_RdcwYn7k0pFVsCyG5epVA4Lv-4jGU,train,27.4379,27.3279,0.4008,23.3164,23.8689,2.3697,52.7835,48.6972,7.7417,37.1692,33.6944,9.3488,4.9653
1iNLc9Y7A66Ulg98SZyMiKgeyOdmugfXlmXEYSMa7iI,train,28.5121,28.4782,0.1187,24.3125,24.8736,2.3078,56.8471,50.747,10.7308,38.8683,35.1126,9.6625,5.705
1jLl8NjQyHVM95IHGnTZBxoQ4OX-3fbF06vMmE6Ynr8,train,26.9697,28.8183,6.8543,24.9522,25.1706,0.8754,48.7329,51.3528,5.3761,36.4689,35.5318,2.5695,3.9188
1nSApcOD6a09iy7U6DOEzyGvDHe9c6-z2lrg56PkEww,train,28.8331,27.4384,4.8374,25.2938,23.9653,5.2521,50.4164,48.8939,3.0199,34.4145,33.8305,1.6971,3.7016
1obtJV-1XLXVJLmVLYfge5Q3Tj6KBWRz5lCerwj7hqQ,train,43.5738,50.1623,15.1203,33.7982,43.813,29.6312,77.5658,89.387,15.2402,46.8435,61.8483,32.0318,23.0059
1r-5y6wiubbNTNDOhH0ypmCfrIdg_mJnMzR69G2i6no,train,24.2193,25.5762,5.6024,22.9725,22.3389,2.7582,43.9614,45.5756,3.6719,31.687,31.5345,0.4813,3.1285
1vpJCFKSupem5PPO9F-bvDjy5iKLyHyuryg5RDYyus0,train,29.321,32.3183,10.2224,26.7745,28.2276,5.427,51.0683,57.5897,12.77,34.1527,39.8472,16.6737,11.2733
1w7nIkCw-64YGiwLF-t2TG5W0gw4m_--U4AGmk8epi0,train,31.8552,31.6608,0.6102,28.0628,27.6534,1.4591,56.0675,56.4182,0.6254,39.7555,39.0366,1.8082,1.1257
1wP6j4QiFLHGuLAm_s4df3xbuRn7c6TAX_N415huzDg,train,28.305,32.2131,13.8072,25.558,28.1358,10.0858,54.562,57.4024,5.2057,38.6467,39.7176,2.771,7.9674
1wnLRnKeD8J_SZqoNj8SaPzM4QHxSYwdhIuPtXyMFfw,train,34.2643,31.5254,7.9935,29.1259,27.5351,5.4619,57.7986,56.1769,2.8059,38.7002,38.8697,0.4379,4.1748
1xb1HyZlruyHo-LV5i4yYBt8JImpxS8qkXIsG6Pabqk,train,32.4301,29.2946,9.6683,27.9473,25.5867,8.4466,54.9818,52.2017,5.0563,38.6964,36.1192,6.66,7.4578
1zV_8OcOolQ2Lfl_SQut9J1viE38kW9FW8Qz7ztlxIs,train,38.899,42.9083,10.3068,30.4216,37.4771,23.1924,58.5328,76.4606,30.6286,40.701,52.9043,29.9828,23.5276
21AnYyb6w6M1hNj42r0F4nk03t7St_L-JH76UZna6KU,train,36.2031,32.1616,11.1635,31.4582,28.0907,10.7047,59.8594,57.3105,4.2582,41.8844,39.654,5.3252,7.8629
22ECz4XgvzzUy8vVo-peN9oEhJiOqZo3QwBBuIpNyqU,train,30.7033,29.1441,5.0782,26.0812,25.4552,2.4001,57.3406,51.9336,9.4297,36.6347,35.9336,1.9137,4.7054
234g5fOQ1rGjBgBcFi4YI0yuZ5fjLfHmqsYCWs31amk,train,28.7657,26.1575,9.067,25.843,22.8466,11.5946,49.7198,46.6114,6.2518,37.1023,32.2512,13.0749,9.9971
25wYmWQMyMINDvTLdFBqo7DqImxYNxxYGoTBhGM2sIQ,train,31.4851,29.7262,5.5863,26.1306,25.9636,0.639,53.7342,52.9708,1.4207,35.1857,36.6513,4.1655,2.9529
27fgXorDJPfXnx9zZsB9ZKNwkIY9dUPGaGFaLKX4nKc,train,25.0067,22.836,8.6805,21.8661,19.9455,8.7833,45.4009,40.6927,10.3703,31.486,28.1559,10.5763,9.6026
28hTTQZ5xI2GpnhcNeyFFZF_TIz3-SGY1AqywAgwBpo,train,28.1929,32.5265,15.3711,25.4802,28.4094,11.4961,51.5945,57.9607,12.3389,35.6092,40.1039,12.6223,12.9571
29NvYTuuEKc1Xrym-L_6TZM91S72J5H3G45mDsFXTnc,train,35.606,36.6347,2.8892,29.2024,31.9977,9.5721,63.2339,65.2814,3.2379,42.3869,45.1692,6.5642,5.5659
2A-OwfseLIFUUX6GNQFD8YuEVTs-luhhW0d6P352JyE,train,27.9592,30.9166,10.5777,25.291,27.0033,6.7707,50.9447,55.092,8.1409,34.9747,38.119,8.9904,8.6199
2A02K7VTiazsZPJow1JvfW1rcmsCwRcc6udVInDdVfo,train,26.8181,29.8866,11.4417,24.5946,26.1037,6.1357,52.9213,53.2565,0.6334,39.3043,36.849,6.2469,6.1144
2Iurpmm5BrNx2U8gNfAS6ekexmbJdLh34ZvqfoQ1iKk,train,34.9923,32.9351,5.8789,29.8903,28.7663,3.7604,55.866,58.6889,5.0529,41.7029,40.6078,2.626,4.3295
2JkNVU9UJRCazg-N1KxN9shw34GLR3C8IYhIut92eiw,train,35.5797,34.4182,3.2646,30.3044,30.0617,0.8009,56.4978,61.3317,8.5559,39.6795,42.4364,6.948,4.8923
2MFLnQLsH4_g6M6jy-uwBj_Al558-7axwV6hulPAESc,train,31.4251,28.5798,9.0542,26.8297,24.9623,6.9603,52.7273,50.9279,3.4128,36.9573,35.2378,4.6528,6.02
2NWEZ9_atmcpO1hW35vimzq3zGQrfywdEdGvLkStrGo,train,25.1901,25.6011,1.6317,22.6869,22.3607,1.4378,48.8477,45.6201,6.6076,34.2343,31.5653,7.7963,4.3683
2Q1z0YAxR5KlamR3g5E3v9P6MYZkNHS5Jc3oReJhaAA,train,26.5368,26.4707,0.2492,23.9198,23.1202,3.343,50.7472,47.1696,7.0499,36.7129,32.6374,11.101,5.4358
2SnpHngkOa7k7NIjwjyLFVIhGfi5f_4ibvBflvWlHTU,train,24.9594,25.4833,2.0992,23.1705,22.2578,3.9393,47.6376,45.4101,4.6758,33.574,31.42,6.4157,4.2825
2WBFpYzazeIV17Q2meXi_kc_aJZf-ie6rkhKrU6ig18,train,32.3913,34.4178,6.2562,28.25,30.0614,6.4119,58.1187,61.331,5.5272,34.7846,42.4359,21.9963,10.0479
2WFZf0LKl0M1kOXccb_Yj4jpwvNPuOzVKrIwHVC795M,train,30.6587,32.7018,6.6641,25.5769,28.5626,11.6736,51.3604,58.2732,13.4595,37.0098,40.3201,8.9445,10.1854
2XxoxDTOvtuoTIbSfRRHmzG621PArvFXEGQw7eLhTKA,train,32.9105,31.3298,4.8028,28.4901,27.3643,3.9518,58.2117,55.8284,4.0943,39.9886,38.6285,3.4012,4.0625
2eAFDpd5_d9dDkD8Wufm0nmGIXv5zqtQIWLWQ5P4M6c,train,28.5445,28.8242,0.9796,25.2941,25.1757,0.4678,53.5451,51.3634,4.0746,38.9584,35.5391,8.7768,3.5747
2iddLMv6IBuiVCaT2BJzjPJXfB5xu78N0UxRxIf2o_U,train,24.3281,25.7901,6.0093,22.4647,22.5257,0.2717,51.3341,45.9568,10.4751,37.9406,31.7982,16.1895,8.2364
2lEWBQrGR_vm8phdFZXOUSOhbHgplfgxN8NXLIJvAFU,train,28.0501,26.9051,4.0819,24.5424,23.4996,4.249,50.685,47.9437,5.4084,36.3577,33.173,8.7592,5.6247
2mIkWotvZ3bR9jV31io_n-rAk_UmeW6FovoxMMtayA0,train,26.8407,24.5049,8.7025,25.651,21.4032,16.56,48.1673,43.6667,9.3437,36.2708,30.2137,16.6997,12.8265
2t8xZI505mJw9HCHclITVY-r_VodvW6VubTwdxOihTc,train,25.4994,26.5719,4.206,24.3504,23.2086,4.6893,47.8518,47.35,1.0488,39.5143,32.7622,17.0877,6.758
2uqwQYJeW1_5NdLEZB6NKIRVqsMP1Le3OylPAkbrGdo,train,26.4455,25.7281,2.7126,24.3023,22.4716,7.5332,46.1538,45.8464,0.6661,30.0282,31.7218,5.6401,4.138
2vMs6p-qIdIw0mTEz5emgZpxICq3glcfyQM3vwB3vBo,train,33.9505,35.6712,5.0681,29.9274,31.1561,4.1056,57.4132,63.5645,10.7141,41.8476,43.9813,5.0987,6.2466
2xxiZFm5qMJAVTRt3PwYFITQtRxLUHetHmjN_qp4D_Y,train,29.3273,30.3904,3.6249,24.9857,26.5437,6.2355,56.5281,54.1543,4.1993,39.3511,37.4702,4.7798,4.7099
32pIBnkblYOJm2Rl-OpwpqzwwEPu8CzdWHn1lLH4Pq8,train,33.0709,30.9226,6.4962,28.6683,27.0085,5.7896,54.3522,55.1026,1.3806,37.335,38.1264,2.1196,3.9465
33kQep-kt5ANgw-ZuhiXxYHHKj9EgooiTmgbFXAxp5M,train,26.231,26.7617,2.023,23.0471,23.3743,1.4197,50.7135,47.6881,5.9656,33.9129,32.9962,2.7033,3.0279
3A5Rcv9or0IWuBb1I_iDlORBsIfkkhLI1j8QK5uP6AE,train,31.9797,36.0442,12.7096,28.934,31.4819,8.806,55.9546,64.2292,14.788,41.1929,44.4412,7.8855,11.0473
3A6D14akEnvm162prYgUC0VP6OEeXbRVm1Iq7eRTsEs,train,30.4051,31.146,2.4367,26.5774,27.2037,2.3562,51.8305,55.5007,7.0811,39.6263,38.4018,3.09,3.741
3DHVh6yH4O8Yxk5pCf44wqCFmoSfAeKW5YIorkkBRXU,train,25.4355,25.4462,0.042,24.0162,22.2253,7.4568,49.0443,45.344,7.5447,34.8415,31.3742,9.9517,6.2488
3FskBFDRe7Xu3ed4hAK1oKVSrvip7I2zWLoEJ_QfWGM,train,36.6126,35.939,1.8398,30.8073,31.39,1.8917,57.9649,64.0417,10.4837,40.8153,44.3115,8.5657,5.6952
3HTxlEply3gwyMnwXZ4MJiN0FwDmsLLer9CnROMOtFs,train,26.3336,24.823,5.7366,24.479,21.681,11.4301,49.2606,44.2334,10.2052,33.4836,30.6058,8.5945,8.9916
3IuFMuxOGgrsnMzvxLln5FuovY0dDmgrEjYVS478NbI,train,30.5361,30.0788,1.4976,26.3659,26.2716,0.3577,54.4596,53.5991,1.58,36.609,37.0861,1.3031,1.1846
3LJlY5dd1LxDQyqxQtKKevi7R6EeTLOrgG-GB8pP08Q,train,29.4212,27.0276,8.1358,26.9081,23.6066,12.2696,49.8987,48.162,3.4805,35.0789,33.324,5.0026,7.2221
3LtoBREo0oJ058FPutEgX3dYNGp3wm5eiTGKD3Nc-Js,train,29.3127,29.8929,1.9795,25.0258,26.1092,4.3291,53.9776,53.2678,1.315,38.1473,36.8568,3.3829,2.7516
3NqXXy-rq13kLzqPJL253KQvUdWlJsQnuSd3Sd6RQSI,train,28.2773,24.7512,12.4698,23.9256,21.6183,9.6437,52.9233,44.1055,16.6614,35.0085,30.5173,12.8289,12.901
3O9btgqdy7RllKtquu5GJakJSzLCiZlK7mjps2nDB7s,train,25.8418,25.7464,0.3691,22.9572,22.4876,2.0459,49.6063,45.879,7.5137,34.4764,31.7444,7.9242,4.4632
3QXMgxLgcifTE3JD5gChuT-j8lWjnEzRmQDINN_h3tM,train,29.4541,27.2692,7.418,27.3027,23.8176,12.7645,49.014,48.5925,0.86,35.0207,33.6219,3.9941,6.2591
3VAjyqA7VZJYiY8-2KpTG0pMgxeUi26w4RSXLzz5q6w,train,22.6141,23.7189,4.8857,21.4358,20.7167,3.3545,48.178,42.2661,12.271,34.7058,29.2446,15.7359,9.0618
3VRHRAUSarSp-p7b9P_8jny3ATIbHuvz3B0BiBSWNxs,train,26.3273,25.8773,1.7094,24.4275,22.6019,7.4739,45.8863,46.1121,0.4922,34.5197,31.9057,7.5724,4.312
3Vo8ABg89h201AlXzvzagbw0IIvECoAtA3-Bl8PxAoo,train,28.7947,30.2969,5.217,24.7043,26.4621,7.1153,52.2231,53.9877,3.379,33.946,37.355,10.0424,6.4384
3WBcOVmPX_zAto_zQdRju90F9aPkxEJA5IzmYPaklDg,train,33.1363,29.2612,11.6944,28.1488,25.5575,9.2059,54.0468,52.1421,3.5241,40.5363,36.078,10.9983,8.8557
3X2oFHWpo2HTanPioa17vmopeDM_yVI6_CW5fAaQoqU,train,27.8633,31.6961,13.756,25.2762,27.6842,9.5268,50.9992,56.4811,10.749,34.439,39.0802,13.4765,11.8771
3aHFd4mFwyX39yx0F0TkXJ6UozmoLUnbf_Zlv7ARHAU,train,27.8508,27.0436,2.8985,24.602,23.6205,3.9894,53.4791,48.1904,9.8893,36.0782,33.3437,7.5793,6.0891
3dZa9Qrok4CEwlofhtZfnGIvGScjdKn30pM3f5U4nwI,train,30.7107,35.0378,14.0898,27.3685,30.6029,11.8178,59.6814,62.4359,4.6153,39.9133,43.2004,8.2355,9.6896
3dexwlFNR0_Q_g3P3X6qYvlJDqalSsaRUSW0Gb9ARxM,train,29.8033,35.8017,20.1268,26.1463,31.2701,19.5968,55.1987,63.7971,15.5772,38.2729,44.1422,15.3355,17.6591
3fV__g7Y3uKSeOKgi9SPbbas0V0kidmnE4S4CB4itII,train,26.0858,25.7536,1.2731,24.9939,22.4939,10.0026,49.0445,45.8919,6.4282,37.0742,31.7533,14.3519,8.0139
3hxEud0tYwP-4mOjVE_crG2lF3BeamokMusciuCtXEM,train,29.0769,30.5126,4.9377,26.6426,26.6505,0.0294,52.2887,54.3721,3.9844,36.2135,37.6209,3.8865,3.2095
3jM0qIx79JRrqajAJWO3X-j-CXHLizCUh24u2m88MTI,train,24.8077,27.4535,10.6651,24.4382,23.9785,1.881,45.9003,48.9208,6.5806,38.1372,33.8491,11.2439,7.5927
3jiT5VXoF7XsjFrpxd7yjRdPORLXRC9yl-frqqzegzU,train,31.9108,31.4862,1.3306,28.3256,27.5008,2.9118,56.2647,56.1069,0.2804,39.7726,38.8213,2.3918,1.7286
3jslvtD5_LOEvSftuCbSHqqk_t9fVhzp4nGUwkS_ik8,train,25.5551,24.2893,4.9534,24.5891,21.2149,13.7226,51.4506,43.2824,15.8758,37.7831,29.9478,20.7376,13.8223
3jsw1XBA_1g4boD4U4Y8XkO40__JV1d1uUT9j7YiX9A,train,33.6982,33.1997,1.4794,28.2188,28.9974,2.7592,56.7126,59.1603,4.316,39.8493,40.934,2.7219,2.8191
3k47JvUqGCbFaJgJEhEiAhXxa5O1yS1Ms0w94x02iI4,train,29.6064,33.9839,14.7856,25.7551,29.6824,15.2486,55.988,60.5578,8.1621,37.7299,41.9009,11.0549,12.3128
3ksASfe4f_APd1tLxccDtth3VbpJ9SgIcz5vPw7Y1os,train,31.9423,35.9738,12.6213,25.0133,31.4204,25.615,57.7549,64.1037,10.9928,39.2518,44.3544,12.9996,15.5572
3lCM3aLY_S5D8So-cmKS_wxvg4LEd3ByaVj7RwtJXPk,train,22.9366,25.7596,12.3082,22.7011,22.4991,0.8899,44.7295,45.9025,2.6225,36.3224,31.7607,12.5588,7.0949
3mxoVpAOY5oJwWqK27jdkWeB-2wOJKm4zNTR1Utv3pw,train,32.656,34.9314,6.9677,28.1763,30.51,8.2823,56.5164,62.2462,10.1384,41.9904,43.0691,2.5691,6.9894
3r0Bgj_s78jIbt2dgsX--_axAQCopMgv6saMICYamno,train,24.6971,27.1258,9.8338,23.6211,23.6923,0.3015,44.3999,48.3369,8.8672,30.2817,33.4451,10.4463,7.3622
3sB6D9ahz7CjOisVrAIJNqpEfD1lfw0Rb8mSijk1xc8,train,31.3304,31.2373,0.297,26.2285,27.2835,4.0221,57.2269,55.6636,2.7318,35.1901,38.5145,9.4468,4.1244
3xVJO9HyrOrQkIXXjdqeHftluBQ_Jkt2Tn748nJt9gk,train,27.2883,27.848,2.0511,24.699,24.3231,1.5221,52.2182,49.6238,4.9684,39.3843,34.3355,12.8194,5.3402
46VsVUuru6DhW_LTFsCi664FsyD9qihVm2HCBCR3EUM,train,29.1188,27.7915,4.5583,25.6123,24.2738,5.2262,51.1073,49.5232,3.0996,36.9726,34.2659,7.3209,5.0513
4BXlHd3dwVd6PpZncEnIpr675Ozub9a3aCKVl2bfRdY,train,27.6428,27.7506,0.3903,23.9741,24.2381,1.1012,52.3881,49.4504,5.6075,34.6311,34.2155,1.2,2.0747
4ETJJKC9HNKcvTvC-u5DrkNO9ia7tsMZdnpvVuU2kmc,train,25.9035,25.3761,2.036,22.7424,22.1641,2.5428,50.7853,45.219,10.9604,33.5994,31.2877,6.88,5.6048
4Hy_wkLsPiPHDJIuoAkXO_OdyS0NzY45rDyfxVNtgis,train,33.1678,35.3665,6.6293,28.9264,30.89,6.7885,57.7906,63.0216,9.0517,39.3274,43.6056,10.8786,8.337
4Ji4jvSX5vPu7giQHWXRgilR8UetKbKXNRwnKE7CHsE,train,25.8428,27.4146,6.0822,23.2108,23.9445,3.1613,48.9178,48.8515,0.1355,36.6154,33.8011,7.6861,4.2663
4Ngs_ZDYsC_izZlyGC_T22og7MLmB7khPDdagnGdB7g,train,33.9454,29.1639,14.0858,26.6065,25.4725,4.2622,54.5309,51.9688,4.6983,34.5125,35.9581,4.1884,6.8087
4O8aBm6WqK4iZEWaVSE77na_BaO5FzaUWq8yTrb-hS4,train,26.327,24.7259,6.0815,23.7093,21.5962,8.9126,53.0763,44.0604,16.9866,36.6263,30.4861,16.7645,12.1863
4OGlvdnKlkPp7rdGBvsR8jUAkKOQ2i9UZ90mbqjIBss,train,28.2899,30.7965,8.8601,26.9593,26.8984,0.226,52.2075,54.8779,5.115,37.9708,37.9709,0.0002,3.5503
4SDP5mkpDsFjc0zFTzxpH2XBbhJ4giz1XYhc-weoWaM,train,43.2676,39.0489,9.7501,35.1845,34.1063,3.0644,64.3349,69.5835,8.1582,45.8657,48.1459,4.9715,6.486
4UEceASMrT61xiF-hLZEjxa5PpAZxT6PG1gVbztzWcQ,train,35.2194,28.4961,19.0896,29.4939,24.8892,15.6121,57.4296,50.7788,11.5807,39.9991,35.1347,12.1614,14.611
4V0D7qiw6J5sTLHjBGkxAjwpIZRx-KPVaQWLWf8xy4o,train,26.8851,31.1014,15.6823,23.5329,27.1647,15.4327,52.4535,55.4212,5.6578,34.6853,38.3468,10.5565,11.8323
4V5t1ip62IcSKtuK7qkTrk1d0nDXVf2qVARD7g_SNI4,train,26.5399,25.9985,2.04,22.9484,22.7077,1.049,50.3688,46.3281,8.0222,36.0547,32.0552,11.0929,5.551
4VrBan71GIh6tSFfkZ5ZxCKB-oPJYc7zg2ZfmxRIXKc,train,34.1221,40.6597,19.1594,30.1373,35.5132,17.8381,62.2158,72.4538,16.4557,42.872,50.132,16.934,17.5968
4X6MQ076vR6ncRa7kAQJGyJanmpjzpY9L0OF4DaOw5s,train,30.3831,30.5324,0.4912,27.7054,26.6677,3.7454,54.0577,54.4073,0.6467,38.5302,37.6453,2.2967,1.795
4a31Z0HZ45WeaaALMQbtUVsSY3lsBcdn31D-NtXsLI8,train,29.0461,26.6256,8.3333,26.4708,23.2555,12.1467,50.0234,47.4457,5.153,32.9579,32.8284,0.3927,6.5064
4bBr6L-kFUuzyOWO3vI_4OGSbP_3WZjfIF8OvUCdu-0,train,23.4722,24.444,4.14,21.9795,21.35,2.8641,45.2066,43.5581,3.6466,33.1339,30.1385,9.0402,4.9227
4bITwZfmlJUYVTWFNlQsWqjmpXd7p_B1KyqLCAdWbVQ,train,26.8911,24.3374,9.4966,22.7116,21.2569,6.4051,53.301,43.3681,18.6354,35.3388,30.0071,15.0874,12.4061
4bpNJgeZd3-fSRjAsrW6eRInYZ6LOOeVVGC0dfWjwNg,train,23.3191,24.5184,5.143,22.2014,21.415,3.5422,47.0947,43.6907,7.228,31.6353,30.2303,4.4414,5.0887
4d_X7JZm0gneZC8ffiFtMDo1I7gKKmN0V0ER7YrB8pI,train,35.4421,30.8848,12.8586,27.3267,26.9755,1.2851,64.4058,55.0353,14.5491,40.2721,38.0798,5.4438,8.5341
4gXQA7YvC9wjEAkjxtjYg_1zS4JZ6WaJLbs3nQKKfnY,train,35.3891,32.7031,7.5899,29.0659,28.5637,1.7279,58.3242,58.2755,0.0836,44.488,40.3217,9.365,4.6916
4gzhVdluq4GEahFOrrRVLFhPRtaCNe6TRS0xydt5czg,train,25.2642,24.305,3.7966,22.591,21.2286,6.0307,46.1936,43.3104,6.2414,35.2234,29.9672,14.9226,7.7478
4hWg8IZAwsSeZ6s6h2ACZ2WkYPTe8yB48jPxJZwbiF4,train,34.3692,34.7999,1.2531,29.5623,30.3951,2.817,55.7559,62.0118,11.2201,43.355,42.9069,1.0334,4.0809
4kjKtTvN9It-kBhHstGJ8L6vDErPrxyhZscx4mEMjSA,train,32.3468,35.0026,8.2103,28.5758,30.5721,6.9862,55.3442,62.373,12.7002,36.5544,43.1569,18.062,11.4897
4loafOx5K1rLjyttpQw024OkgHFEIcG27Y2jCdudQJ8,train,31.9002,33.5969,5.3189,28.1744,29.3444,4.1528,56.5277,59.8683,5.9095,40.7568,41.4238,1.6366,4.2545
4rLp86ErZXEGFqDlzaE7zpMB5EAFQ5C1CA_-OXzfMMg,train,32.2995,31.7139,1.8129,26.9424,27.6997,2.8109,53.8885,56.5128,4.8699,39.8185,39.1021,1.7992,2.8232
4xR1BQMUliASz5DzVmk8q0l4OJQgvQQWttCNSDAxQK4,train,32.2685,33.3145,3.2416,27.8755,29.0977,4.3846,53.4496,59.3649,11.0671,35.5097,41.0755,15.674,8.5918
4z9kqRwkw3EEXpQm5AQj28m_K4HzCJi32K02uiLQ_Sw,train,26.4696,25.7226,2.8222,22.9415,22.4667,2.0694,50.06,45.8365,8.437,34.1543,31.715,7.1421,5.1177
4zydBaQiHRmsujJ961bicneBbDYHlmHxPeLTQBorLzY,train,26.3716,24.9171,5.5153,22.7086,21.7633,4.1627,47.5876,44.4012,6.6958,31.4119,30.7219,2.1964,4.6426
51HidTEgPHaEqb36iJpyrH8_lPnUIXZYtl-DuWSj_4g,train,34.6728,28.7865,16.9766,29.64,25.1428,15.1725,57.9104,51.2963,11.4213,39.1103,35.4927,9.2497,13.205
59bc274e681516389ccf3cda,train,27.2346,30.4663,11.8661,26.4008,26.61,0.7922,52.266,54.2895,3.8717,37.7852,37.5638,0.5859,4.279
59bc274f681516389ccf3d08,train,29.1802,28.8698,1.0638,24.7523,25.2156,1.8718,55.4779,51.4446,7.2701,35.4918,35.5954,0.2916,2.6243
59bc2757681516389ccf4018,train,26.8867,24.7879,7.806,25.2757,21.6504,14.3432,53.9918,44.171,18.1894,37.7491,30.5626,19.0376,14.8441
59bc2758681516389ccf4047,train,25.9426,27.6485,6.5758,23.0223,24.1489,4.8935,47.2525,49.2684,4.2662,30.6233,34.0896,11.3191,6.7637
59bc2758681516389ccf4064,train,36.7286,36.9211,0.5243,29.3311,32.2478,9.9442,70.1716,65.7918,6.2415,44.0159,45.5224,3.4226,5.0332
59bc2758681516389ccf4071,train,45.0691,43.776,2.8693,31.6435,38.235,20.8304,75.8164,78.0068,2.8891,44.9468,53.9741,20.0845,11.6683
59bc2758681516389ccf4077,train,31.1682,31.9693,2.5702,25.9371,27.9228,7.6557,62.3464,56.9679,8.6268,39.7074,39.417,0.7314,4.896
59bc275a681516389ccf40bd,train,33.6414,35.4845,5.4785,29.7696,30.993,4.1095,59.645,63.2318,6.0136,41.4772,43.7511,5.4822,5.2709
59bc275a681516389ccf40d8,train,46.4732,41.7341,10.1976,31.9003,36.4516,14.2672,70.451,74.3683,5.5602,41.6806,51.4566,23.4544,13.3698
59bc275a681516389ccf40ff,train,37.281,35.2614,5.4173,30.7704,30.7982,0.0904,57.6221,62.8343,9.0455,43.3261,43.476,0.3461,3.7248
59bc275b681516389ccf4111,train,33.2871,35.16,5.6267,26.9789,30.7097,13.8284,53.0397,62.6536,18.1259,36.5312,43.351,18.6687,14.0624
59bc275b681516389ccf415f,train,39.783,35.6794,10.315,30.0326,31.1632,3.7646,72.2564,63.579,12.0091,42.7492,43.9913,2.9057,7.2486
59bc275c681516389ccf4171,train,38.2941,40.4677,5.6762,29.5936,35.3455,19.4365,65.144,72.1117,10.6959,43.303,49.8952,15.2235,12.758
59bc275c681516389ccf4180,train,35.9632,38.1476,6.074,27.2691,33.319,22.1858,67.6521,67.9773,0.4807,39.5183,47.0345,19.0195,11.94
59bc275c681516389ccf4198,train,33.286,36.7799,10.4965,25.8252,32.1245,24.3922,58.2776,65.5402,12.462,36.349,45.3483,24.758,18.0272
59bc275c681516389ccf41a4,train,31.0752,37.9446,22.1057,28.2141,33.1417,17.4651,64.2677,67.6155,5.2092,36.6888,46.7843,27.5165,18.0741
59bc275c681516389ccf41bc,train,33.3099,33.6381,0.9851,26.1474,29.3803,12.3642,67.4678,59.9415,11.1553,39.6109,41.4745,4.7048,7.3023
59bc275c681516389ccf41bf,train,55.8131,49.7756,10.8174,39.7478,43.4752,9.3778,84.1962,88.6978,5.3466,45.408,61.3714,35.1556,15.1743
59bc275d681516389ccf41e4,train,33.9099,35.8135,5.6138,28.1425,31.2804,11.1503,57.4225,63.8181,11.1378,36.6222,44.1568,20.5738,12.1189
59bc275d681516389ccf41ed,train,38.5355,36.9852,4.0232,27.6837,32.3038,16.6887,67.5283,65.9059,2.4026,43.0638,45.6013,5.8926,7.2517
59bc275d681516389ccf41f6,train,36.7639,33.949,7.6567,28.7282,29.6519,3.2155,63.3163,60.4957,4.4549,39.8486,41.8579,5.0424,5.0924
59bc275d681516389ccf420b,train,37.0848,36.1409,2.5453,29.5302,31.5664,6.8951,64.0464,64.4015,0.5544,39.0632,44.5604,14.0726,6.0168
59bc275d681516389ccf4220,train,35.4109,31.9471,9.7818,28.0787,27.9034,0.6243,64.1022,56.9283,11.1913,40.9031,39.3896,3.7001,6.3244
59bc275e681516389ccf422d,train,45.7131,38.8504,15.0126,32.431,33.9329,4.6309,76.8824,69.2296,9.9539,49.5181,47.9011,3.2655,8.2157
59bc275e681516389ccf4248,train,44.0887,40.9921,7.0236,32.8257,35.8035,9.0715,75.5499,73.0461,3.3142,45.2753,50.5417,11.632,7.7603
59bc275e681516389ccf424f,train,33.1898,32.8885,0.9077,26.3148,28.7256,9.1615,60.2299,58.6058,2.6964,41.889,40.5503,3.1959,3.9904
59bc275e681516389ccf425e,train,31.6853,28.4246,10.291,28.6767,24.8267,13.4256,52.1662,50.6513,2.904,36.5049,35.0464,3.9954,7.654
59bc275f681516389ccf42dd,train,27.5601,25.7133,6.7011,22.9345,22.4586,2.075,47.7017,45.8199,3.9448,33.5745,31.7035,5.5725,4.5734
59bc2760681516389ccf4310,train,28.5988,34.6455,21.1434,26.6097,30.2603,13.7188,54.6568,61.7368,12.9536,37.2614,42.7167,14.6405,15.614
59bc2760681516389ccf4333,train,23.6971,23.5376,0.6728,21.6205,20.5584,4.9128,45.8859,41.943,8.5928,33.2031,29.021,12.5953,6.6934
59bc2762681516389ccf440f,train,34.3518,29.965,12.7703,27.6667,26.1722,5.402,60.7011,53.3963,12.0341,38.5004,36.9457,4.038,8.5611
59bc2763681516389ccf447a,train,29.6471,28.3344,4.4278,25.1061,24.748,1.4265,55.3318,50.4907,8.7491,37.2376,34.9353,6.1828,5.1965
59bc2764681516389ccf448d,train,38.0775,38.6129,1.4061,27.0445,33.7255,24.7038,69.5629,68.8065,1.0873,40.4106,47.6083,17.8116,11.2522
59bc2764681516389ccf449b,train,31.3253,33.2969,6.2939,25.8951,29.0823,12.3081,61.4556,59.3336,3.4528,36.0275,41.0539,13.9514,9.0016
59bc2764681516389ccf44c2,train,28.1488,30.0268,6.6717,25.4856,26.2261,2.9056,55.2768,53.5063,3.2028,37.8894,37.0219,2.2897,3.7675
59bc2764681516389ccf44e2,train,31.116,33.3308,7.1179,25.2825,29.1119,15.1467,60.3335,59.394,1.5572,38.5968,41.0956,6.4742,7.574
59bc2765681516389ccf44f7,train,25.4843,26.5497,4.1803,22.2712,23.1891,4.1217,51.5503,47.3103,8.225,32.4653,32.7347,0.8299,4.3392
59bc2765681516389ccf4503,train,26.5481,24.6875,7.0084,23.0958,21.5627,6.638,49.0533,43.9921,10.3178,31.9436,30.4388,4.7108,7.1688
59bc2765681516389ccf4510,train,30.553,33.1605,8.5341,25.1443,28.9632,15.1879,52.2674,59.0905,13.0542,36.3788,40.8856,12.3888,12.2912
59bc2765681516389ccf4513,train,30.9633,27.616,10.8105,24.8844,24.1205,3.07,56.5896,49.2105,13.0397,38.2577,34.0495,10.9997,9.48
59bc2765681516389ccf4523,train,27.178,31.2082,14.829,24.2033,27.258,12.6213,51.7067,55.6117,7.5521,34.3408,38.4786,12.0492,11.7629
59bc2765681516389ccf4530,train,27.4737,29.1049,5.9376,22.6071,25.421,12.447,47.5689,51.8637,9.0285,31.9718,35.8853,12.2407,9.9134
59bc2765681516389ccf4551,train,41.4899,42.8358,3.2438,30.7182,37.4138,21.7969,63.2266,76.3314,20.7268,39.8515,52.8149,32.5294,19.5742
59bc2766681516389ccf4567,train,36.7861,35.6799,3.0073,29.421,31.1637,5.9232,61.8155,63.5799,2.8543,43.3836,43.9919,1.4023,3.2968
59bc2766681516389ccf456d,train,38.5628,37.0461,3.9329,34.8731,32.357,7.2151,62.1589,66.0145,6.2028,41.653,45.6765,9.6596,6.7526
59bc2766681516389ccf4599,train,32.2576,34.6573,7.4392,29.7948,30.2705,1.5968,58.5692,61.7577,5.444,42.3745,42.7311,0.8417,3.8304
59bc2766681516389ccf459f,train,31.8065,28.4903,10.4262,29.6236,24.8841,15.9991,54.614,50.7684,7.0413,36.6575,35.1275,4.1738,9.4101
59bc2766681516389ccf45a2,train,28.5028,29.7656,4.4303,26.9842,25.998,3.6547,52.968,53.0409,0.1377,37.4754,36.6999,2.0695,2.573
59bc2766681516389ccf45b4,train,29.8978,27.5846,7.737,25.7956,24.0931,6.6,53.8804,49.1545,8.7711,37.8006,34.0108,10.0259,8.2835
59bc2767681516389ccf45c0,train,31.2289,29.0404,7.0081,28.3434,25.3646,10.5096,51.2055,51.7487,1.0608,37.521,35.8057,4.5716,5.7875
59bc2767681516389ccf45c9,train,36.7419,40.2684,9.5978,30.354,35.1714,15.8709,62.3756,71.7564,15.0393,42.9419,49.6494,15.6199,14.032
59bc2767681516389ccf45da,train,34.8943,38.014,8.9404,29.0166,33.2024,14.4255,56.5646,67.7393,19.7556,38.1196,46.8699,22.9548,16.5191
59bc2767681516389ccf45e0,train,24.7343,26.9283,8.8705,24.4363,23.5199,3.7501,51.6777,47.9851,7.1454,36.0077,33.2017,7.793,6.8897
59bc2767681516389ccf45ec,train,25.4326,24.3925,4.0898,22.2811,21.305,4.3808,49.4484,43.4663,12.0977,34.2922,30.075,12.2976,8.2165
59bc2767681516389ccf45f9,train,37.8478,36.5115,3.5307,32.3172,31.89,1.3218,61.393,65.0618,5.9758,40.2579,45.0173,11.8223,5.6627
59bc2767681516389ccf45fc,train,25.691,23.9623,6.7291,24.4476,20.9292,14.3914,50.4442,42.6997,15.3527,33.4816,29.5446,11.7588,12.058
59bc2767681516389ccf4608,train,38.4395,40.789,6.112,31.5939,35.6261,12.7627,65.982,72.6841,10.1575,42.5615,50.2913,18.1615,11.7984
59bc2768681516389ccf4635,train,25.1294,24.9433,0.7408,21.2773,21.7861,2.3912,50.4579,44.4478,11.9112,35.6376,30.7541,13.7033,7.1866
59bc2768681516389ccf4677,train,26.7505,26.1966,2.0705,22.0233,22.8808,3.8936,51.5134,46.6812,9.3805,33.3155,32.2994,3.0498,4.5986
59bc2768681516389ccf4683,train,29.2291,27.5208,5.8446,25.8651,24.0374,7.0665,48.943,49.0408,0.1999,38.3528,33.9321,11.5264,6.1594
59bc2769681516389ccf469e,train,27.8023,30.0219,7.9833,25.9669,26.2218,0.9818,47.9897,53.4976,11.4773,33.0853,37.0159,11.8801,8.0806
59bc276a681516389ccf4702,train,31.0206,32.9046,6.0731,27.3662,28.7397,5.0187,59.4752,58.6345,1.4136,42.8284,40.5701,5.2729,4.4446
59bc276a681516389ccf4711,train,30.3349,27.4069,9.6521,26.4148,23.9379,9.3769,56.2409,48.8379,13.163,38.3207,33.7917,11.8186,11.0027
59bc276b681516389ccf4751,train,31.4177,31.2383,0.5711,26.9768,27.2843,1.1397,61.96,55.6652,10.1595,40.9669,38.5157,5.9835,4.4634
59bc276b681516389ccf4772,train,29.0067,26.4766,8.7224,24.6628,23.1254,6.2339,52.5063,47.1802,10.1437,35.9841,32.6447,9.2802,8.5951
59bc276b681516389ccf4781,train,23.7178,23.2154,2.1185,21.0285,20.2769,3.5743,43.649,41.3687,5.224,29.8517,28.6237,4.1137,3.7576
59bc276b681516389ccf4784,train,34.4,29.0398,15.582,29.588,25.3641,14.2757,55.7002,51.7476,7.0962,35.8347,35.805,0.0828,9.2592
59bc276b681516389ccf478d,train,28.6743,34.6883,20.9734,26.969,30.2976,12.3422,53.0094,61.813,16.6077,37.1666,42.7694,15.0746,16.2495
59bc276b681516389ccf47a5,train,33.8601,37.4272,10.5348,29.5584,32.6898,10.5942,67.3157,66.6936,0.9241,43.002,46.1463,7.312,7.3413
59bc276c681516389ccf47c9,train,30.0258,29.5026,1.7427,25.2464,25.7683,2.067,59.1344,52.5723,11.097,37.381,36.3756,2.6896,4.3991
59bc276c681516389ccf47db,train,28.7143,26.3379,8.276,27.3836,23.0042,15.9929,51.0168,46.933,8.0048,39.0133,32.4737,16.7626,12.2591
59bc276c681516389ccf47e4,train,25.8702,25.5137,1.3783,23.2287,22.2843,4.0658,50.1044,45.4642,9.2611,35.3667,31.4574,11.0537,6.4397
59bc276d681516389ccf481d,train,27.1021,24.7581,8.6489,24.7333,21.6243,12.5701,51.5621,44.1178,14.4375,36.0743,30.5258,15.3807,12.7593
59bc276d681516389ccf4838,train,28.4817,25.3727,10.9159,24.5287,22.1611,9.6523,51.9005,45.213,12.8853,37.5406,31.2836,16.6673,12.5302
59bc276e681516389ccf4844,train,27.3281,27.0445,1.0376,24.3362,23.6213,2.9374,52.8122,48.1921,8.7483,39.0374,33.3449,14.5823,6.8264
59bc276e681516389ccf485c,train,25.6201,25.5701,0.195,22.6797,22.3336,1.5261,47.1769,45.5648,3.4171,35.7337,31.527,11.7723,4.2276
59bc276e681516389ccf4871,train,23.9859,24.7586,3.2215,20.9641,21.6248,3.1518,47.3355,44.1188,6.7957,33.1896,30.5265,8.0241,5.2982
59bc276e681516389ccf4877,train,28.4812,28.7589,0.9753,24.934,25.1188,0.7408,50.8455,51.2471,0.7898,37.5341,35.4587,5.5294,2.0088
59bc276f681516389ccf4892,train,30.1697,29.0433,3.7336,26.7212,25.3671,5.0672,55.8631,51.7539,7.3558,38.1109,35.8093,6.0392,5.549
59bc276f681516389ccf48b6,train,29.7265,30.3288,2.026,26.098,26.4899,1.5016,49.5172,54.0446,9.1431,35.7663,37.3943,4.5519,4.3057
59bc2770681516389ccf48fb,train,27.8683,28.941,3.8489,24.0581,25.2777,5.0695,52.3921,51.5715,1.5664,39.5629,35.6831,9.8065,5.0728
59bc2770681516389ccf4907,train,34.1295,41.1304,20.5127,28.9543,35.9243,24.0726,64.9978,73.2925,12.7616,42.1652,50.7123,20.2705,19.4044
59bc2770681516389ccf490a,train,30.7983,27.6808,10.1223,27.7968,24.1771,13.0219,52.1914,49.326,5.4903,36.5673,34.1294,6.6668,8.8253
59bc2770681516389ccf492e,train,24.0606,27.1638,12.8973,24.0093,23.7255,1.182,46.9707,48.4047,3.0529,34.4473,33.492,2.7734,4.9764
59bc2770681516389ccf4940,train,27.767,27.2289,1.9377,24.3568,23.7824,2.3584,51.4132,48.5207,5.626,35.7529,33.5722,6.0993,4.0054
59bc2770681516389ccf494c,train,30.5295,29.1328,4.5751,25.2553,25.4453,0.7523,57.8742,51.9133,10.2998,37.4692,35.9196,4.1356,4.9407
59mUFymokrvWt9wC3f2QT8rLgfIH_7dZv9C_9lDGmk4,train,36.7552,30.9654,15.7524,30.1974,27.046,10.4361,55.8252,55.179,1.1576,39.0489,38.1792,2.2271,7.3933
5D0ey117hSU15IhFwv_AMoW12dWLH-hA78F27-tMvGk,train,25.1767,26.2357,4.2063,22.6632,22.9149,1.111,49.8745,46.7509,6.263,31.1806,32.3477,3.7428,3.8308
5EGWEEK1LY65tkKLQ7EYnBzkxSvRVvGKkbbH5xXhHSQ,train,28.101,28.0665,0.1227,22.3791,24.514,9.5397,52.1076,50.0133,4.0191,35.0624,34.605,1.3044,3.7465
5EdQVJ37qU7KEOFljXRCG82sXR7es-CDAwIzc2oNX3g,train,29.1817,26.8549,7.9733,26.3654,23.4558,11.0358,50.2419,47.8543,4.7521,37.1398,33.1111,10.8473,8.6521
5FMPgoKBaPrOYoeKbe9MUF6QoF6fUoDtS7uIhpANTn4,train,31.9779,31.2711,2.2103,27.2661,27.313,0.1721,53.5606,55.7238,4.0388,35.5543,38.5562,8.4431,3.7161
5GI5rJ8Hsq8qZ9edr6qcA9cgwNzJmx0PAGxzpZFx3cA,train,35.922,37.0267,3.0751,28.6807,32.34,12.7589,56.4804,65.9799,16.8191,39.167,45.6525,16.5587,12.303
5IsuENU7QwftIF-Xu6ZQmn_xfRc2LVyd5V2-puckUkg,train,32.2794,32.8547,1.7823,28.2115,28.6961,1.7179,54.6351,58.5456,7.1574,38.0845,40.5086,6.3651,4.2557
5JaS2hAYXC2DN2pVXkPx9B-NfsTXYr5dcLdE7mBHs0Y,train,29.9091,33.7588,12.8713,27.331,29.4858,7.8843,52.5625,60.1567,14.4479,37.5884,41.6234,10.7346,11.4845
5KBMhpOPpkOVbNI4EHFH3PUodOyCzhEH2GqT9SlX9JQ,train,30.7071,29.9026,2.6196,26.6067,26.1177,1.838,53.9054,53.2852,1.1506,36.3571,36.8689,1.4076,1.7539
5Li2x2DhznZOejXxWW2A17_zLn3imkjLXfa5WzvIeUE,train,28.4826,28.193,1.0166,26.482,24.6245,7.0141,49.4265,50.2387,1.6432,36.7318,34.761,5.3654,3.7598
5Sa-DtWIegdnuFlkBMNWXCAiuLX9ghXrmsULAkjPSGA,train,27.513,29.0107,5.4436,24.9699,25.3387,1.4768,45.3774,51.6958,13.9241,31.9339,35.7691,12.0101,8.2136
5Tn7zQrKtW7V0DAU-3OJp5g3Rxq5NWe7hID64A-vgYA,train,33.811,31.5387,6.7205,28.945,27.5467,4.831,57.4188,56.2006,2.1217,37.8154,38.8861,2.8313,4.1261
5Xh-fOMeqv6IdKC9QUomitc2GYfGUqP79yO-sQDvXPw,train,24.9868,25.9883,4.0083,21.2951,22.6988,6.5917,44.9497,46.31,3.0262,30.451,32.0426,5.2269,4.7133
5YTAOhzULmQZbDyi-Obff7wss6yZSSC3aL5e1gYje88,train,33.717,31.0958,7.7739,28.5479,27.1599,4.8622,56.1702,55.4114,1.3509,38.014,38.34,0.8577,3.7112
5_6zLQOStYnD-rthclZGGQuZuVmj2UPdFX73Dt2rHjw,train,33.7133,37.7782,12.057,29.862,32.9964,10.4962,58.6466,67.319,14.7875,41.5478,46.5791,12.1095,12.3625
5_m2-TYDAgPpC0RM31LQ6jzDxAXdYr9vW4q1fXj7ypM,train,24.9795,25.1531,0.6949,22.1104,21.9694,0.6378,50.3929,44.8217,11.0554,36.7689,31.0129,15.6545,7.0106
5a1c3bd3e7cb79000482763c,train,29.1965,30.4712,4.366,25.3602,26.6143,4.945,58.3113,54.2983,6.8821,37.8335,37.5698,0.6969,4.2225
5a1c461fe7cb790004827640,train,36.3228,30.2754,16.649,30.8943,26.4433,14.407,60.0199,53.9495,10.114,41.7452,37.3285,10.58,12.9375
5a1c474ee7cb790004827648,train,25.6132,24.8968,2.7973,22.0219,21.7455,1.2554,48.2332,44.3649,8.02,34.1937,30.6968,10.2267,5.5748
5a1df03ea6ace80004bbb723,train,28.0703,28.4523,1.3606,26.4032,24.8509,5.8792,50.4951,50.7007,0.4071,35.3359,35.0806,0.7225,2.0924
5a1eef5e9f17b800040cc789,train,25.1459,25.9289,3.1141,23.2812,22.647,2.7241,42.5164,46.2042,8.6738,28.2689,31.9694,13.0905,6.9006
5a1eefd69f17b800040cc793,train,38.0215,42.4652,11.6874,29.7483,37.0902,24.6799,69.0418,75.6711,9.6019,42.8649,52.358,22.1466,17.029
5a1f03069f17b800040cc7c0,train,30.9717,34.7088,12.0665,28.5834,30.3156,6.06,52.1447,61.8496,18.6115,40.1628,42.7947,6.5531,10.8228
5a1f033a9f17b800040cc7c4,train,35.808,38.1782,6.6191,31.0526,33.3458,7.3849,59.6991,68.0318,13.9579,38.7429,47.0723,21.4991,12.3652
5a1f2d379f17b800040cc7cc,train,32.8372,36.2763,10.4733,28.8929,31.6846,9.6622,58.624,64.6427,10.2666,39.4078,44.7273,13.4986,10.9752
5aoCyghZ3fcYFvdtisw_9R9F6gKFYsUgQHnJrNi3mco,train,26.6139,25.9237,2.5935,22.8143,22.6424,0.7535,48.0666,46.1948,3.8941,34.9376,31.9629,8.5143,3.9389
5bh-aFAhg94Porc2ppzvDwZ_632VevJMG-wqDz6mEJs,train,26.3884,24.9507,5.4482,23.2173,21.7925,6.1366,46.7033,44.461,4.8011,32.8155,30.7633,6.2538,5.6599
5gJvsNAdEV-aOfld0OxN76tkiEDyrQzQMbP5j5a4Fz8,train,35.2592,31.8901,9.5552,30.191,27.8536,7.7422,54.3821,56.8267,4.4953,36.5134,39.3193,7.6845,7.3693
5gfj-28LyuYgH-n7VKAyoMTnOYZMpyrEX4-r7kMpPUo,train,26.1657,31.3147,19.6786,24.055,27.3511,13.7022,49.5028,55.8015,12.724,35.1498,38.6099,9.8439,13.9872
5hQbSphla0B_izpqBLN1pmev-FVtgTs8V24q8TKdfT0,train,28.8792,31.4916,9.0462,26.9299,27.5056,2.1377,50.3614,56.1167,11.4279,35.4256,38.828,9.6043,8.054
5hTWxBMgZSl6g3hTr1NOoyNhQ62tuBr_Zvrqbp59UgA,train,28.5808,30.3888,6.326,25.174,26.5424,5.4356,48.3724,54.1516,11.9472,35.8127,37.4683,4.6229,7.0829
5jRtkerX_S4OdzjiEwlCW0fFR9v7AclSRaXaHJLKEiM,train,29.178,28.1116,3.6546,26.3697,24.5534,6.888,57.1891,50.0936,12.407,30.2196,34.6606,14.6958,9.4114
5lqVSo7SYRUF4NpANtJ40yI1p40uN33TvH0k5kKXEG0,train,23.6258,24.5222,3.7942,20.8902,21.4183,2.528,48.6932,43.6974,10.2597,34.5797,30.2349,12.5645,7.2866
5rSctrSuzwYcwlosuroM6rtJGcvbPcxme9ZOuJwx2Ps,train,25.7157,24.2549,5.6807,22.8207,21.1848,7.1682,46.5158,43.2211,7.0829,32.8195,29.9054,8.8791,7.2027
5sX0pr2d25brSxyDduPE6bR9NiPFlYJB_7iiFN4hzdc,train,27.8051,25.5857,7.9819,23.5845,22.3472,5.2462,53.4539,45.5926,14.7067,35.2471,31.5463,10.4996,9.6086
5tYrch-RIFBKZvBrbi6l4kDWdbvDSxEI53zArLytcL0,train,24.7488,25.5077,3.0662,22.361,22.279,0.3666,50.8209,45.4535,10.5613,34.5278,31.45,8.914,5.727
5uUKnbSqv9aSGLFdTKky-BMjYiXJrekNriewE4Fg_Zg,train,25.7545,23.1383,10.1581,22.4303,20.2096,9.9006,45.3477,41.2314,9.0772,30.787,28.5287,7.3354,9.1178
5vxfk__CW3elt0_ggBHOEjqApV96gaGUVb05_W9EgQs,train,31.3839,34.4481,9.7636,28.4646,30.0878,5.7027,53.4784,61.385,14.7845,37.9021,42.4732,12.0604,10.5778
5wUPgA8JvIpwTirQOuB8m-lCcx1WzAlUEKu9OO3jpH8,train,34.3861,31.9049,7.2155,30.8496,27.8666,9.6697,57.1713,56.8532,0.5564,40.3298,39.3376,2.4603,4.9755
5xeQ-uqP6BgtbcnLsHxXy5TkKQ_C1BMlVC-QZqOCWkY,train,29.8274,30.2489,1.4131,28.7745,26.4201,8.1821,51.1622,53.9022,5.3555,37.1648,37.2958,0.3522,3.8257
5zcszVML0w78xRPzf_5uFJju-oe6cw0b6tanYu1nMho,train,29.5035,29.9335,1.4574,25.5439,26.1446,2.3519,54.389,53.3401,1.9286,37.2527,36.9068,0.9285,1.6666
63z9hct-f8Aj4nNaZT3lwNRfpiAH0qQx_MKqr1mN5C0,train,28.7951,27.4364,4.7184,25.0686,23.9637,4.4075,53.2389,48.8905,8.1677,36.4791,33.8281,7.2671,6.1402
65Hr2F3AwIYt1nNQaCfz0O846XdFrWBG74_H5ydeeMM,train,23.6113,23.476,0.573,22.1911,20.5045,7.6002,47.1585,41.8331,11.2925,35.1598,28.945,17.6758,9.2854
65UyB8JMCYFMX-M8OoS8ux5lzr52EmO7TKJ9o4v8ESs,train,30.4541,28.4304,6.6451,23.0818,24.8318,7.5818,54.9113,50.6617,7.7391,35.2205,35.0536,0.4737,5.6099
666XqDTQMo3UcLooGsFTiBeRhsqb6lpKPuWJ9NgeED4,train,33.0644,33.105,0.1228,28.5599,28.9147,1.2424,58.8081,58.9916,0.312,40.2818,40.8172,1.3291,0.7516
6CxHzwqW23eLWqsWrQuJbwr9UWlo7pv87YqZTFiWxws,train,24.1167,24.8168,2.9028,21.0439,21.6756,3.0017,43.7402,44.2224,1.1024,33.2598,30.5982,8.0024,3.7523
6DyKMxQrUO8OJstSulWISLqB6oXt3KWHnwMacXGfiDc,train,42.8134,41.5838,2.8721,31.4367,36.3203,15.5348,74.7008,74.1005,0.8036,42.1834,51.2713,21.5438,10.1885
6DygBssi3bh-0jbhhfaeZGOZwojzTtHGQW4mray-UaA,train,28.8011,27.3583,5.0094,24.3574,23.8954,1.8965,55.1682,48.7513,11.6315,35.5636,33.7318,5.1508,5.9221
6E-ijOCvyEWroi8EYl2I51eU-NBOYt0LlieQHYeasx8,train,31.1951,31.0106,0.5913,27.0166,27.0854,0.2548,52.3391,55.2595,5.5799,37.5258,38.2349,1.8897,2.0789
6EfPJh7fgmLut392y-qHjFx3U4_cr7FzqXv9xXBfIn0,train,30.7277,30.6493,0.2552,28.5813,26.7698,6.3379,55.3339,54.6156,1.2981,36.2984,37.7894,4.1077,2.9997
6EyWCpcE3wKknntg3-9XIpMMwmkrwqTKbaVc2t38YfI,train,33.662,36.6669,8.9269,30.0947,32.0258,6.4168,56.3129,65.3389,16.0283,39.914,45.209,13.2661,11.1595
6FgxECq5zMuiTMve-_ub2JLqznhRofT_qnNM57YmHQI,train,32.5741,32.9419,1.1289,29.1237,28.7722,1.2069,53.5541,58.7009,9.6104,37.6174,40.6161,7.9716,4.9795
6G6oYfY_1KdG63aIAEbDisjnRAalV7xOP0Kj9jajxJU,train,26.4743,29.1014,9.9231,24.7845,25.4179,2.5555,50.3033,51.8574,3.0896,38.3994,35.881,6.5584,5.5316
6GY7MGgcD8y0dG5ul2mm8JrMe4nkDDvvXu1ZejVL6L4,train,24.1882,24.8914,2.9072,22.3082,21.7408,2.5435,50.7903,44.3554,12.6695,34.9373,30.6902,12.1564,7.5692
6IwiX2LcrzEfK1BggHJ5O-kD7WevYobu44R94rr0n14,train,31.4969,34.7513,10.3323,27.6865,30.3526,9.6299,53.8059,61.9252,15.0901,41.3431,42.8471,3.6378,9.6725
6MHkDyybTIapywHVfDdNDF9gZ7RnXdRuZsRgej2Jeuw,train,30.9774,31.608,2.0356,26.3324,27.6072,4.8411,56.0622,56.3241,0.4671,39.9592,38.9715,2.4717,2.4539
6MP7BRnpZvShtyTR6BH1pHChF47m7ePY1qc1SVTzdOs,train,29.5613,26.0628,11.8346,23.5712,22.7639,3.4248,51.6795,46.4428,10.1332,34.0492,32.1345,5.6235,7.754
6Nc20Wz9HQROL19rBmr93rQxjI53A_JPLrawfGg44Co,train,31.9357,36.3551,13.8386,30.522,31.7535,4.0346,55.859,64.7832,15.9763,41.2247,44.8245,8.7323,10.6454
6OyrNhRxOPZhUfhgHqZ0C1ye467qSp5Y_SzQfTTZbm0,train,34.0715,32.304,5.1876,30.2725,28.2151,6.7961,58.824,57.5643,2.1415,39.211,39.8296,1.5776,3.9257
6PZ9cpIq6FDbMhzwtoeGDW5kqAB7XS14Bl_f2uxIbJw,train,25.8441,24.2966,5.988,22.5079,21.2212,5.7164,49.8088,43.2954,13.0767,33.7266,29.9568,11.1776,8.9897
6PfWDvaRgenkGUAas--RGWXyvQD0NGOwdXSFozOjOx4,train,35.9067,31.7344,11.62,29.5112,27.7176,6.0779,57.8198,56.5493,2.1975,40.6857,39.1273,3.8303,5.9314
6QU-NVlHGSepb2kUjmq2HQ0_ufqINLTaw2HEMtKHNyQ,train,30.1239,29.7794,1.1438,27.9712,26.0101,7.0114,54.1147,53.0655,1.9387,37.3632,36.7169,1.7297,2.9559
6QUZA0v5ZRqi_OjovOS4Qi0KJvsOSqlt1I1U6Dy4gAM,train,31.2549,33.5437,7.3229,28.5082,29.2979,2.7698,54.7538,59.7733,9.1675,38.3016,41.3581,7.9801,6.8101
6RjLFy9w6Mx-AjP8ql4pPU0mBe-PVc1jl3oWnW_CNUk,train,29.8413,30.6926,2.8528,26.2313,26.8077,2.1973,53.5468,54.6929,2.1403,39.5107,37.8429,4.2211,2.8529
6U7cdxwjQPZ8HMX3IQ66wLplGicALdww5a9S3WBNtpA,train,27.2454,27.2354,0.0365,24.7461,23.7881,3.8714,49.3514,48.5324,1.6595,36.9088,33.5803,9.0181,3.6464
6VI1vtQ3Izv-Ccfa_SZqTvPvCeS1K1PMnpYKrKKL370,train,31.2812,30.6481,2.0238,25.932,26.7688,3.2269,56.5951,54.6135,3.5013,41.1361,37.788,8.1392,4.2228
6XXC8kAL9hpfWmFp9iu2TtzspgLOeQBVEwfEPIRVs0A,train,31.475,30.537,2.9803,29.8897,26.6718,10.7659,52.7423,54.4156,3.1726,36.0001,37.651,4.5858,5.3762
6ZI3FkX6g5n9L6AN74E8i6F6OjvYjwsnkgqoN8T9UH0,train,28.6325,30.0116,4.8163,25.0033,26.2128,4.8377,53.246,53.4793,0.438,40.0941,37.0031,7.7093,4.4503
6bHu3X7FI046DYPDy12BIiFXdqjFfsmnCR29PdM8Pv8,train,31.8286,34.8954,9.6354,27.5832,30.4785,10.4966,52.5921,62.1821,18.2347,41.2169,43.0248,4.3862,10.6882
6br0Uv77d13mO-1TaZ1tZfaabJ_I6d4wwTBKdXTJ5sA,train,25.9624,23.7509,8.5179,23.7434,20.7447,12.6298,51.4529,42.3231,17.7441,37.2072,29.284,21.2948,15.0467
6dgaZt1ui9mX2B_vimJ5yfk9S1jGnYvmLavPlN3bWDE,train,27.2727,26.8172,1.6705,25.3019,23.4228,7.4269,48.0508,47.787,0.549,34.9559,33.0646,5.4107,3.7643
6hQEpAyrUfCQudE4eKvFP1w_0VuqsO3PeA4xnmk_fhA,train,28.3865,25.9459,8.5978,26.7145,22.6618,15.1704,51.8258,46.2344,10.7887,36.7908,31.9903,13.048,11.9012
6j-1bjbi494bwHvPS-8bNxkoPOhhRy0Tqby9uXPco5Q,train,32.4921,31.6848,2.4846,26.3782,27.6743,4.9135,51.3593,56.4609,9.9331,34.167,39.0662,14.3388,7.9175
6k7pRulKbBl3UUsj1Ai1CMZoddcRhpSSIkTBRp7VoZw,train,28.9635,30.585,5.5984,26.5186,26.7137,0.7357,52.9324,54.5011,2.9635,36.9055,37.7102,2.1803,2.8695
6lCPFQmNmohQyzpaKgMfsiOOi0dY4S0a3r-zgaLBlXc,train,28.6115,28.0259,2.0468,24.4079,24.4785,0.2891,53.3333,49.9409,6.3609,39.2484,34.5549,11.9586,5.1638
6lJyNO52GfSVX1FnaRo8kpKV7FQZff4JOc2Ikz_e_jI,train,30.058,27.1414,9.7034,27.1156,23.7059,12.5747,54.1088,48.3647,10.6159,37.6873,33.4643,11.2054,11.0248
6nhmektE6ad0XnCmzOglnMvhYkol8-HBL1KCEcdKSPI,train,25.2837,26.6318,5.332,21.6655,23.2609,7.364,51.9205,47.4567,8.5973,33.648,32.8361,2.4131,5.9266
6pSoYMGobKGaplxJ9bYxiH_b0bpbbF-idqM7990uPYE,train,23.7107,23.0687,2.7079,20.9752,20.1487,3.9399,46.064,41.1073,10.7604,33.0056,28.4428,13.8243,7.8081
6pdpwmyFhQBOKSH4n1ykZQ6BL2tWTf6ddaF_golkq_I,train,31.7972,30.5585,3.8956,28.9642,26.6906,7.85,51.3983,54.4539,5.9449,37.671,37.6775,0.0173,4.427
6t7OLR19CUjzeFvjIlJCko4zsiMW1np0ruv4NBUiLt8,train,30.7458,29.5185,3.9917,27.6397,25.7822,6.7203,52.41,52.6007,0.3639,40.2245,36.3952,9.5196,5.1489
6yjZK1Yx1DY8NMe6bQJ7276bu6ytYC6Q0EqlOyDDitg,train,27.8362,27.0881,2.6873,24.9885,23.6594,5.3186,52.5018,48.2698,8.0606,37.9775,33.3987,12.0567,7.0308
6ylM1nS393YYnXxtK-gVtCQzv7yQ-Y7uizj9oD3a9aU,train,28.5184,27.6946,2.8887,24.2127,24.1892,0.0974,47.8658,49.3506,3.1019,33.6175,34.1464,1.5732,1.9153
72e6xpPgFKeAYYBN_LHxJRrZcwx9fD4-ixWA5ZZw9zs,train,34.0147,33.8738,0.4142,27.1512,29.5862,8.9682,62.2467,60.3616,3.0285,41.6186,41.7651,0.3521,3.1908
730fN81DLQtgxZ5K4FpOgJUOCAIgg9I1bVhmIXOQgmA,train,33.1992,34.9337,5.2245,28.1293,30.512,8.4705,61.6165,62.2503,1.0287,41.0325,43.072,4.9703,4.9235
75Z2zBnXoiRnHPGOtP6cFY6FYYeY7k8Tyh_mg6UOMCA,train,26.9615,27.7026,2.7489,25.7758,24.1961,6.1283,55.3358,49.3648,10.7906,38.7024,34.1563,11.7464,7.8535
76mo2dUguqyOIGL4bac3EyH7z3vFLMknog1q_Q5RMio,train,33.2417,36.3851,9.4562,28.1342,31.7797,12.9576,56.011,64.8367,15.757,37.3576,44.8615,20.0869,14.5644
77csKdLCSitYlRyQ52C9fvGmti-1sM6a_BiioTn20n0,train,32.994,30.5127,7.5206,26.3074,26.6505,1.3045,56.6304,54.3722,3.9875,37.1776,37.621,1.1925,3.5013
78aFkOzy-pjbj9lmsp4uyrbotokRlchqTKpxs3K6npU,train,32.0005,30.8946,3.4559,25.9504,26.9841,3.9832,63.0907,55.0528,12.7404,42.7541,38.0919,10.9048,7.7711
7BFmq1CW-D96zSoH5-BbWCD0yYxDoQBXGFUMIOVzqsM,train,28.187,29.9899,6.3964,24.8536,26.194,5.3931,49.4559,53.4407,8.0575,34.2065,36.9765,8.0978,6.9862
7DdeFkyViYoPa30dxDCuf5dQ0ozqHKwzj3gKGZyBGrY,train,34.8718,29.1704,16.3495,30.2231,25.4782,15.6997,55.0459,51.9804,5.569,38.3443,35.9661,6.2022,10.9551
7G6_QGri4HZq5i-zrG3UfNOULWuKuWoKPZ9pfX60lu4,train,36.4619,34.2079,6.1819,30.1793,29.878,0.9984,53.7844,60.9569,13.3356,37.1125,42.1771,13.6467,8.5407
7KuyUFbS0pv7tYKNBOdclSFLnM8Ww3QycBqrLugWQ9I,train,25.6297,26.935,5.093,22.5529,23.5257,4.3132,47.3833,47.9969,1.2951,33.8811,33.2098,1.9813,3.1706
7McuSPbjJDQZAl-MIhD3mwI9s0PWZxcD2COwRLwRxJM,train,27.61,27.1101,1.8106,22.9891,23.6786,2.9992,51.1441,48.309,5.5435,35.5533,33.4257,5.9841,4.0844
7MvJ6pMSwyNUqLhEgn6cZlVZutLryVZVL9vZrfYBCr4,train,37.0524,39.7883,7.384,28.1862,34.7521,23.2946,58.6883,70.901,20.8094,39.5282,49.0575,24.1077,18.8989
7P-Mb8y4W5FBXKDQlliDDiP0k3jZW1K1eJrxSYtkc7s,train,33.0215,31.1819,5.5709,28.701,27.235,5.1077,51.6898,55.5647,7.4965,37.3267,38.4461,2.9988,5.2935
7R3ZLSU3UC0OzNPDENGA8_CmaR-zVyj6DcbSlEwQJG0,train,28.9896,27.8478,3.9388,24.7201,24.3229,1.6065,54.3704,49.6235,8.7306,33.9053,34.3353,1.2682,3.886
7R6m49IITGG-lT_EavoGCfcnOBAx1QPM16fpE-f9iSc,train,36.8321,33.3052,9.5757,29.3582,29.0896,0.915,60.9695,59.3484,2.659,41.3514,41.0641,0.6948,3.4611
7TZRKpjUTi7l6HsC5xmyQ9eo2xFkr7qWGvvXepXn19U,train,25.9281,24.6605,4.8892,24.9906,21.5391,13.8115,49.8229,43.9439,11.7999,37.8747,30.4055,19.721,12.5554
7VkUDq6eoe2eyJvVoFzQ4kvNuwMADp2pfZ_sJjy1GAI,train,30.2472,28.9167,4.3986,26.8355,25.2566,5.8836,51.9357,51.5283,0.7844,37.5991,35.6533,5.1753,4.0605
7Xf_Pbh4kc7ugmPjUrw_RMa1lE1LldLC5UwK6EqFzdY,train,33.3064,30.1816,9.3819,29.5449,26.3614,10.7753,60.2531,53.7823,10.7394,44.0483,37.2128,15.5181,11.6037
7ZYlxTERmHBIDp2DG-eUiSEMowbgMvn47rv5cU-lKMs,train,33.2852,33.5768,0.8761,26.0103,29.3268,12.7508,60.3419,59.8324,0.8444,36.7335,41.399,12.7011,6.7931
7ZwFOnlYH67Py8fGL0ex-hxRahg8d5Rrh2IFgI9tQyk,train,33.4906,30.9302,7.6452,27.9894,27.0152,3.4806,59.0322,55.1162,6.6336,40.6002,38.1358,6.07,5.9574
7_TIgScs7UCprHSsOhg5cme6tH5jjsX7YDUWJwgd-5Y,train,29.7247,28.0329,5.6916,25.0543,24.4847,2.2737,51.4135,49.9534,2.8399,35.9125,34.5636,3.7561,3.6403
7ayEmm7kpuu9odyNPchjRmDxZzVMso0-yacXVxeP1_A,train,27.7248,25.5139,7.9744,25.3022,22.2845,11.927,51.23,45.4646,11.254,33.5847,31.4577,6.3332,9.3722
7bFe7VxhOBSMEBgASPgM3QkOFW6-cFMHDHydK-nTdDU,train,34.1682,33.6315,1.5708,28.5271,29.3746,2.9706,64.88,59.9298,7.6298,44.3297,41.4664,6.4591,4.6576
7dbX_nuL2W2sH0mMPkEdNVgvOQU0WCx3MEQhXaeEdmI,train,29.9788,32.6862,9.0312,27.813,28.549,2.646,55.5035,58.2454,4.9402,38.7963,40.3009,3.8782,5.1239
7ke7UMIYWHM_gjwwcWYRDu4JyVg8LPRaVC03w_WOtwA,train,27.7515,33.6879,21.3913,25.1346,29.4239,17.0655,52.4057,60.0304,14.5494,36.8864,41.536,12.6051,16.4028
7mgSbfdN81TCQtwOQXhAGRssOOq5Y32vBIJDr_uRE8g,train,41.9317,38.8451,7.3608,34.8608,33.9283,2.6749,66.4067,69.2203,4.237,42.8511,47.8946,11.77,6.5107
7n0boQVkWn9FXZQC47-m98LfqkDcA8eBXtxbVJTFZxE,train,28.8434,31.487,9.1654,26.6763,27.5015,3.0935,49.0445,56.1084,14.4029,36.1281,38.8223,7.4573,8.5298
7oM2JajaH0PtE2ZjFWPhhrnr7vHv-V29JgtiFmaKZeE,train,30.91,31.5242,1.9871,26.7849,27.534,2.7967,49.0814,56.1747,14.4521,35.3512,38.8682,9.9486,7.2961
7on0Aq8zXDK44F64ewSKeu7qCBgj0BNwUKgIl7UlD6I,train,28.8272,30.6666,6.3806,27.1286,26.785,1.2665,51.8626,54.6465,5.3679,36.1585,37.8108,4.5697,4.3962
7orpzgW2VdIPb7Fo7K4RGK-V3AtRdgQdr8XhxuJyinQ,train,27.1042,30.9623,14.2346,24.9921,27.0433,8.2073,45.6791,55.1735,20.7852,32.9668,38.1754,15.7996,14.7567
7ouRXI3yMEy6fO53qEjL7WsQ1BatKfqA7D5NfWi6X-4,train,34.4355,31.9446,7.2334,31.8157,27.9012,12.3035,61.4708,56.9239,7.3968,43.432,39.3866,9.3145,9.0621
7pFmxlMPyAr0x67uq_raVRLfaYlNf23MUYOCFgQA-54,train,28.7631,25.2034,12.3759,25.6927,22.0133,14.3208,49.8707,44.9113,9.9444,34.4574,31.0749,9.8165,11.6144
7pyqRwzwyeKrKPvQY0YD4dw1BdLlV_dzvXPvRPA9CyM,train,35.6375,36.3098,1.8866,30.7262,31.7139,3.2146,65.2583,64.7024,0.8519,44.1691,44.7686,1.3573,1.8276
7qSpZjKddWTjcy_CH8tt0D_FzCZX7aNGIKlkfPeIOFE,train,34.4703,35.6378,3.3869,29.543,31.1269,5.3614,58.216,63.505,9.0851,38.6607,43.9401,13.6556,7.8723
7sOceDDQu_x9GG3g_KIVn2YCJrZtZBVQmpZW3qSajEg,train,32.7776,34.6543,5.7255,25.3301,30.268,19.494,66.5823,61.7525,7.2539,41.3984,42.7275,3.2105,8.921
7tMJnQwy8GllyZBOCK9-GSEBJVNATL2kTlOonwK_p1Y,train,34.7981,30.6437,11.9387,29.182,26.765,8.2827,59.289,54.6057,7.8991,40.0447,37.7825,5.649,8.4424
7tXOo2zQVaooe8RHfl4Db8bshORuWkeNqa-z90Ou4lc,train,21.838,23.7674,8.835,21.0912,20.7591,1.5747,44.6112,42.3525,5.0632,31.9052,29.3044,8.1518,5.9062
7uD1ejHJq3208g6m6wfNy4he1oXPQXUq07IAQiOSlFE,train,29.7437,29.8366,0.3123,28.2843,26.06,7.8638,54.9337,53.1675,3.2151,41.2346,36.7874,10.7851,5.5441
81b1O682zPgZRAJ2Nkj2zrZRghiRj_X0lqqXC5E4GvY,train,33.7553,37.8373,12.0929,30.0094,33.048,10.1257,58.5245,67.4243,15.2071,42.6679,46.652,9.3375,11.6908
8295UeA_WBf3kSL6aaOPEdzqyYybkjMWPlgOy26WnE8,train,23.6504,26.3496,11.4128,21.1316,23.0144,8.9095,48.4943,46.9537,3.1768,32.1865,32.488,0.9367,6.1089
82t2wzhvpYRd2rudDmLHb-gjlDhOB-gpZa4XCmeD-5k,train,29.2091,27.268,6.6454,24.9762,23.8166,4.6428,46.6962,48.5904,4.0564,35.3083,33.6205,4.7803,5.0312
88QRd9zVNyUV1rWgV6RP6G3T3bDD40m_dqQbc37GZWo,train,29.5839,31.5023,6.4848,27.751,27.5149,0.8509,54.7039,56.1357,2.6174,37.6064,38.8412,3.2836,3.3092
8E60bRmOL3oeQj7YmJXo_-G4lKPKKIpG6OYyyc3cLOc,train,31.5594,34.9679,10.8004,26.9715,30.5418,13.2372,50.8565,62.3112,22.5235,36.1222,43.1141,19.3562,16.4793
8IApUAdxeNrjm_C51tKGJX8OQlNv56uHxpjkqqy06aU,train,33.1726,33.3833,0.6351,30.2114,29.1578,3.4875,54.9073,59.4875,8.3418,39.4758,41.1604,4.2673,4.1829
8JjFTu3rC8kbvRBnU-bPDeDSrLxKghNWrntdXKv5FCw,train,38.7543,49.1052,26.709,32.7997,42.8897,30.7623,63.7565,87.5032,37.246,42.8825,60.5449,41.1879,33.9763
8OKqZDzQXThKc8E4ithqthMcYG2HxoGCezI_x1gLif8,train,34.2521,30.6558,10.4995,27.7449,26.7756,3.4937,57.6426,54.6273,5.2309,36.714,37.7975,2.9512,5.5438
8OXGiJTp2phyVALrYrdH0lvVu-3sEjUHY-TGGXvwHNg,train,34.3677,37.9378,10.3879,27.2359,33.1358,21.6622,55.2334,67.6034,22.396,41.7644,46.7759,11.9995,16.6114
8PEXA0Sfr-ccgI-cjmAYWSeB_SOb61Ow4AvERq7vKGU,train,26.5304,23.3802,11.8741,25.0152,20.4208,18.3664,51.7945,41.6624,19.5621,37.8679,28.8269,23.8751,18.4194
8PK-JTZ7W6YcmAysOpC6gylBq-f4mjEOjxG0eDEjonk,train,30.7901,30.4672,1.0486,26.0169,26.6108,2.2828,55.1349,54.2912,1.5303,36.8511,37.5649,1.9371,1.6997
8PaJAtXARTOyCHcL_MaqL-ZedWtRwNrUNJwEdmsqZDU,train,25.4286,27.0702,6.456,21.8882,23.6438,8.0208,49.3475,48.238,2.2483,31.7211,33.3766,5.2191,5.4861
8Q7D5dDdthAM7BK240hEoUVK5Pt2vt4sAYCjNn3e5i8,train,31.8959,28.1553,11.7277,26.1295,24.5915,5.8862,57.436,50.1714,12.6481,36.2591,34.7144,4.2602,8.6306
8TCRXvx9prqsOl9cPX3f4gD91SPZAVE66uNC6U3_4ME,train,29.9256,34.6084,15.6484,27.2475,30.2279,10.9382,53.6853,61.6707,14.8746,35.862,42.6709,18.9866,15.1119
8UQcii6gOsAZ8HUKyvQSY4pNNig85oyG7YWf8Pv24rw,train,24.9705,25.9111,3.7668,21.9568,22.6314,3.072,46.9054,46.1723,1.5628,33.8199,31.9474,5.5369,3.4846
8UzAHjyGQuvdv7fOQCazoAcqVuVOv5H7j3ZWe_cwWDg,train,28.4751,29.2479,2.7141,26.4923,25.5459,3.5725,53.6136,52.1185,2.7887,38.2247,36.0616,5.6589,3.6835
8V2XqdbUy-kI5tyySGrKNQU9XbQ8KoL20g3rt2vNSN4,train,30.305,33.5119,10.5819,26.8361,29.2701,9.0699,54.107,59.7167,10.3677,36.8373,41.3189,12.166,10.5464
8VeEyDejvLRbA8-2IJk8xZ0uZrL4FJqtOqtMOVHwCtA,train,32.263,36.3049,12.5281,29.4093,31.7096,7.8218,58.3008,64.6937,10.9653,40.258,44.7626,11.1894,10.6262
8WXn9BpS3RqbAo1DOnJlmkCCTLNop6r05u16nWlYo4Y,train,35.79,34.9327,2.3952,29.4206,30.5111,3.7065,58.9122,62.2485,5.6633,42.3861,43.0708,1.6154,3.3451
8XB65OIFyJWssH8CLHyyTWVuuBT-H3u3C1haKwy-LkE,train,23.6674,26.0145,9.9168,21.8474,22.7217,4.0017,46.9949,46.3566,1.3582,32.6749,32.0749,1.8365,4.2783
8YgXcWe0_qvmBTG-C3zcan3y7XTDDI9i0OyZUOfrLLw,train,27.0188,25.7826,4.5756,23.0648,22.5191,2.3659,51.9263,45.9434,11.522,32.8106,31.7889,3.1139,5.3944
8ZfHrEcyQrHW0VUJE_PbKKjIQdV5SEBKuGczczf3QzE,train,31.3573,34.6025,10.3488,27.3611,30.2226,10.4586,55.0152,61.66,12.0782,38.3311,42.6636,11.3028,11.0471
8_NeFeMY4mHqhfRnmfSscbTTByzF7e5kO78ewuBIvtg,train,29.3131,31.0831,6.0382,24.9914,27.1488,8.6324,57.0856,55.3888,2.9724,37.0358,38.3244,3.4792,5.2806
8dNapeHYd_jNji_IkOHzYEWBvjDrfJPWr8fW01bifZU,train,27.0693,25.6698,5.1701,23.5017,22.4207,4.5997,51.5406,45.7425,11.2497,35.0164,31.6499,9.6139,7.6583
8ihJtq2eo1xEMbVx1nioChqxCCPS6gQb-nzd9lm44kU,train,25.4308,27.1299,6.681,23.0361,23.6959,2.864,48.9609,48.3442,1.2596,34.2567,33.4501,2.3546,3.2898
8irviJf2nJFtk3DCSB3zQ_iMByLhMZTcEHZC8AF9JtU,train,28.9568,32.6274,12.6762,27.5465,28.4976,3.4526,53.0356,58.1406,9.6257,39.7693,40.2284,1.1544,6.7272
8lrTWVmtwtJGPW_DSzp4TFHjNcFRAs7IJczSOvygXpI,train,26.8786,30.4551,13.3063,23.6595,26.6003,12.4294,53.3215,54.2697,1.7782,35.9009,37.55,4.5937,8.0269
8lxaWmIA2HafxRaIenM0WIV2MrBYIF7jB9A3rU-Ewq0,train,30.804,28.429,7.7101,26.3305,24.8306,5.6966,50.1277,50.6592,1.0604,37.3275,35.0519,6.0963,5.1408
8mPhEIhCWSuIlfJ3OXm7baWgvJrrODEl2QhjrwJ4UjM,train,30.7446,27.867,9.3597,26.0904,24.3397,6.71,50.2038,49.6578,1.0876,35.5875,34.359,3.4521,5.1524
8rXP3LvC1O-XRy-r_RvlCDR_6TSdtYQKaDfL3J8ZCsA,train,26.0664,25.8999,0.639,22.9031,22.6216,1.229,48.9879,46.1524,5.7881,32.9949,31.9336,3.2166,2.7182
8rkvskkBe0lcgqJ3wjmSKgoGIAz5GCebM_AlE3W1nh0,train,28.1087,27.0592,3.7336,24.8795,23.6342,5.0053,50.4097,48.2183,4.3472,34.7953,33.363,4.1164,4.3006
91hkFkRlHkbUc_v76OqSfOTGr0WAGZc4nJqeGTs3GOs,train,29.5089,31.9965,8.43,26.6097,27.9465,5.0237,50.934,57.0163,11.9417,34.1876,39.4505,15.3942,10.1974
95QV4fp-kUUuyLGld-fsc9qz-gsgCyECvI6vSzZiqoM,train,31.6871,29.349,7.3788,25.4546,25.6342,0.7053,57.8048,52.2986,9.5255,38.947,36.1862,7.0885,6.1745
96LtCRgHuVdWN4VIvc2STyiKSLUPLDAQx5GcgbOQXgA,train,27.9893,25.77,7.9291,24.8444,22.5082,9.4035,52.3156,45.921,12.223,38.3286,31.7735,17.1024,11.6645
97ZAAJ_g3JDh4dZyX4xLat2X0X3BxV45PynePYVq_yI,train,34.1204,31.0909,8.8788,29.1402,27.1556,6.8107,62.146,55.4026,10.851,38.6173,38.3339,0.7337,6.8185
98ybaqAtTEscPfdBt_pbzyB7uRzO8UymbWubJOh3cd8,train,29.5138,28.3687,3.88,25.2135,24.7779,1.7276,54.3618,50.5517,7.0088,35.5579,34.9775,1.6321,3.5621
99-A0APISxIX3gIyEXo0VQ_XvAi27p-pj01xr3uMVsg,train,26.432,26.8096,1.4287,26.1422,23.4162,10.4278,52.7219,47.7735,9.3857,38.6321,33.0553,14.4358,8.9195
99p9fJq9dc9r49WjqJ6wJmYIh5NpRDNjjliIKhN2nFY,train,35.4834,36.0542,1.6085,26.9759,31.4906,16.7359,61.641,64.2469,4.2275,38.4131,44.4535,15.7246,9.5741
99rCWDsiu7BmmWXnf7NmjfD2FXdXJBHckHavK5uW9hM,train,24.9773,25.0471,0.2794,21.9086,21.8768,0.1454,48.5513,44.6329,8.0707,34.1617,30.8822,9.5999,4.5239
9Dd6Dz9YjZ4Ch6cyA4fFjjy4uY9HzV_CpAIbhDicJzc,train,33.3943,34.5833,3.5605,26.6017,30.2059,13.5487,62.2955,61.6259,1.075,35.9461,42.6399,18.6218,9.2015
9HxPwgDHs897rkdxq6WDeGiyOKMKHtlOitUDZNRk6xY,train,27.6149,27.399,0.7818,25.3222,23.9309,5.4943,52.467,48.8237,6.9439,35.8802,33.7819,5.8481,4.767
9Jcfu5TiBNhAQuyvzg-vEbQrKnq90fAEKiS4iY8sS4I,train,28.4503,26.1708,8.012,24.9281,22.8582,8.3034,50.0695,46.6352,6.8589,38.2024,32.2677,15.535,9.6773
9Jwy08xvevibs7xzvv9w0SUAsX1lx5HVeEixVJWtWvM,train,28.4954,31.8235,11.6793,26.8409,27.7954,3.5564,51.5322,56.7081,10.0439,36.8926,39.2372,6.3551,7.9087
9LL3l-OUpvVhNF3R6QYQyT3CuHu-MCC6p3xNFk8r0eo,train,34.2875,34.8491,1.6381,29.4378,30.4381,3.3979,59.4356,62.0996,4.4823,40.9242,42.9677,4.9934,3.6279
9LOvmRMbqtYCq9Jtlup3dS7xmEidwjlTRwAFr489UF8,train,25.5776,26.3237,2.9173,23.2556,22.9918,1.1343,49.1113,46.9077,4.4868,36.7629,32.4562,11.7148,5.0633
9Ltq8GHN65IkHZN4ivszslPGuydQhRqlasJyfRcynB8,train,24.6412,23.8512,3.206,21.2299,20.8323,1.8729,46.6474,42.5018,8.8871,31.3151,29.4077,6.091,5.0143
9M8tILHpx5CTackWNzCIbIj0IJjBSpN7nG0btn5QAoc,train,31.2399,32.5002,4.0344,27.0289,28.3865,5.0227,59.0795,57.914,1.9729,36.4615,40.0716,9.9012,5.2328
9OL6hMUweRRRRi0GlJyvMl6IwqIy2Dd0EQPjU4ql6lA,train,27.7284,37.0509,33.621,24.3972,32.3612,32.643,54.6662,66.0231,20.7749,35.0152,45.6824,30.4644,29.3758
9PN2Hyak2W4F0gdWq0Lzcrm-GnEn99_8fKZCbiel4VI,train,31.0852,26.9241,13.3861,26.6865,23.5162,11.8799,49.2104,47.9775,2.5054,34.8723,33.1964,4.8059,8.1443
9PSYt1QA1V2LuUeB87QfewhVngE7TcysOfWIMO5ElTg,train,27.1276,26.5317,2.1966,25.1594,23.1734,7.8934,48.2495,47.2783,2.013,35.0597,32.7126,6.6947,4.6994
9REhywajso9jyHbIAggzDH4bfnCeoPS41C1DjrPDkb0,train,34.3072,32.649,4.8335,29.6012,28.5164,3.6645,55.3652,58.179,5.0824,36.2692,40.255,10.9895,6.1425
9Uwx1ge6eJ8d3jh01XWd7eOBM6AZ_YC2lfB9NYVjVYQ,train,28.0856,28.3889,1.08,25.7239,24.7956,3.609,48.6744,50.5877,3.9309,37.0379,35.0025,5.4957,3.5289
9WDEVwVyXeZPsmZ3vyB-AtLunvJjsp24Yls-zufCAiA,train,36.5568,37.992,3.9257,31.2225,33.1831,6.2797,63.7344,67.7,6.2221,41.1226,46.8427,13.9097,7.5843
9WoMeNOm2dWQm-674WB9tuwuzbdBMsQja7XA2JgR4ck,train,28.4691,31.3903,10.2609,27.1457,27.4171,0.9996,52.9862,55.9361,5.5673,37.6321,38.7031,2.8458,4.9184
9XOBx08BW9pET4ZXxgXqQtDDuEo5bdVjbEiOOJqJ4_A,train,30.5346,28.1505,7.8081,25.9917,24.5873,5.4031,55.4967,50.1629,9.6111,35.513,34.7085,2.2654,6.2719
9ZCT7eFSAxVn7Pk-q0U6mCUeQTkjVVgF9ULy7MVNiFA,train,27.7222,26.1579,5.6428,23.7436,22.847,3.7763,50.0871,46.6122,6.9376,30.3472,32.2518,6.2757,5.6581
9d25hpzM5Sy8yAUwZGwrN9NhmV1ZZjI_2YxfvF4A8YQ,train,29.164,29.5604,1.3592,25.6405,25.8188,0.6951,53.0419,52.6752,0.6913,36.9827,36.4468,1.449,1.0486
9fwKNnUqd4aChCfMqkjFnj_Rzk_pU-UrAb1ew4XoYW0,train,28.3646,27.5001,3.0478,24.6287,24.0193,2.4743,51.2194,49.004,4.3252,36.124,33.9067,6.1381,3.9963
9gXNSs0fKryeE1p3HbJYSkH_gv_ipvySjQrz90dRHN0,train,33.4061,29.4995,11.6943,29.1305,25.7656,11.5513,57.4932,52.5667,8.5689,39.7299,36.3717,8.4524,10.0667
9jXbtUEAC1zTPfk9VU4udah5F95qkUZMWnDZc81mDVY,train,28.2674,32.0525,13.3902,25.6331,27.9954,9.2161,49.8725,57.1161,14.5242,37.2478,39.5195,6.0989,10.8073
9mPdGPLxTxIMgWJUqKBGAxM5MkQW1U-W4Lja23hvvwU,train,25.921,26.2144,1.1319,22.4402,22.8963,2.0328,50.1243,46.713,6.8057,35.0611,32.3214,7.814,4.4461
9o4N8k59ukMvsfOgGMLp66-rLPw8OP-P-xvJ7PVGnek,train,31.2195,28.3201,9.2873,28.3333,24.7355,12.6984,53.7395,50.4651,6.0931,37.1932,34.9176,6.1182,8.5492
9qVCJoXCAJwZaC9u5-kXG26GlA3JmoMw92Rp5oiVEg4,train,28.691,28.8327,0.4941,24.2023,25.1832,4.053,52.3668,51.3786,1.8871,35.6845,35.5497,0.3778,1.703
9r9UXEUP4rNlsPts3IprlY15Ikn3pbSbpz56rvkQmuw,train,26.8986,26.5811,1.1804,23.2399,23.2166,0.1002,50.3408,47.3664,5.9087,35.4857,32.7735,7.643,3.7081
9rYyXYgQEdGYY1PiFKxNSlIMG_TULgQuWUfzZOvk6jo,train,25.4944,26.5023,3.9536,25.2746,23.1478,8.4149,46.7413,47.2259,1.037,34.5594,32.6764,5.4487,4.7135
9tplm5gImUViNEcYr2L4gMd5m3cwH61-cy8uJ4SItP0,train,31.4301,31.0873,1.0908,25.8774,27.1524,4.9272,50.7847,55.3961,9.0804,40.1633,38.3294,4.5659,4.9161
9u-vaMTZFzgzBDbB_7W0DzM9IUpAxQey33Uwvjo7q8Y,train,33.5975,35.0509,4.326,28.6678,30.6143,6.7901,60.468,62.4591,3.2929,37.3112,43.2165,15.8271,7.559
9wCJatfv6BpfIhr16KyPosqMAPyrZUL2SCdjDms6N_g,train,26.0145,26.0368,0.0859,22.6039,22.7412,0.6076,49.1671,46.3964,5.6353,35.3256,32.1024,9.1242,3.8633
9yDE38ljye2XhcQc38xggbv64HwXDSbDkh5bb3lMNkU,train,26.9576,24.4978,9.1245,24.8534,21.397,13.9072,49.3574,43.654,11.5552,32.5815,30.2049,7.2944,10.4703
9yk82zvknWTdeY72Mgr_csskhndqyfHzVO2-VLe9WRI,train,28.6065,27.8976,2.478,26.6115,24.3665,8.4361,51.5794,49.7123,3.6197,37.1121,34.3968,7.3166,5.4626
9zd0Z9boKUq9SD_wczvUvpYqyEu_fSMDqi6lrDgXhXA,train,28.8067,28.9321,0.4353,25.154,25.27,0.4612,47.5573,51.5557,8.4075,35.4001,35.6722,0.7687,2.5182
A-KSiAlbmLdaHtV_-A_n-6SEKsfkuYOJg8p9tDRqzwM,train,37.2344,32.6493,12.3139,30.0649,28.5167,5.1493,56.114,58.1797,3.6812,39.0216,40.2554,3.1621,6.0766
A473kSGcBV0gMsvzNTpkfTPujQu9VzA9Av_zmJOhelQ,train,26.9209,26.4962,1.5777,23.7351,23.1424,2.4972,47.946,47.215,1.5246,36.0667,32.6688,9.421,3.7551
A85jp7bNmv_K4qwOlKkYUhq8jD0NdTiPnw-ww-ITGiQ,train,22.9507,23.3058,1.547,20.7288,20.3558,1.7994,44.9779,41.5298,7.6661,32.2541,28.7351,10.91,5.4806
AF_6MWdI2jDoTYURBGrWe2xm92IlwYc9HPU6jIybQDk,train,33.6488,32.5407,3.293,27.797,28.4219,2.2478,59.9661,57.9861,3.3019,37.779,40.1215,6.2005,3.7608
AJhTuQCUcGqNWYEnrAPV9E_5n-63xapWDqLl5xY09b8,train,28.2036,24.7801,12.1385,25.4347,21.6436,14.9052,52.511,44.1571,15.9088,34.9705,30.553,12.6321,13.8961
AJrINvKEvx1BaOMF9r23zwKdD9tfkHY4jSO3GyImELQ,train,28.4586,28.3582,0.3527,25.0908,24.7687,1.2837,54.173,50.533,6.7191,36.9047,34.9646,5.2572,3.4032
ALq8LcExnBnHix58FvA7d3ih7OuuuutlokIyPGjte1s,train,24.4762,23.6747,3.2748,21.0655,20.6781,1.8391,48.8972,42.1872,13.7227,33.7462,29.19,13.5013,8.0845
ANcS9XoH2pvznx3fHddauqj8ZSRshkxtCyuPPA08d_I,train,24.9592,26.1878,4.9223,22.9975,22.8731,0.541,50.2295,46.6655,7.0956,32.7167,32.2886,1.3085,3.4668
AOROve_CMsO6bxWVAi3J6cn6izwWWgxmcCmZcV7Q0cU,train,27.5415,28.9723,5.1949,23.5612,25.3051,7.4017,50.6989,51.6273,1.8312,37.1008,35.7217,3.7171,4.5362
APPW003QXuBi87VOA5p0sEo04WdZKaw0-JIuA9eb0Nc,train,32.1926,30.2379,6.0719,27.8297,26.4105,5.0994,53.1512,53.8826,1.376,34.3942,37.2822,8.397,5.2361
AQaWg3TKMsHldi2NRDqm2W6mtwmAyo-MNKnIYVt9Cjw,train,19.1309,23.2942,21.7623,18.8812,20.3458,7.7569,37.6891,41.5093,10.136,30.413,28.7209,5.5636,11.3047
AR7uEXdi39EGZhXMCi74TR3E_kgSL3w9hQIhNDM3Y0U,train,24.1654,24.3147,0.6177,22.6058,21.237,6.0549,46.0049,43.3276,5.8195,33.0834,29.9791,9.3833,5.4689
ARC9XVPHMy4OmvCLVt3pOlOR-Wv17WxdC6zj0jJiquc,train,27.9938,26.8589,4.0542,24.4453,23.4592,4.0338,58.4231,47.8613,18.0782,38.2987,33.116,13.5323,9.9246
AR_VQJJ8t4DkdPQ-W-FXVWbnX-gzSCpFp_uR-L9oQck,train,29.8929,34.9514,16.922,26.7487,30.5274,14.1266,50.3539,62.2819,23.6883,36.8839,43.0938,16.8362,17.8933
ARfS_g_SLShf-MC6iRRcqbVYLj8XcaIMC0f1HHttn1Q,train,25.3526,27.6993,9.256,22.9068,24.1932,5.616,46.348,49.3589,6.4962,33.2115,34.1522,2.8323,6.0501
ASEvBkXrwsRq1uGPl2JEewV2FIl0v-eKHpgxNjek2Xk,train,30.4002,30.2476,0.5022,27.8291,26.419,5.0669,53.4854,53.8998,0.7749,38.811,37.2941,3.9083,2.5631
ASWDIHpxAgE8tjKibGquSeNFX7ipcfS8_dfxbSxsPJ4,train,30.8301,28.7863,6.6291,25.2081,25.1427,0.2594,53.312,51.2959,3.7817,35.4405,35.4925,0.1466,2.7042
AUIZuo6lfanwDEDqrbi0_Z4Rsle6CF3P6RaNyWw0_Sg,train,23.2598,22.48,3.3525,22.5534,19.6346,12.9415,46.7277,40.0584,14.2727,31.5833,27.717,12.2414,10.702
AVuZ9mUs33ut1kxRBTAy5aqL5sjjBnIieerhQKSVEN4,train,27.8688,28.9217,3.7782,23.991,25.261,5.2935,58.1887,51.5373,11.4308,37.4438,35.6594,4.7653,6.317
AWTr9jz168GTtnjbrdysCTk07lCDRKt7xoyPExsYJbk,train,28.0824,31.2238,11.1863,24.0594,27.2717,13.3515,53.1954,55.6394,4.5944,34.4608,38.4978,11.7147,10.2117
AX7n8bvX-5xbg8q0cCKaxASM66m2Xg7msSV5tYExzjc,train,26.0732,27.0838,3.8761,24.6162,23.6556,3.9021,55.2931,48.2621,12.7159,38.769,33.3933,13.8659,8.59
AYTfYEz3WD-XDPEqz4dwBmf_kEM8aL1V3rC8IaXKhFY,train,27.0501,25.0598,7.3577,23.8583,21.8879,8.2587,48.9793,44.6555,8.8278,35.2679,30.8979,12.3909,9.2088
AZ5hzYVEUK-ZTWjtXpLjwDTl6b-lRHEQQw1Be95nU28,train,30.8511,35.0264,13.534,29.2333,30.593,4.651,56.5576,62.4155,10.3576,38.1578,43.1863,13.1783,10.4302
AgS48Otp4jBlbXCuMT4yzzXXIQprRt0tzGYCI6cJ1FA,train,26.6003,25.1004,5.6387,23.948,21.9233,8.4544,46.5081,44.7278,3.8281,33.7109,30.9478,8.1963,6.5294
AhfyGaD1BKo0-u6PeQk2oI-Bw5l0XxpAqNroFuZuy0I,train,35.5705,37.4862,5.3855,28.0172,32.7413,16.8616,60.9617,66.7987,9.5748,39.8905,46.219,15.8647,11.9216
AhtPy8eUpV2vcLu0n2Ml3Tli0oyLRJqXybWmMsm6i48,train,27.6346,26.0397,5.7714,23.8684,22.7437,4.7119,51.2764,46.4015,9.5071,35.961,32.106,10.72,7.6776
AjjB843zmMmQX4CfAu_mdS4mOj005W6mZjJzguc10Xo,train,31.6313,29.4571,6.8735,27.4932,25.7285,6.4184,51.0804,52.4912,2.7618,33.3374,36.3195,8.9452,6.2497
AmedggJX7Rhsxnnl44fPJ5Tj4zIapmO_nJ_gIV3nHlY,train,34.0381,35.4978,4.2884,30.2746,31.0047,2.4114,56.9606,63.2555,11.0514,40.1328,43.7675,9.0568,6.702
ApDFanKIPc6JqHd_e9JRDA9_V-Th51KFbTd5PhChc2o,train,34.6488,29.0292,16.2188,29.9256,25.3548,15.2737,55.9189,51.7288,7.4933,39.2266,35.7919,8.756,11.9355
ArCTyEI49rEdplfHwC9S0HuE3rvR4bllQp_3-wQldR8,train,33.2176,33.9402,2.1753,28.7161,29.6442,3.2319,58.2271,60.4799,3.8689,44.5124,41.847,5.9881,3.816
Av0raRwCIkOPOO2_mAsoEehVscy8jZGYrLC9GOVIcF0,train,27.1387,27.5591,1.549,23.7839,24.0708,1.2062,52.5014,49.1091,6.4614,37.025,33.9793,8.226,4.3606
Ay17AXkv1EI2b1Cp-qH1xBuAKF-bNQVMEYruSbLCYxQ,train,28.7014,26.6013,7.3171,25.2502,23.2342,7.984,52.8294,47.4023,10.273,36.141,32.7984,9.2489,8.7058
AzRuQb4fUNeZNDybxcByCOcHQzN8BPYoOacSIuE50fQ,train,27.7331,28.2719,1.9428,26.7361,24.6934,7.6403,49.5841,50.3792,1.6037,35.2279,34.8582,1.0494,3.059
B0Z9Yi4-Fq_kfX9T9yRIA6iZrVAr611tdGaSdtGmckg,train,29.163,26.0493,10.6768,25.638,22.7521,11.2563,52.7267,46.4188,11.9634,39.3218,32.1179,18.3205,13.0542
B10606VgKgwKhNZbpLpWmRMz9OyxGOh_GsYBqDBVuoU,train,27.7804,25.9826,6.4713,25.0618,22.6939,9.4482,54.9913,46.2999,15.8052,36.3219,32.0356,11.8008,10.8814
B1EmAqa-3fmzu1QK7URXNIRTDCHrCquueFZNV7V5MHY,train,29.2203,28.0907,3.8661,23.9008,24.5351,2.654,54.6078,50.0563,8.3349,36.6773,34.6347,5.569,5.106
B8ND_3IzBRZG78mbv0TrUyJn79ZXP2zkAyth6Wsw1Mc,train,33.1908,30.6495,7.6566,29.3719,26.77,8.8584,54.3563,54.6161,0.4779,39.2688,37.7897,3.7665,5.1898
BAd0xtOsH_sRg0JKio9izgE5u5nS9-FNc4IftcfLDVY,train,28.1613,28.605,1.5754,26.9231,24.9843,7.201,45.5521,50.9729,11.9002,32.4267,35.2689,8.765,7.3604
BBb7iHIhdhoi02ZQMSh-dEgl8LPlIx7ZB9SoHi30RiI,train,30.2766,27.9254,7.7657,25.4532,24.3908,4.1742,52.0562,49.7618,4.4075,35.5442,34.431,3.1318,4.8698
BFc5dG2exM2V9y2QL5ACK_YqmXrT6_LolirPXkZIJBE,train,26.1356,28.0222,7.2183,25.5258,24.4753,4.1156,46.1855,49.9343,8.1169,35.1562,34.5503,1.7233,5.2935
BFf4wYsA_fQ-YMPs6O0OdFYmwJu3yHbU7_VTRwuvf-0,train,27.7114,30.2281,9.082,23.7298,26.402,11.2609,54.0339,53.8651,0.3123,37.7058,37.2701,1.1554,5.4527
BGjL1f-CjLwYekISOM-ZP9CGKLtlVbXMfak4uh6NEtU,train,29.6773,33.2148,11.92,26.8826,29.0107,7.9163,55.762,59.1874,6.1429,39.1645,40.9527,4.5659,7.6363
BIF35RoJ4W76JSB5HL0sgDi6obf_rKNkxKcIQjmIM5o,train,27.5977,25.5712,7.343,24.3012,22.3345,8.093,50.7554,45.5668,10.2228,34.5634,31.5284,8.7811,8.61
BIgqCAZI0sAs9l6VoYb7f5DEalgi2C2UbnCcl6iXX0U,train,34.8578,33.0995,5.0441,28.3587,28.91,1.9438,60.1563,58.9819,1.9522,39.9075,40.8105,2.2628,2.8007
BKcAmykBFFMpHkcQ-KJDzk6tPQ3ZsodfDxly726gHlg,train,30.1453,33.8595,12.3207,27.1214,29.5737,9.0421,49.8354,60.3361,21.0707,39.3308,41.7475,6.1446,12.1445
BN5HI-Z_2P6YYrmnCnCxuMkNIK4gXS98XmLvD4GMLwM,train,43.0921,36.2942,15.7751,33.6605,31.7003,5.8235,65.13,64.6747,0.6991,44.7786,44.7494,0.0651,5.5907
BNldbDpAydeJs9HMe4pjl5PF65x7iRBWOhN8P6lTKpg,train,22.5965,21.9012,3.0767,21.8445,19.1291,12.4306,44.1564,39.027,11.6164,31.6274,27.0034,14.62,10.4359
BQeb8XcTMbJ-ovQPTW7X9JiwPUIW28lL8REJ9yjQtQI,train,33.2127,34.4533,3.7354,28.0522,30.0924,7.2729,50.7451,61.3942,20.9854,36.1527,42.4796,17.5004,12.3735
BTZCXKxodbga0YN6s0TRfWanSSuwHMGUk4lK1XQTDsM,train,39.8475,33.9706,14.7485,36.4038,29.6708,18.4954,55.7455,60.5341,8.5901,40.1143,41.8845,4.4128,11.5617
BUhmNtrPKv9T-5hUVF14PuEsoSx0VEobiP4M-T7dqow,train,36.6858,35.2634,3.8772,30.7184,30.8,0.2656,61.9668,62.8379,1.4058,41.7685,43.4785,4.0942,2.4107
BWyBQ-edyHyT2dvptC8hXDEVUelbmFW3KQdWMldEqTo,train,36.1265,27.3402,24.3209,29.7209,23.8796,19.654,55.9605,48.719,12.9404,36.6931,33.7094,8.1314,16.2617
B_HmsIJRHhy2Nz0cI3egjmWuu1BAEsxE__E_yjjxaXg,train,29.3179,31.0282,5.8336,25.4376,27.1008,6.5383,57.9525,55.2909,4.5929,41.1548,38.2566,7.0422,6.0017
BaRhVKbybxHkz7yGjtb8pPddlUs8O9qoQlvhJ-aVy6w,train,34.2901,28.0169,18.2943,30.3642,24.4707,19.4093,60.5498,49.9249,17.5473,40.0829,34.5439,13.819,17.2675
BbX7lHkhGt2IQ7TA2YEWrwhmHtOA8LMrmID9UrOwlow,train,29.5984,30.1851,1.9822,27.0921,26.3644,2.686,50.6717,53.7885,6.1509,37.4894,37.2171,0.7265,2.8864
Bc22uCvw7uMHbGioIywFoiqXPBu9_05dz9ptmmuPUaU,train,34.4909,33.9425,1.5899,28.5648,29.6462,3.7858,61.3348,60.4841,1.387,41.8246,41.8499,0.0605,1.7058
BcfLjoZiAgGyAvozpMYCkbXsM37U12f0bmXpYN3dp58,train,28.6481,29.3944,2.6052,26.9278,25.6738,4.657,48.9566,52.3795,6.9918,36.1737,36.2422,0.1893,3.6108
BdFJ6S4lBl4736lPf9jCcvW62dG3MLjVe1wmgozKwfE,train,27.121,25.601,5.6046,23.6884,22.3605,5.6055,47.7814,45.6198,4.5241,33.7702,31.565,6.5299,5.566
BsfJzTZxaGixB_zWMI7Cy7JNn8EAkY0gRBq12NeV33g,train,23.4338,25.1233,7.2097,21.4621,21.9433,2.242,48.5493,44.7686,7.7875,33.8494,30.9761,8.4887,6.432
Bt-NL9ZT5GZxAuA8Xd2pI6oA3ZnjyF5sZ47u3KkkNGE,train,30.313,25.9211,14.4883,26.5899,22.6401,14.8542,51.4921,46.1903,10.2964,35.7224,31.9598,10.5329,12.543
BuS-57KVH5PUMufrQLs3EkdD9lLWqtt06DpoL12nlsA,train,28.3713,26.8424,5.3888,26.2481,23.4448,10.6797,50.6883,47.832,5.6351,37.0862,33.0957,10.7599,8.1159
BudSKCmehLTLYkcJ3Rqgwlytb6Y9zez4iFh-Qs0uz00,train,24.3345,24.3391,0.019,22.1557,21.2584,4.0499,50.8825,43.3712,14.762,34.2801,30.0092,12.4588,7.8224
Bw2PyLbuifFyXit6r_6EbyOjNAHUYU6pi1NpbF5_Xnk,train,27.5731,31.3055,13.5363,25.0711,27.343,9.0618,47.7145,55.7849,16.9141,36.3911,38.5985,6.0656,11.3945
Bwo4aB1FVh_V5rDzT7D64XUtIYW0ZjOAy6k67FYdICY,train,34.2562,34.1007,0.4541,26.3134,29.7844,13.1911,55.5382,60.7659,9.4129,40.4589,42.0449,3.92,6.7445
BzT7pQ7_8gIZuqadGE7M2TJT_LmR--lXZRnZ6QKQl0k,train,40.2999,40.8574,1.3835,30.5425,35.6859,16.8399,67.6568,72.8061,7.6109,43.4239,50.3757,16.0091,10.4608
C0rmfpGsQBjErdJrkM-Y1_LWHu1K4s0L10e3BfcR66c,train,27.6661,30.4579,10.091,24.6559,26.6027,7.8957,54.1528,54.2746,0.2248,32.9096,37.5534,14.1109,8.0806
C2_TbTQS8mt1iDuch-2UdIl07Aw7vZ9jqRFmU-5u0Ns,train,34.9584,33.6417,3.7664,28.1618,29.3835,4.3382,56.9726,59.948,5.2225,38.8531,41.479,6.7585,5.0214
C2pXz4i3cHo17Qg0CiDg0JrK1Gex-MV08Vl3C2d6h4k,train,30.0773,32.728,8.8129,26.1596,28.5854,9.2733,54.1856,58.3198,7.6296,37.1981,40.3524,8.4798,8.5489
C3PIc8UwCvz7hHumkLxIlHqNsGb9nT0IJ34SeXGwjew,train,29.5666,29.0152,1.8651,25.907,25.3426,2.1786,47.9718,51.7038,7.7797,36.8299,35.7747,2.8651,3.6721
C4lhsTVb9LE9gZst01WWtbVCB6yRT6AIZlzghAXpFaQ,train,28.5735,28.7472,0.6079,25.0566,25.1085,0.2074,53.331,51.2262,3.9465,36.7542,35.4442,3.5642,2.0815
C99I8XlVDb5hWLa_nVgvdpz3vd9Y715kFCrGD4NZls0,train,31.8295,31.3943,1.3672,29.2184,27.4206,6.1531,53.447,55.9433,4.6706,38.4745,38.708,0.6069,3.1995
C9u3gdyg9GeVZrIz7xVpD9lKdhg1AKmCuML3iVjJxs8,train,25.3668,28.6088,12.7805,25.3962,24.9877,1.6087,51.3834,50.9797,0.7857,34.1641,35.2736,3.2478,4.6057
CBrJEu7fU9HXJOmfRDmx9NjLqMjHBnhyyXhyR6aDYNY,train,36.9938,38.1566,3.1433,28.1693,33.3269,18.3092,70.2542,67.9934,3.2181,44.338,47.0457,6.1069,7.6944
CBvOOoEpsIew33mjzFH5NNwXsq88i3SjVq5Hwj83vw8,train,31.1577,29.4241,5.5639,28.8378,25.6997,10.8817,49.7632,52.4324,5.3638,35.7934,36.2788,1.3562,5.7914
CCHsOEZmSYbVoB3ecu47M09hpz0wKo9-Pm2qTUlzAJA,train,32.2827,28.5165,11.6664,25.3159,24.907,1.6153,57.5822,50.8151,11.752,41.0706,35.1598,14.392,9.8564
CHjWSY4mzPg3abl5HB_P8fK2e3duHwHelNvhPIzNz5k,train,33.2037,35.292,6.2893,29.1138,30.8249,5.8772,52.8726,62.8887,18.9439,39.1053,43.5137,11.2731,10.5959
CKFPBwrwz49eS2XGCLmhIdY8uWrUvWIq52WKiNI5Rkc,train,34.1763,34.3879,0.6193,30.4209,30.0353,1.2677,62.0739,61.2777,1.2826,43.6592,42.399,2.8863,1.514
CM-k2sWlxOSS_H9bXQ268_o8gAVOdk6nsVPBJyWO8rM,train,30.7244,29.1436,5.145,25.184,25.4548,1.0752,61.0636,51.9327,14.9531,38.4409,35.933,6.524,6.9243
CMPEl1j2-qA5LzX_y6_NgQ5dlvmYZule7DU0dwawvRE,train,30.2884,27.1398,10.3954,26.1707,23.7046,9.4233,52.9352,48.3619,8.6394,38.9081,33.4624,13.9964,10.6136
COBCfW9dpPdtWTJu2CzyQdM7de12tj2ggfL7I-Dy1wU,train,27.7077,27.9618,0.9169,24.8437,24.4225,1.6952,52.1406,49.8266,4.4379,35.9125,34.4758,4.0004,2.7626
COXJIiTpnij6N8KobXwfdCeZ5CD68fv3_F0mp3SYlZE,train,35.7856,34.5393,3.4828,29.2088,30.1675,3.2819,60.9376,61.5474,1.0008,41.1384,42.5857,3.5181,2.8209
CPLbY6ZD-pyFOqduSW9IFPmHCFn5PSATTg3653t9Dbw,train,31.0483,29.0081,6.5712,27.3681,25.3364,7.4236,58.535,51.6911,11.692,39.1712,35.7659,8.6933,8.595
CPWboWZpCjaj7tkDaM2cpRavIrA3W0grLT6CLyvEo2Q,train,36.0943,31.9432,11.5006,30.0353,27.9,7.1093,55.6257,56.9214,2.3293,37.8945,39.3848,3.9326,6.218
CQTWLTURUfrFSLu817NgNE1iiCTWgrsWsRxz4ZU61-k,train,27.6001,30.0194,8.7657,25.0525,26.2197,4.659,52.6999,53.4933,1.5055,37.0064,37.0129,0.0175,3.7369
CWZecj-GK2oAetSPilVojUOpcl48oPc6aVuYNJqJ0fI,train,29.1041,28.3931,2.4428,26.0324,24.7993,4.7367,52.5528,50.5953,3.7247,33.0991,35.0077,5.7663,4.1676
CWsXWbzlcZWuDV5IIDEaDHbnuu3RkVNWL-b6PfNcTww,train,35.688,32.5263,8.8591,29.1999,28.4093,2.7076,60.2491,57.9605,3.7985,40.8257,40.1038,1.7683,4.2834
CX_I0JMcODvC2LPmlmYRh3etL6j37gcCKKrZfLuTfP8,train,27.5052,29.2065,6.1854,25.2652,25.5097,0.9675,52.253,52.0447,0.3988,36.3391,36.0105,0.9043,2.114
CZWB0NkblOqNNXBqmUX35LqKjFe5e5JKVsSf6R4ER84,train,30.1569,27.5103,8.7759,25.6094,24.0282,6.1742,49.4925,49.0222,0.9503,34.4149,33.9192,1.4404,4.3352
C_1f3G-Fy_rRM0SHkTaT_pe2C-1nph4BWwNGS3MueH4,train,29.6593,29.4952,0.5534,24.6434,25.7618,4.5383,55.9719,52.5591,6.0973,35.7133,36.3665,1.8289,3.2545
CeXq-ry7CgdV9VOSUTe1DxFlckss7pOQS1t__UWRib4,train,36.3557,37.8591,4.1352,29.5898,33.0671,11.7516,59.5555,67.4632,13.2779,41.2649,46.6788,13.1199,10.5712
Ch6e6Z9FIyS6tVflcxYh8mvH-bpXl_wjt47fAAVvo9w,train,33.0486,35.5355,7.5248,28.5584,31.0375,8.6808,56.6457,63.3226,11.7872,39.0339,43.8139,12.2459,10.0597
CigWnxFs_t9NJNTzq7PMdcO6162RK6ETpwLtHG31qbE,train,25.0799,27.4736,9.5443,22.7493,23.9961,5.4806,48.974,48.9567,0.0354,31.2976,33.8739,8.2315,5.823
CkenlGnzhHhAweaBpkT1av5IZItgFBk2k05QPYSLXu8,train,29.6288,27.0653,8.652,25.1428,23.6395,5.9792,57.059,48.2291,15.4751,37.6529,33.3705,11.3734,10.3699
CpFafJDl0f2NkI4XPdcEpqtEtAyQlfh06eeNnLelmTw,train,31.2128,29.0572,6.9062,27.9955,25.3793,9.3451,54.1775,51.7787,4.4277,36.5507,35.8265,1.9814,5.6651
Cqf3h3F0sRrl5v9a0RoFogAWJU3E4sH_7JRNxK9IX18,train,33.9613,36.2958,6.8741,28.345,31.7016,11.8421,58.0633,64.6775,11.3913,40.5178,44.7514,10.4485,10.139
Crb0x2lhEjGXXrx0Vmvx6cTvpQlX4fyn6NlbcU-KvAQ,train,32.2399,30.7756,4.542,28.1061,26.8801,4.3621,52.7038,54.8407,4.0545,36.0122,37.9451,5.3674,4.5815
Cs-o0pke1roKv1voqw9fRI46nKhiUxqh2Ai_HQPSc0w,train,27.4954,26.6078,3.2281,26.2186,23.2399,11.3609,46.0355,47.4139,2.9941,34.9665,32.8064,6.1777,5.9402
CvOfSHnVlyG0_I8VeK9Rs5VsGk0HaOAHI1evhHuIvTc,train,40.5821,42.2511,4.1127,30.4968,36.9031,21.0064,64.9615,75.2895,15.8987,43.2288,52.094,20.5077,15.3814
CzB2IamAjhffe1JtcGkG39D1xx3pTu59KJ2tEPd_fIs,train,30.0822,30.6294,1.819,27.2793,26.7525,1.9311,54.1585,54.5802,0.7788,35.4173,37.7649,6.6284,2.7893
D-00SIzv7YqJxQbnWSav0Mpc5tNuECWfkjuE5q4BuNM,train,25.9392,27.7344,6.9208,23.2528,24.2239,4.1765,50.74,49.4215,2.5985,32.2558,34.1955,6.0135,4.9273
D0eXN6wb19lyHGlE8OOTBR6Xn7qPtrQIW_vZqXHps2E,train,30.884,32.7097,5.9112,26.5786,28.5694,7.4902,53.8714,58.2872,8.1969,38.5183,40.3298,4.7029,6.5753
D4fMm4EBjaPKD_HVNJAVfFWTZnB-r_ZKhWngRfO24MQ,train,29.0932,30.0277,3.2122,26.295,26.2269,0.2589,54.5272,53.508,1.8691,39.0447,37.023,5.1779,2.6295
D4jRWVQxSD5SdIZooMH2pgR7modOEqwPCKG574RVCHw,train,37.5081,35.9394,4.1822,31.1059,31.3904,0.9146,65.7059,64.0425,2.5316,41.533,44.312,6.6912,3.5799
D55ePLeosuJRzKB60hOV7jV6enij57Je8JupMd5pGUA,train,31.7401,32.828,3.4278,28.3416,28.6728,1.1688,48.8137,58.4981,19.8395,35.2304,40.4758,14.8886,9.8312
D5MgCWoXZKaws5pwM3efCY4J9t83gTcdmS5xWrTg-y0,train,28.3046,33.8172,19.4761,25.6673,29.5368,15.0755,51.4254,60.2607,17.1808,38.0053,41.6954,9.7094,15.3604
D5MxWVqkLBI5d_PXrkDBVQF0KdH11UceoNFdxhby5Lo,train,30.5612,31.7026,3.7348,26.736,27.6898,3.5673,55.4692,56.4925,1.8449,38.0789,39.0881,2.6502,2.9493
D67omAA_zW-xRHauJVrY3pbpnOsfMQVGyw6MXw6BJ00,train,33.2794,33.9647,2.0591,30.381,29.6656,2.3546,54.2355,60.5235,11.594,37.8684,41.8772,10.586,6.6484
D6kXZAh1mfppxOiWxUvsXamValVp-JjjGhTOtF4V6AU,train,29.7222,31.4128,5.6882,26.0693,27.4367,5.2456,55.0037,55.9763,1.7681,38.3922,38.7309,0.8822,3.396
D9g9ZKidKB3GRGYojp9GbcTQaZ3OgzV8uwYu9Y28OwQ,train,30.3271,27.5098,9.2898,26.347,24.0278,8.8027,48.5641,49.0213,0.9414,35.8535,33.9186,5.3967,6.1076
DAidIHQc5eh1Eo_4g2j6WhWGPXqGaWU050M3TAJKsOo,train,37.4028,34.0121,9.0654,28.3505,29.707,4.7847,61.3531,60.608,1.2144,40.9387,41.9356,2.4351,4.3749
DCA3Le3s1Oh-UiRWy_kDjoieCC_MvJg_4ndji_I87jc,train,28.9099,27.8751,3.5796,23.1521,24.3468,5.16,55.4296,49.6721,10.387,34.9846,34.3689,1.76,5.2216
DCmj2JmoHv4tUSv4DJVwagjX6xlF7R_HOPVY_qLDciM,train,25.0458,27.7719,10.8844,21.8459,24.2566,11.0354,46.2611,49.4882,6.976,34.2438,34.2417,0.0061,7.2255
DDliBRlYFBCyG-UjlAVLiDG4nvRl8nodOUOtLxfu5Us,train,38.2821,35.1292,8.2361,29.7258,30.6827,3.2193,59.3536,62.5987,5.4672,41.4636,43.313,4.4603,5.3457
DG2gcnRT9376_LCvGbC18sj3awx9eam97m7hGIXnFZI,train,30.536,31.8752,4.3859,27.5819,27.8406,0.9382,53.5791,56.8003,6.0119,39.4278,39.301,0.3215,2.9144
DNDgaE6BmUFno7fz7Lv2jHwHZ7Za8QFpLVa0hgdtcxk,train,28.7082,28.4607,0.8624,24.3329,24.8582,2.1591,57.2327,50.7156,11.3869,37.8084,35.0909,7.1873,5.3989
DO0TBM6hS6eBNP3lGOKT5r44h22ZNNvEsIpMG4PqGnU,train,32.6413,28.9665,11.2582,28.4258,25.3,10.9963,49.3254,51.6169,4.6457,37.4017,35.7146,4.5109,7.8528
DO150kWLqQFZY4oWd07i0jg7BCyn-2CVxybcFrkRJok,train,26.2094,26.6845,1.8126,26.1808,23.3069,10.9772,51.8737,47.5506,8.3339,38.9107,32.901,15.4449,9.1422
DO8tooWC1qxpc4dwwCTnqTaHt6AOSqh4hsH8PgdFRUk,train,28.655,28.46,0.6804,26.6818,24.8577,6.8365,50.8568,50.7145,0.2799,35.2767,35.0902,0.5289,2.0814
DPwt8F_vquY-OAHRNkzzFSswSXW12LaWFAzqeADFGFo,train,32.1828,31.3684,2.5306,29.2052,27.3979,6.1882,59.1461,55.8971,5.4932,38.9896,38.6761,0.804,3.754
DQNsw4euv6SnrLFmtGP7bulvghA0_pMCJ3xGK-s-rwA,train,31.0289,28.3825,8.5287,26.8439,24.79,7.6512,50.7043,50.5764,0.2522,37.8738,34.9946,7.6019,6.0085
DTjqT-10YClWQzHylJUcdSeas3p3DzwsjLzIP3ixZ8Q,train,28.4295,27.5738,3.0098,25.5026,24.0837,5.5639,52.0771,49.1353,5.6489,37.2548,33.9975,8.7434,5.7415
DYJR9xAeblKG6aQwKXKaxyK5toR1c9ih8lq8cztV52k,train,34.7586,37.8276,8.8293,28.7829,33.0395,14.7889,61.5786,67.407,9.465,36.5645,46.64,27.5554,15.1596
Dakw_gp54cuK-Oa6-S5oqbUodfgWsnLoDW-8ur0oX54,train,29.6775,29.5945,0.2797,26.7001,25.8485,3.1894,50.3999,52.736,4.6351,34.2838,36.4889,6.4317,3.634
DchX-kL5Vq9LfgQfd4f5iRmcJVFniRcRtBPpfv5dEaY,train,32.8947,34.4214,4.6412,27.6856,30.0645,8.5925,60.6139,61.3374,1.1935,38.7165,42.4403,9.6182,6.0113
DoCDz-OXvZTOsLd_FeNcKDJ8P3TeHgw0z6dYdBVYiZs,train,31.0311,28.564,7.9504,28.1875,24.9485,11.4911,55.6544,50.8997,8.5433,37.2614,35.2183,5.4832,8.367
Dr6DJHkKjKrCyAcT1MDvaJbSbLoc6D7KwnqkUOxPat8,train,32.373,33.6016,3.7953,27.8889,29.3485,5.2336,53.5789,59.8766,11.7541,37.971,41.4296,9.1085,7.4729
DsguZcPKClBTPnzsQ2AQz9mHvrN-oDU6y11z-2gcJKM,train,27.921,25.0325,10.3453,24.3925,21.864,10.3658,48.2402,44.6068,7.5319,34.3425,30.8642,10.1283,9.5928
DzFVefVg0qyZwV68DGxNR7jyM4H3ZrNzeyrpBHnXeJo,train,25.0099,27.4196,9.6351,23.6133,23.949,1.4217,50.118,48.8605,2.5091,32.9499,33.8074,2.6024,4.0421
E0j_IAN4AJLKZCIAGxPEeF7iyZsMLi2O669WH9zPnkc,train,31.5079,27.2995,13.3566,28.0325,23.844,14.9414,54.151,48.6464,10.1652,34.8288,33.6592,3.3581,10.4553
E7nVTJrt4u_NE0ng5HgEB-JnAxOzuZvzYqwUfliS1Yk,train,29.2883,29.1108,0.6057,25.2756,25.4261,0.5957,52.4174,51.8742,1.0362,33.7339,35.8926,6.3993,2.1592
E7yXJPyBXY7qQ6ec2BR24Qp7P46IzFTodv9yt3RDrfc,train,32.3012,36.3662,12.5849,26.6609,31.7632,19.1379,57.1723,64.803,13.3469,38.4558,44.8382,16.5969,15.4166
E8-vjMUBIIvCU3QWccMaqpmmwMclKonOuHHZEaPFWis,train,30.7681,31.157,1.2638,27.4061,27.2133,0.7035,50.8612,55.5204,9.1607,38.3677,38.4154,0.1243,2.8131
E8WLBaYIqWR3uHCUsVekRY8KnMNDj7SB51vc-YQ0M-A,train,26.7921,24.8062,7.4124,24.4499,21.6664,11.3845,44.5976,44.2036,0.8835,32.0816,30.5851,4.6646,6.0863
E8tDQ5IgdBwbjLIXu7GwcupEHYbi0eB18YNcsgsSbP8,train,39.3896,37.2614,5.403,29.8613,32.545,8.9873,67.9804,66.3981,2.3275,42.4164,45.9419,8.3117,6.2574
E94UMPZc3-uMfYi-RQKaVTIq9gxZgdqrwYROrJoU2oc,train,36.3049,33.5902,7.4775,32.006,29.3385,8.3345,58.5556,59.8562,2.2212,42.4691,41.4155,2.4808,5.1285
EApSPjEmc7qb4yp3y2p50Xiv6LaNsRds8TwVXx8h_6o,train,34.2157,34.1237,0.2687,25.6987,29.8045,15.9767,54.8589,60.8069,10.8425,34.6686,42.0733,21.3586,12.1116
EBFIHGLlPfeXlotkyUFlWP6VUxGoWbXvpo4jB8ESXYo,train,27.2228,26.7298,1.8108,24.2496,23.3465,3.7243,53.864,47.6313,11.571,37.0479,32.9569,11.0425,7.0372
EC66JDr10U3CsiBxBcjr9yDFyJWxntX__ubLEoysNcI,train,33.4192,35.2067,5.349,31.1691,30.7504,1.3433,60.7618,62.7368,3.2504,44.8219,43.4086,3.1532,3.274
ECoa3Ple2_VClgZ3w6ArCH22bluCUpp5c2egmx6k6SA,train,25.3614,25.1861,0.6909,23.8065,21.9982,7.5957,47.3028,44.8806,5.1206,34.36,31.0536,9.6228,5.7575
EDsQ5QTxPA6HU6P7h33H_tZj5Yu4TVqujzoI03f7PRk,train,29.9506,28.9017,3.5019,28.4225,25.2435,11.1847,53.1443,51.5016,3.091,37.0342,35.6348,3.7787,5.3891
EDxCRFGEDIz3y0Po9KOn_bb2ehChgvksQ9rqfGDQ3no,train,24.0891,26.1235,8.4455,22.9477,22.8169,0.5699,47.599,46.5509,2.2019,34.5705,32.2093,6.8301,4.5119
EH-2ZQu7BOe3EdDMU6lnma8I2A_IjTFG8k0XRL3KABo,train,30.6146,29.1337,4.8371,27.677,25.4461,8.0604,51.2405,51.915,1.3163,35.6676,35.9208,0.7098,3.7309
EHvGjGPbMe-9c5RQM9QVBebxCQhJ3r9Ic1RnQdCuS_o,train,26.1299,26.2697,0.5349,23.3038,22.9446,1.5413,47.699,46.8114,1.8608,34.5533,32.3896,6.2619,2.5497
EJ9WxsKpBR1iAQXdMdj1nrUbRPwihEfi_SGgd1NN4ac,train,24.9509,23.0373,7.6697,23.16,20.1213,13.1203,48.1107,41.0514,14.673,33.6276,28.4041,15.5333,12.7491
EM-6EtL8D0Vm_DgCkXQmVxVEsmd_bwiQkH-066UyZsY,train,27.6003,27.1685,1.5645,24.7788,23.7296,4.2339,47.9052,48.413,1.06,35.7983,33.4978,6.4265,3.3212
EN45bXeRCREnNHm6nZ-FCHtpgW5bGuJSdWlVLEebsL0,train,26.4486,26.6144,0.6272,23.2088,23.2457,0.1592,51.9226,47.4257,8.6608,31.1555,32.8146,5.3252,3.6931
ENgw2m_MNUmwXsw6B4gqR0zeU-YRSH_QSuLOAD1qcv0,train,28.588,29.0799,1.7205,25.665,25.3991,1.0363,49.9523,51.819,3.7369,37.5349,35.8544,4.4773,2.7427
EP3nlJStPZoBk24yoJJ95kaD-CzK-Bwt7UeWZzA2Tic,train,22.808,23.1165,1.3526,21.5202,20.1906,6.1786,44.4122,41.1926,7.2493,32.859,28.5018,13.2602,7.0102
EPzw1EmMy4-2WqBb_LB-GwiPzhsgyqRtkH3DpJl0O7U,train,33.6617,34.5724,2.7056,29.298,30.1964,3.0665,57.0265,61.6065,8.0313,40.8539,42.6265,4.3388,4.5355
ERRcCg5mF7lwV02OVW04-3jbDwK_LEU0Nx3FCX1yKoI,train,30.7308,27.9355,9.0961,27.2932,24.3995,10.6023,46.9374,49.7798,6.0558,34.0118,34.4434,1.2689,6.7558
ERgXhIP8ECRfbjznIweOW0N1ebpTx-AcczTw2U1joqM,train,31.0012,30.2508,2.4206,26.1938,26.4218,0.8704,55.3858,53.9056,2.6726,39.6843,37.2981,6.0131,2.9942
ESRIqrHhBYXiO2QN7t3PaTybQ0kJTQnfg1X9DvyeUZA,train,29.8927,29.9958,0.3449,26.046,26.199,0.5874,54.7503,53.4511,2.373,35.5408,36.9837,4.0598,1.8413
EU_UtqmsPy2xW35iJcsFplr9CMI5BDH-Is0qi5fVYlQ,train,32.2944,33.8828,4.9182,28.6641,29.594,3.2443,59.5054,60.3776,1.4657,41.6667,41.7762,0.2628,2.4728
EVzxmfGWPMsEwiPrz8uVa7SgSaddRdIYfmRGS-11j7g,train,24.8104,25.7347,3.7254,23.3633,22.4773,3.7922,54.7383,45.8581,16.2231,35.5501,31.7299,10.7458,8.6216
EWxU1yoEuKNYvYiUywPT4GGw-ty-CxzXZKurKUDeTp0,train,30.1322,29.5871,1.8089,24.1593,25.8422,6.9658,48.218,52.723,9.3428,33.4075,36.4799,9.1967,6.8286
EX2uDysebMMSHYDZ-DsEsQcZ6WlZps4W72fU0YRimXw,train,31.6283,33.4172,5.656,29.0718,29.1874,0.3976,54.163,59.5479,9.9421,37.7784,41.2022,9.0626,6.2646
EYCxG2aZTvf9mzPRA15QhSaxoXd_VJJ44jbWTwSYYbU,train,26.0394,25.8485,0.733,23.1126,22.5767,2.3185,47.124,46.0609,2.256,33.6796,31.8703,5.3721,2.6699
EYHKvjkoWEhaMdxSneiWiRED2E5xCMMOBM26nJiqKwM,train,27.9463,26.8568,3.8986,23.5002,23.4574,0.1822,52.2649,47.8576,8.4326,34.7767,33.1134,4.7827,4.324
EYh8j-7OgsvlyQvbcEHHJU7sY9yXQkn3W9PUZJPQ1nE,train,35.8493,40.3401,12.5267,30.9316,35.234,13.9096,63.0594,71.8843,13.9946,42.8983,49.7379,15.9436,14.0937
EZSFs4NfveRhx2gyv5v3qrH1_Rh53qhl24r5JzUSCoA,train,32.5933,31.6297,2.9563,28.9799,27.6262,4.6713,54.419,56.3628,3.5719,42.1504,38.9983,7.4783,4.6694
EZf8GCv7WZ5l8j5itthrmnOTBx1GAYks9lIEXm7yFd0,train,31.4861,37.1145,17.8756,26.7889,32.4167,21.008,52.242,66.1363,26.596,36.4956,45.7608,25.3872,22.7167
E_mYXtWu7JBX9zqu-TJrEMuu0IQFJ1HzYLTHZfjypw8,train,34.721,33.4281,3.7238,28.2272,29.1969,3.4353,54.5687,59.5673,9.1603,42.7564,41.2156,3.6037,4.9808
EdIZ4UZyPF9NeVOxjGlJKATWntX22ts3CfBx99chEmw,train,27.6436,27.9937,1.2663,23.7582,24.4504,2.9134,47.6326,49.8835,4.7256,36.3725,34.5152,5.1064,3.5029
EgAn4qfF1YOH7RZBjbsojaPsaXZSGwT_7vI15Ri1Vj4,train,29.0016,29.8613,2.9643,27.3129,26.0816,4.5081,50.4772,53.2114,5.4167,33.4267,36.8178,10.145,5.7585
EiIlFN1kdDC4IuIIEaEOUsCL3sfvPUkvsRXER8kWg2k,train,26.8979,27.8147,3.4081,23.4147,24.294,3.7554,50.6729,49.5645,2.1874,34.6259,34.2944,0.9571,2.577
EieZVPA-7JeO9Em9PMbaImzut1JlGA7oaWh3ou4h-Vo,train,30.466,28.5202,6.3868,26.9763,24.9102,7.6587,56.2647,50.8217,9.6739,39.346,35.1643,10.628,8.5868
Ela0jNn0WXPUNlRmAP-JHotHLqBa9AqfCrd4CMie5js,train,31.6306,40.3416,27.5397,27.3578,35.2353,28.7943,58.4605,71.8869,22.9665,41.2288,49.7397,20.643,24.9859
ElgBV3Pvdk-X9drymBwRhLa60UK96TWAmwKvfRCxJ3M,train,28.9424,31.7513,9.7053,26.4802,27.7324,4.7286,49.0822,56.5795,15.2748,33.0094,39.1482,18.5972,12.0765
Eq30yB8n2zijvlsS-MsuQovhI0sCDl19rfymZQ3bZmE,train,27.3801,28.459,3.9408,24.2305,24.8568,2.585,45.2545,50.7127,12.0613,33.9051,35.0889,3.4915,5.5197
ErPNgCrUvUF92wqIZaBIT9t2vgP-T-ziAmtTWgShQWE,train,33.2195,37.4017,12.5894,31.045,32.6676,5.2264,61.0605,66.6481,9.1509,45.3536,46.1149,1.6785,7.1613
Es_GZaoXVzviajUXwSoRzcovnivkqQpN8xbdqt2VlpU,train,35.8299,39.5572,10.4027,31.4089,34.5503,10.0013,61.1733,70.4892,15.2286,43.9322,48.7726,11.0178,11.6626
ExHvSn3DH-iqPCP5yp0dHLvKzR9chhSsrs-V5Nztrso,train,36.2586,33.7575,6.898,31.5452,29.4847,6.532,59.9728,60.1544,0.3028,39.6737,41.6218,4.9102,4.6608
F0ta_j9i9j_AawISizXiS01QOOZR0RrVEQlyWhtkado,train,25.0883,25.2703,0.7253,23.8974,22.0717,7.6398,45.2631,45.0305,0.5141,32.2033,31.1573,3.2482,3.0318
F2bHlcb2QbBRq0_jJC_kAC5En6uju_9EK54gmU_vnmQ,train,29.526,31.6757,7.2806,27.0875,27.6663,2.1368,52.7341,56.4446,7.0363,36.2008,39.0549,7.8841,6.0844
F2hVcfRAAc0OEz5QPIHt5zGIc7QLe54EUpedTB6pm7Q,train,26.0981,28.041,7.4445,23.1457,24.4917,5.8154,46.5946,49.9678,7.2396,31.8002,34.5735,8.7212,7.3052
F4TnEhf6SPRvMS4EpUaOTA2ZE-WJVz2b-YcJF3TxyKA,train,29.5716,25.2432,14.6371,25.3527,22.048,13.0348,52.5112,44.9822,14.3378,35.8049,31.1239,13.0737,13.7709
F62bkPo2vAFFkdRq_QK_2Vez9YTohUvOij_OAnI7Ysk,train,27.9885,29.8711,6.7262,24.1458,26.0901,8.0522,52.6059,53.2289,1.1842,35.8314,36.8299,2.7867,4.6873
F9ns22JyvIfwz1r2OKVDzNWBQe5C1hn66zyJIMuyP4c,train,31.6922,30.4939,3.7812,28.695,26.6341,7.1821,55.7583,54.3387,2.546,36.6984,37.5978,2.4507,3.99
FIKdwgnu8NHVkxHD8cCqOboG8gQmA_Ere1JE40CnfLs,train,36.2643,34.2244,5.6252,31.241,29.8924,4.3168,58.9916,60.9863,3.3814,42.556,42.1974,0.8428,3.5415
FNM6BdzPH7Jhr-wajdY13kpKGYoy-6wOH2FeN_ITBqc,train,31.8254,30.9401,2.7819,27.3461,27.0238,1.1785,61.9404,55.1338,10.9889,41.8056,38.148,8.7491,5.9246
FW3V29y6wTEwo4nfLsQJW1RuwDi3A6e57J4q-wGcDt8,train,29.5261,37.9167,28.4174,26.1199,33.1174,26.7897,52.3422,67.5658,29.0848,37.868,46.7499,23.4549,26.9367
FWIpJsIE9XnkEDUdFDJm07EZ2PhHuNzs2f-MJWog-zM,train,28.0914,27.5952,1.7664,26.7314,24.1023,9.8351,50.2664,49.1734,2.1744,35.5658,34.0239,4.3354,4.5278
FX2BCVsOwJvN8jTO6nsyRWOfBhAU2YCtcKOAABH9Z_M,train,38.04,34.9399,8.1496,32.9888,30.5174,7.4916,62.9794,62.2613,1.1401,45.033,43.0796,4.3377,5.2798
FYyN-I3eUVTrNJplKYfglP48b18n5SFmNaF-3XPqTWE,train,24.042,22.9691,4.4627,22.2747,20.0618,9.9346,47.5295,40.9299,13.8852,33.7953,28.3201,16.201,11.1209
FdptiwTDmIhBD4tRHUaQOs0cyBjz89KJ3296tK3fTVw,train,34.1212,39.2957,15.1651,29.6024,34.3218,15.9428,60.4614,70.0232,15.8146,40.8495,48.4501,18.6065,16.3822
FeunQSMTPBXcbjR0YGg_nMfJGJ_tLtBMI19jf1_O1ks,train,38.7053,41.3994,6.9606,30.5242,36.1593,18.4611,59.1971,73.7719,24.6209,40.2841,51.0439,26.7098,19.1881
Fkomw39WQwKtgdywx2IAbDRxGY4m0WaDoPdce714Y6s,train,32.4594,31.5924,2.6709,29.1371,27.5936,5.2974,56.4536,56.2963,0.2785,43.3978,38.9523,10.2435,4.6226
FmgyxUyfXZdhV2BlpOlISUa68okBmPEVJi6Ny8eqygk,train,35.1506,34.7619,1.106,28.9527,30.3619,4.8673,64.3722,61.9441,3.7719,42.6954,42.8601,0.3857,2.5327
FnZ7ZEVzWD_YNIjEdmg-2auiUS4_Z_NMpQXf_I9_dRg,train,31.5837,27.3771,13.3189,28.1733,23.9119,15.1256,50.177,48.7849,2.7744,36.7653,33.755,8.1878,9.8517
FqXWVse9UG8RiotqnTxIYLZ5ILjuqw3owUBqr1BLAHA,train,30.0398,29.7111,1.0941,28.2848,25.9504,8.2531,55.8443,52.9439,5.1936,38.6332,36.6327,5.178,4.9297
FtkKahQT8PBxplm9wrVH-dSoQTvozlx_jTfWxbcWQnA,train,28.4038,28.5689,0.5813,24.4781,24.9528,1.9392,56.3977,50.9086,9.7329,37.9317,35.2244,7.1373,4.8477
FwAVG7nOPd6T1uCC4QKtEfaDCf9KzAoZatrGs55pMFY,train,26.3292,23.8602,9.3774,22.0085,20.8401,5.309,51.4063,42.5177,17.2909,34.7771,29.4187,15.4077,11.8463
FwKn-jm3nCeeL0h6WpYdyUgAQd9jn1r7V1DlVSacAFQ,train,27.3635,27.1726,0.6977,24.419,23.7332,2.8083,48.8368,48.4204,0.8528,37.489,33.5028,10.6328,3.7479
FyDzLGOBeCwseB9Dgn8gPzMwe_rg1D9yl4kLk_JMwig,train,31.5463,31.1385,1.2926,28.0394,27.1972,3.0037,53.9255,55.4875,2.8964,39.5478,38.3926,2.9209,2.5284
Fzkr93_eCi1po-1rOc1iQA7ogk_z_kbMMB9H-M74NM0,train,31.2292,29.4151,5.8089,27.6273,25.6919,7.0053,53.0935,52.4164,1.2753,38.108,36.2677,4.829,4.7296
G0JQDSEOFc82uzcGLgqG8w9ILqIp4Ue43akzOWs-KJ0,train,27.1059,27.9031,2.941,25.7604,24.3713,5.3926,54.3797,49.7221,8.5649,37.3936,34.4035,7.9962,6.2237
G0ilgccW_OJkq0lraQtSuT_anU-idRoxUedr96glmYI,train,36.375,40.1921,10.494,28.0331,35.1048,25.2262,72.9073,71.6206,1.7649,43.2657,49.5554,14.5374,13.0056
G1cJvbexZIXKGdvja22JWyvwHdLKKmzp7oKBLC_GU_A,train,27.5891,26.2068,5.0104,24.446,22.8897,6.3663,55.152,46.6993,15.3261,37.0393,32.312,12.7629,9.8664
G2--3a1ZbnW54xZrzDhQDiV0ykwTVJPyaXDJqjk77og,train,26.6681,26.3776,1.0891,23.6229,23.0389,2.4722,51.2543,47.0038,8.2931,36.3837,32.5226,10.612,5.6166
G20SP-1En7Quun7441TOxc9maw-RyyniTksdrwPvJg8,train,29.6225,31.4892,6.3019,27.3832,27.5035,0.4392,52.174,56.1124,7.5486,37.9394,38.825,2.3343,4.156
G8cSXcCF9RyYdLwbhiH-x6yvLcuXMaK6070kee5v5gg,train,26.8675,26.522,1.2859,23.0859,23.165,0.3426,51.8015,47.261,8.7653,37.0469,32.7006,11.7319,5.5314
GDW3GQMSnDpsEPkbYoxPPqofr2Ig0xgMNM7Q67b-_7c,train,26.3032,24.8741,5.4331,24.5463,21.7257,11.4911,48.7923,44.3246,9.1566,34.6695,30.6689,11.5392,9.405
GDYTyheqqqyHQ1V0nV7Bt4XUO_l96BpxQlBLHbAoKC0,train,33.26,32.7665,1.484,29.5963,28.619,3.302,57.3467,58.3884,1.8164,38.1406,40.3998,5.9234,3.1314
GEWn-MPLn3WOANj4qOij0sGoggtdTBgs7syRY0uXul0,train,25.0742,31.4948,25.6064,23.6647,27.5083,16.242,48.704,56.1223,15.2315,35.3427,38.8319,9.8725,16.7381
GFNADLQ2HDtH5qhFavpu2_jRkAmotWyIsdleATeVNBU,train,33.6886,30.047,10.8098,29.7406,26.2438,11.7578,57.5039,53.5423,6.8892,39.0825,37.0468,5.2087,8.6664
GFy9ZiAZQPteKzU20LglQEdnXUvL6Y3Ho1ScbVkm9xg,train,27.0828,25.4831,5.9067,23.9025,22.2576,6.8817,50.0987,45.4098,9.3593,33.3766,31.4198,5.8631,7.0027
GHBbDwaAvfvXX3XyEWZg2vpCJQyH6_xgMKorwr3v_nA,train,36.0829,36.857,2.1454,30.5636,32.1918,5.3273,60.6863,65.6775,8.2245,39.0818,45.4433,16.2773,7.9937
GK2jds8tP3G6PyRZEtetBwDgWLEMWJUaEN_1btjyNrM,train,24.0844,23.0109,4.4572,21.4317,20.0983,6.2214,47.1241,41.0044,12.9862,33.7334,28.3716,15.8945,9.8898
GNebjaYXMV8QAquMJ9OpnRBgjYs51iK222J87fnAzYg,train,30.301,27.253,10.0591,27.4323,23.8035,13.2283,53.0121,48.5636,8.3914,37.6727,33.602,10.8055,10.6211
GOLoucWiN-1cLXsY2PrXwphcJOT6gdbPR52CYlxPybU,train,28.5235,24.7603,13.1935,26.6416,21.6262,18.8253,47.6155,44.1217,7.3375,34.8594,30.5285,12.4239,12.945
GRN_Ut9EV6Lt-t1yWaiH1AswixEAdR1YCoAJ5YW4Uxc,train,36.304,39.6084,9.102,30.0271,34.595,15.2125,60.7572,70.5804,16.168,44.2307,48.8357,10.4112,12.7234
GU8lJ9LgrxgM63ZPI7aLxUPqFtBQV0GCwrBbd-Q9alc,train,30.531,35.1018,14.971,27.1727,30.6588,12.8292,54.5886,62.5499,14.584,40.3197,43.2792,7.3403,12.4311
GUJnXTtkEF7HE4yvdrag3QVGGtje3jTrYtMBhg7Vack,train,29.9887,27.2273,9.2082,25.8955,23.781,8.1657,49.2014,48.5178,1.3894,34.7301,33.5702,3.3396,5.5257
GUs7AZWemh8euI1tdR7BnHQ3M_zQO-TpuTXgcj2YENY,train,29.8898,28.8589,3.4488,24.3527,25.2061,3.5045,55.7044,51.4253,7.6817,34.5005,35.582,3.1348,4.4424
GYTnlaKA2rWl9aSy0W9Jdwv3IV-sh-UTxnNHvGd5IzE,train,28.7652,26.3537,8.3835,24.5881,23.018,6.3855,54.1073,46.9612,13.2074,35.1438,32.4932,7.5422,8.8796
GZz1_lA8IKwVLSHb5fZCKDqucfDREPVT6ljopD4SUtY,train,33.671,38.8588,15.4072,26.9471,33.9402,25.9512,53.6,69.2446,29.1877,35.9592,47.9115,33.2382,25.9461
GbOk4JbzF5zpkg24rqvg_gA8BAMUKFen4zBSFPCcQVs,train,34.2104,32.8083,4.0986,26.7305,28.6556,7.2018,60.7402,58.4629,3.7492,39.7029,40.4514,1.8852,4.2337
GcZhyDSNbtxmLBhHArlnq9FFr5ZheFVWdHOuOCSmcEQ,train,32.6074,31.507,3.3747,27.6144,27.519,0.3456,55.6792,56.144,0.8349,36.7261,38.8469,5.7748,2.5825
GdAL26FVkYc_vRMzKGgIyOJBR7pwxqyP1ucDJUvZruk,train,33.1013,30.8897,6.6813,28.8443,26.9799,6.4638,53.1068,55.0441,3.6479,38.3699,38.0859,0.7401,4.3833
GiOjWOb8rcgPHXaT_vxWEd-0khAQyWvbbMY6jQ0CMgk,train,30.9165,31.1504,0.7567,27.8847,27.2076,2.4285,52.7368,55.5087,5.2561,35.7185,38.4073,7.5279,3.9923
GldAW2Eejab3EXj8xHMXbKx3jWxkUD6SqNszUe1Kkvk,train,44.9357,41.5846,7.4576,30.5137,36.321,19.0319,66.7919,74.1018,10.9444,42.0403,51.2722,21.9596,14.8484
GpkhlpuszLjuM1kxQYLm1dTntansHENN0m19dOGMrZE,train,28.1938,29.3617,4.142,23.4264,25.6452,9.4714,52.7394,52.3211,0.793,34.6091,36.2018,4.602,4.7521
GtQ9gP3Za_ZIVIfW-ZMOlEQIafEsUG0g-1U2UbnnD0A,train,28.4272,31.038,9.1841,24.912,27.1093,8.8203,50.9333,55.3083,8.5897,32.9933,38.2687,15.9892,10.6458
GuzB5sQXsi21wqtnIQdcQI4aEX4Zx4J9P559gAxtV68,train,31.7756,27.6374,13.0234,28.6136,24.1392,15.6375,58.1564,49.2485,15.3171,40.1242,34.0758,15.0742,14.7631
GvmMrhkX5kHFNk_H6YOaAozhRse4v5bguiGj7gEHPv4,train,34.7114,32.0958,7.5351,28.2405,28.0333,0.7337,55.5128,57.1934,3.0273,36.7976,39.573,7.5422,4.7096
Gw0YnQkeRT6TNrIYXuJ3RlEFf2CRfeSH1xeGryONI-Y,train,26.4491,24.7639,6.3713,25.0509,21.6294,13.6579,47.705,44.1282,7.4977,36.8819,30.533,17.2142,11.1853
GwJ56ys5D5VT_bl-eBWoGeGqe-huZ-FDPf8tDLchjb0,train,30.4565,29.7744,2.2396,27.1681,26.0057,4.2786,51.5547,53.0567,2.9134,37.379,36.7108,1.7876,2.8048
GyU3djh8hRxo667iEytXkPFBboVbsHxfQlbDM9X1fMA,train,31.0476,27.2393,12.2661,27.6036,23.7914,13.8105,53.9107,48.5391,9.9638,35.5513,33.585,5.5308,10.3928
H-BOQIk-p4BUA9aTSXwPPf32VpCrBRWxHaToTc0_oRQ,train,25.6094,25.7421,0.5181,21.6323,22.4838,3.9363,49.8717,45.8712,8.0215,36.7337,31.739,13.597,6.5182
H5BXpapkLoKPOIalTu6xdBS3wVpWYsBDKGhIFDs6-MA,train,27.555,28.1472,2.149,26.957,24.5844,8.8012,52.1849,50.157,3.8861,34.6736,34.7044,0.089,3.7313
H5bknoN0C0lLje6-NMuSk0boQrWDmbQjhK9OdFBs65c,train,28.9663,29.6236,2.2693,24.4157,25.874,5.9728,54.0383,52.7879,2.3138,35.6963,36.5248,2.321,3.2192
H6vKec4GaaQYS0-AGcGjN9l6XyTruuvrcUjUDHxowNQ,train,36.0881,34.0014,5.7821,31.6017,29.6977,6.0249,58.5352,60.589,3.5088,44.9252,41.9225,6.6837,5.4999
H96X3Mk2kr5Ok54Lck9oR93rz2WR7maI1yuww5V37Nc,train,30.2175,29.1527,3.5236,26.0264,25.4627,2.1659,55.3476,51.9489,6.1407,36.2212,35.9442,0.7647,3.1487
HEEDRE5AM9MDyeb4hMuaRTlXH17-6skZ10r1QDi02BE,train,32.3099,34.3211,6.2245,27.8846,29.9769,7.5031,53.6189,61.1586,14.0617,35.1536,42.3166,20.3764,12.0414
HIC3Qs6HRI8zNC-w8L_G9cUrLk7ZyViJ_CbJ7D_pwYk,train,30.1105,37.2099,23.5779,27.5054,32.5,18.1585,51.8927,66.3063,27.7757,37.2218,45.8784,23.2566,23.1922
HIVFr4flHT5mIj9iFPzrQHaYMNLObgz2cUmp3hd8Re4,train,28.2881,31.9544,12.9605,24.1932,27.9098,15.3619,56.0453,56.9413,1.5988,37.7247,39.3986,4.4371,8.5896
HJgSywNiNKZPY048xDEr1Y5tGGATF6u-XsTas7G4AkM,train,31.3249,30.9413,1.2246,26.0715,27.0249,3.6569,57.9787,55.136,4.903,37.9072,38.1495,0.6391,2.6059
HM63rotbsur7xcwJYFHaZnmt1PXSXKkHARPRsNMcLXM,train,32.7884,30.7474,6.2246,28.3894,26.8556,5.4027,53.6878,54.7906,2.0539,37.4161,37.9105,1.3214,3.7506
HMwsrG2Hh4AHrLBd0NDL1ZXgEInQRxQGiN2RnT5c2n4,train,34.7954,31.8666,8.4172,29.6343,27.8331,6.078,64.8949,56.7849,12.4971,40.3947,39.2904,2.7339,7.4315
HQb_MpG23dZdT6BgWqDOb5Osk7vO4J8UmoH5wRzN8vY,train,29.9292,26.8082,10.4278,26.7693,23.415,12.5304,50.0054,47.7711,4.4681,35.2183,33.0536,6.1466,8.3932
HTWFKnEXIw05T44MGK2Wj-ti39yrly54SGur7zsyh5Q,train,32.1229,32.8751,2.3416,27.9317,28.7139,2.8006,55.6119,58.582,5.3406,40.2252,40.5338,0.767,2.8125
HTxLE7dUgdo28d3l443uipc24MX6AMIc9oqgSSelXcE,train,25.5913,26.6934,4.3064,24.3248,23.3147,4.1528,45.8111,47.5664,3.8318,32.3574,32.912,1.7138,3.5012
HUX4yHwQA83GA22ZmJAVAnd_mWc8lMPwOzZthpYFmJw,train,32.8156,29.7834,9.2402,28.7883,26.0136,9.6385,54.5134,53.0727,2.6428,40.7599,36.7219,9.907,7.8571
HYLKMpRR-ZZA0GvRtRs5stQ0mPS1AmH92glIqg1DLpo,train,35.9902,37.0658,2.9885,27.3798,32.3742,18.2411,63.0382,66.0496,4.7771,39.4764,45.7008,15.7672,10.4435
HZfMQX6KnquJMJXRitVrl-Wcn840Pu-v-EPxoqxC6PQ,train,27.5696,27.4741,0.3466,24.2292,23.9965,0.9605,48.6963,48.9575,0.5365,34.9806,33.8745,3.162,1.2514
H_2OChxzUXZmq1rWtxnlgVFgwmkkFxDkYbPVNYG3m4M,train,30.0525,33.8579,12.6625,26.9118,29.5723,9.8861,51.1755,60.3332,17.8947,36.8615,41.7455,13.2496,13.4232
HfAv5nieC8ev9QiBBg_9Yql7wukmrR4qlsPwCKvkZyc,train,31.5617,33.8693,7.3113,28.7233,29.5823,2.9905,59.1623,60.3536,2.0137,40.6253,41.7596,2.7921,3.7769
Hkc5qj2g1SaGLJ82HJpSaojJKyhdF-XXeNxUq0hMZrM,train,30.7125,33.5343,9.1878,27.1471,29.2897,7.8925,53.1721,59.7566,12.3836,38.7415,41.3466,6.7243,9.0471
Hkq_WsP5mOrOVNRaYJLjlNihpJ00fORUWuN3zSwUm-o,train,31.5982,31.9348,1.0652,26.958,27.8926,3.4671,54.8701,56.9063,3.7109,37.552,39.3744,4.8528,3.274
HrCRAtTKdSCNMXrG7sGjzCQ5_nS9YCfhonwOpx-gYLA,train,32.1715,34.8658,8.3746,29.0175,30.4526,4.9458,57.5174,62.1293,8.0181,44.6534,42.9882,3.729,6.2669
HuaqelKzhTLHBzNK07gjfyWypynwdegHlQ5csd1h1dE,train,31.9805,31.1615,2.5609,26.7094,27.2172,1.9015,55.4007,55.5284,0.2306,37.2456,38.421,3.1557,1.9622
Hy31xfPOxuoBInQX_sziauZLswjtbSy3-mVtPjcpt5c,train,26.7248,27.9812,4.7013,23.5984,24.4395,3.5642,50.4368,49.8613,1.1409,35.2613,34.4998,2.1595,2.8915
HzrSqvrAMyVOWeRXPyWhFSSXoRnsCNpdNHbl-RW1o5Q,train,27.6586,25.5355,7.6763,23.3737,22.3033,4.5795,46.9798,45.503,3.1435,35.2156,31.4843,10.5956,6.4987
Hzt2DIA4sSGlDqQG_pWdBb7TmQdslY95FZ0d_1ac2uw,train,34.7045,29.8975,13.8514,30.0096,26.1132,12.9839,52.561,53.276,1.3602,37.3581,36.8625,1.3267,7.3806
I10ukfr-Y9oCFwgK_PgR9aQN2QJQiUp0RdZ6t-8q6TY,train,30.6121,25.6252,16.2908,26.6922,22.3816,16.149,49.3173,45.6629,7.41,32.7982,31.5949,3.669,10.8797
I8BI3wv3aghDCeaSa36TdxzoN8tuvQBE0v4X0ts5EX8,train,27.723,25.4176,8.316,23.7938,22.2003,6.6972,55.3331,45.293,18.1449,36.0704,31.3389,13.1174,11.5689
IHApjwticZU7katp9cJaoUDOeGRX7BdEqNS5GEblrmk,train,37.5275,37.6012,0.1964,30.9721,32.8418,6.0368,63.6962,67.0036,5.1926,40.4154,46.3609,14.7109,6.5342
IHvdbiJqeuIulm1sbfQvT23TFUdptOvWXTg5oXK729I,train,32.0496,29.67,7.4247,28.4507,25.9145,8.9143,53.9328,52.8706,1.9695,35.2898,36.582,3.6616,5.4925
IIHoiNOLWvZ9I7UuzbNCmayVsZTvP0prTJiWmC9k27M,train,22.4236,23.4348,4.5092,20.7853,20.4685,1.5241,48.2376,41.7597,13.4292,33.7285,28.8942,14.333,8.4489
IMYB0pKXccbzfVl-qVe3NgiNYe8JtTigArh8EfOW-gk,train,35.285,31.3609,11.1211,31.1149,27.3914,11.967,59.9849,55.8838,6.837,42.3561,38.6669,8.7099,9.6587
IN-FCi-cwCWmJlFjgaVL25Lo4ZIk7hTEURYDqRzBKEA,train,24.7086,24.2665,1.7895,23.7211,21.1949,10.6495,47.1611,43.2418,8.3104,31.8339,29.9197,6.0132,6.6907
INqS66tGbCRyqtCOklRuhFR-Keg4LlajZfujjvCwH0Y,train,33.4689,36.5421,9.1823,29.6773,31.9167,7.5459,55.5096,65.1163,17.3063,37.4487,45.055,20.3111,13.5864
IQeiBIfv-Kmu0xME8fnRBZePqh290USy8vCYzmI6lLc,train,32.4762,30.62,5.7155,29.0683,26.7443,7.995,55.0405,54.5635,0.8666,39.3676,37.7533,4.1006,4.6694
IR9AoadLFZ8kAWZ6HWZAC_RTvMzMnqb8NnRZDUHIA6Y,train,32.1024,29.4693,8.2023,27.7956,25.7392,7.3982,52.5484,52.5129,0.0675,36.4824,36.3345,0.4055,4.0184
IVZsXcxTQUz90kwtRiKB4GtNs8mtCn6CfhIUT-FImgA,train,26.5086,25.5066,3.78,22.6944,22.2781,1.8345,47.8372,45.4517,4.9868,35.0794,31.4487,10.3498,5.2378
IWvdVOoB64ZWXoz1x6sNBcoyFkEoDnxG43oOK76pElY,train,29.3531,31.5151,7.3655,26.1959,27.5261,5.0778,51.3004,56.1585,9.4699,38.4588,38.857,1.0353,5.7371
I_t_iHa3Pb9mihi3932MMvmki-Gs31ZOj0CiKO-Dw-Y,train,29.0104,27.054,6.7438,25.5212,23.6296,7.4118,55.9628,48.209,13.8552,39.7934,33.3566,16.1755,11.0466
IaTbCFs4sdnWmB8bXOiGcUq55LAW3OvrB4QCGvpVjMU,train,28.4071,27.2584,4.0438,24.5694,23.8081,3.0984,51.9529,48.5732,6.5052,34.7654,33.6086,3.3274,4.2437
IhDJdQLAqc7iFAtk1w3TvnMiaZViF2KeqrZ2-Kul0Ks,train,26.2711,25.267,3.8222,24.6708,22.0688,10.5471,51.5505,45.0246,12.6593,37.0294,31.1532,15.8688,10.7243
IiFA9usnpMOtdgyH3Hw-V13AzQoibMlu8lGGE61x3ng,train,36.1242,36.7133,1.6308,27.3327,32.0663,17.3183,60.9042,65.4215,7.4171,38.9694,45.2662,16.1582,10.6311
IkyccBea5QhAAGKh0beMSEPTd5dSn-mS0WrB89edmY8,train,26.4987,28.2107,6.461,23.9795,24.64,2.7541,50.6565,50.2703,0.7625,37.1217,34.7828,6.3007,4.0696
IobbStbutxAR7KpE4p6lisXd64G60dx3H9W1Wa4_8I0,train,29.2179,29.3091,0.312,24.7732,25.5993,3.3348,52.024,52.2275,0.3913,38.3619,36.1371,5.7996,2.4594
Iq9BZmJt_Dg-EuoVbU_Q7ttc7RWfR-PyHACAyA_NwHs,train,29.8028,29.4875,1.0582,25.9713,25.7551,0.8326,55.1467,52.5454,4.7171,36.1218,36.357,0.651,1.8147
IsQFJLfyQDwpkDNLiJ6IBIwizzxKW3YAzl_4qgPap3M,train,32.9254,31.6369,3.9134,25.5588,27.6324,8.1133,59.8887,56.3755,5.8662,41.1721,39.0071,5.2583,5.7878
IvCNsbRv3wHMgRl6sQUrzAn36i8TlTm0_4uXheFRrXI,train,27.4789,29.6042,7.7344,24.5625,25.857,5.2703,51.1286,52.7533,3.1778,36.2093,36.5009,0.8051,4.2469
Ivrs8ftoE3vUVDxW8ck98It03rOa_Dv5WI2KKizXFVs,train,27.9333,31.1351,11.4623,25.0265,27.1942,8.6618,50.9792,55.4814,8.8315,32.807,38.3885,17.013,11.4921
IwQ97eHHgtniQoUQWUyD0qApLlUuFGOA85Nz9kag_1I,train,32.0079,30.8924,3.4851,28.8752,26.9822,6.5558,58.5999,55.0489,6.0598,39.9247,38.0892,4.5975,5.1745
J0Jup_UFc6U9x9w-Abi1GBdv3NeMZdE2a4JaUB5gy34,train,30.6237,29.9148,2.3149,28.1578,26.1283,7.2076,53.8394,53.3068,0.9893,37.8817,36.8838,2.6343,3.2865
J8vqwp_s55pqSPsvHuWqSgPJ4IaZN06w-8TxCp6c-jw,train,33.1813,28.2743,14.7885,28.5646,24.6954,13.5453,56.7572,50.3835,11.2297,36.8234,34.8611,5.3288,11.2231
JAg_vZFKeCSYFw9koOgVKilSrq2EHj1RJfMuWx3zSr4,train,30.5637,29.3537,3.959,27.4483,25.6383,6.5945,52.8112,52.307,0.9547,38.4513,36.1921,5.8756,4.346
JIDeRFzpDbcfojQQ6lmOZQMRkTWTOk7Pat0FtOpYyB4,train,41.5994,39.69,4.59,32.0843,34.6662,8.0475,75.6818,70.7258,6.5484,45.5504,48.9363,7.4333,6.6548
JIkt6wDK1RSR-WaCvrR5uffSpECG1ZBCEhyBNI8-KiM,train,29.9144,30.9937,3.6078,27.6857,27.0706,2.2215,57.8461,55.2293,4.5237,37.5911,38.214,1.657,3.0025
JMI6dZe3SXbPPLFEC9OW8Q75tqy4KoZME55ABWswq5M,train,29.6791,28.1101,5.2864,25.6913,24.5521,4.434,49.629,50.091,0.931,37.3658,34.6588,7.2448,4.474
JNvYCjFCVizUSPlVWEiT5RvXAV3AcfPFkpa01Y_3DMQ,train,29.2956,34.5117,17.8048,25.1451,30.1434,19.8776,59.7106,61.4983,2.9938,38.8634,42.5516,9.4902,12.5416
JOSOCIcE1LYHt9ifJhWLxEDauQpJHyLkMfHJcOt5Kvc,train,32.7631,29.5591,9.7794,27.9677,25.8176,7.6876,59.9501,52.673,12.1386,39.0562,36.4453,6.685,9.0727
JQSZX02E8__NgMNlJ_18DT3yhCb5CfLnz_Q4LCunNcU,train,28.6465,33.768,17.8781,25.7661,29.4938,14.4673,55.8909,60.173,7.6616,35.8828,41.6347,16.0297,14.0092
JQmPkyFc0qT8MKjYXgb_CIdyM9RqtEbhHzmhbv1npY8,train,33.901,41.5858,22.6683,30.868,36.3221,17.669,59.0774,74.1041,25.4357,40.7142,51.2738,25.9359,22.9272
JRxWV8PuWURsrbH1Jjs790x8alZ1WhE60DTZF7Sw6GM,train,35.1079,38.3021,9.0981,30.8758,33.454,8.3502,64.5167,68.2526,5.7906,42.6494,47.2251,10.7286,8.4919
JS5KxnxLKa3JbwIPUjnGW8Q4Chu76JJJ5SQBsOape9A,train,31.7819,29.7633,6.3514,27.702,25.996,6.1582,55.2958,53.0369,4.0851,36.9494,36.6971,0.6828,4.3194
JcG4QthnKpr52tuEa9H_hlFSHDIe03EW93l-5RLsv4E,train,30.7127,32.7093,6.5008,26.0325,28.5691,9.744,52.2888,58.2865,11.4703,37.9848,40.3293,6.1723,8.4719
JcbwYfgh9SOZjvpMdR0ZJfhL21gnv7rVQ3obwyGPsSE,train,27.6696,26.8939,2.8037,24.2742,23.4898,3.2314,48.6614,47.9237,1.5161,33.985,33.1591,2.43,2.4953
JeRn9LIqbTw372zNLzoLwNV3ICFLHLy2IZh08uDBAFM,train,29.53,30.5525,3.4626,28.196,26.6853,5.3576,49.6649,54.4433,9.6213,38.1631,37.6702,1.2917,4.9333
JjQ7uHltz74MPCIommgBqYXJ2RvJWdqbPl24d4Z-KcU,train,40.6635,42.0172,3.329,32.0473,36.6988,14.5146,63.3735,74.8727,18.1452,46.5485,51.8056,11.2939,11.8207
Jl7P3QEvzUYthLKj4GKVLYxq4aeEPTe7gpr9L9XksqI,train,31.1677,29.166,6.4224,25.8843,25.4743,1.5838,53.8143,51.9725,3.4225,37.2761,35.9606,3.529,3.7394
JnUI2MIoEjrYqQ1Iq8nNAmvqYVZrSYlKfxVcc1VtR8o,train,29.0086,32.9542,13.6012,26.8952,28.783,7.0189,53.3498,58.7228,10.0714,37.9532,40.6313,7.0562,9.4369
Jq1XlswzbHZYGtIleoPLVpREae9PGg2X1p7sBaanq_E,train,38.25,30.5407,20.1549,30.4812,26.675,12.4868,53.513,54.4222,1.6992,38.1635,37.6556,1.3309,8.918
Jrj5n1ZRDtJfs5p9dhCAQGIIYkIbmqF4YZs2QdqWE6o,train,28.8936,29.6918,2.7627,26.7598,25.9336,3.0878,50.9689,52.9095,3.8073,35.7572,36.6089,2.3818,3.0099
JtJm2KmKqA6oCQqOJJKOflI2bLAHwcc6AsP8PmsTqfo,train,35.0264,34.8665,0.4566,27.1526,30.4532,12.1561,65.8439,62.1305,5.6396,39.8762,42.9891,7.8064,6.5147
Jyw0H54SwVNKsb4Bmt1jfwtKuvA1WClTVW8V2JOnAv4,train,32.224,36.902,14.5173,27.1979,32.2312,18.5059,62.0559,65.7578,5.9654,42.7431,45.4989,6.4472,11.3589
Jz0F-sHOioMB7Z7xayumTURoIaK-p_Vkegld-AlB0oI,train,28.1887,27.724,1.6484,25.1369,24.2148,3.6682,47.5984,49.4029,3.7912,33.1844,34.1827,3.0084,3.029
JzUFURmryZAOZBJnIl8-sVLCj5Rc9ZuYnP0LZz7podg,train,31.34,29.2847,6.5582,28.7177,25.578,10.9331,54.0079,52.184,3.3769,39.0238,36.107,7.4745,7.0857
K3p89zXx-UsYBby3S4aWeV9R5aM-T_lwmxb2dLf-LNk,train,37.1648,36.4116,2.0266,31.0915,31.8028,2.2877,65.1678,64.8839,0.4356,41.8418,44.8942,7.2949,3.0112
K5Qvjusxmth2q7VH-3aw1m0DzCU3KUZbcXIl3SAIdaU,train,29.8005,26.9562,9.5445,25.492,23.5442,7.6407,47.454,48.0347,1.2237,33.123,33.236,0.3413,4.6875
K5UppEJ2C0RnQTWilh3PLrwSvbVlkn6T29I3ZCs1vII,train,30.4003,29.6937,2.3243,28.3032,25.9352,8.3667,52.7469,52.9128,0.3145,37.9472,36.6112,3.5206,3.6315
K6AJeEjNFAAABQjy_5cQ96BIGvZhSD5OLDiH003A4HU,train,32.447,29.6663,8.5701,27.7397,25.9113,6.5914,54.5538,52.864,3.0975,38.5532,36.5774,5.1249,5.846
K9zkdznI6sNRQAbGZyM9qavlSHz1QjDc4YT_Nk9SxNc,train,32.6225,35.4555,8.6841,29.4558,30.9677,5.1327,56.9006,63.1801,11.0359,40.1761,43.7153,8.8093,8.4155
KBAU1rWD43nsok2kcZJkGqqMKRUMIpMURs6n7DiIbAk,train,29.1047,25.8634,11.1366,25.0131,22.5898,9.6884,56.3862,46.0875,18.2646,38.9351,31.8887,18.0979,14.2969
KBUxJlqCTBFlf0CqseleLcojg9FJH4ZwOQpLLQElx1Q,train,28.0207,30.3648,8.3654,24.7275,26.5214,7.2545,51.4316,54.1087,5.2052,34.6073,37.4387,8.1815,7.2516
KCG4hvKjwCe1hUSKH85GBSCtH0PdZvzTbXqYmr8XjQw,train,29.9667,29.3554,2.0398,29.1009,25.6398,11.8937,51.7536,52.3101,1.0751,36.8547,36.1942,1.7922,4.2002
KF4x5qg5axbnchXD1j_iCV4iFgu_9iXzYPt-MK7TyUo,train,31.6087,33.7227,6.6882,27.8035,29.4543,5.9372,51.2863,60.0924,17.1704,36.1521,41.5789,15.0108,11.2016
KIL2didw2nNdy66kJxKb6pXjzOtMfl8BG-bWtdlKy-k,train,34.9648,31.2098,10.7395,31.7068,27.2594,14.0267,56.396,55.6144,1.3859,39.5453,38.4805,2.6926,7.2112
KNq9LWzRIJfcCQtM9-zFyifnJQUjTpBQI_cl49HX-Ds,train,30.9794,29.902,3.4776,26.8031,26.1172,2.5593,55.4467,53.284,3.9004,36.1395,36.8681,2.0159,2.9883
KRhhODp3IdNvOwJrGTgxyFFSajMFzlvI6-oXD7zUB1M,train,26.3238,25.9832,1.2939,23.1323,22.6944,1.8929,49.5375,46.301,6.5335,34.7203,32.0364,7.7301,4.3626
KUNSraIYDWHRcL691_W2GTTD0xKejJUyZHVqdQyezaM,train,26.4542,27.9139,5.5181,23.9706,24.3807,1.711,51.9769,49.7414,4.301,33.9793,34.4169,1.2878,3.2045
KY1Q2Nc-yvVUEAKwvMMmeuQrSkSgRsQJODlxSLIncyE,train,29.5052,25.9394,12.0852,26.8409,22.6561,15.5908,50.5741,46.2229,8.6036,35.5761,31.9824,10.1016,11.5953
K_II_ceJULbMT4-1kDxWSxcLNVQVQ_xXiH2yEzIwerw,train,22.9961,24.1709,5.1086,20.7215,21.1114,1.8817,46.8352,43.0714,8.0362,33.2307,29.8018,10.3185,6.3362
K_XRjXOCXSNFbOi6A27GCI9PJMJSmSMRfacbG6YGYtg,train,28.8563,31.5872,9.4638,26.7477,27.589,3.1455,49.4832,56.2869,13.7495,39.0594,38.9458,0.2909,6.6624
KfJBoub1UVszSENTWNIsagcvwmOw2kit8FlHE6vdDgQ,train,28.7511,28.9736,0.774,25.671,25.3063,1.4205,48.0771,51.6297,7.3894,35.4556,35.7234,0.7555,2.5849
KhUMWnLuJuU_heHssK7sfl737LWj7j90yef1ZIFvoZE,train,33.6106,28.7137,14.5693,29.6379,25.0793,15.3809,55.9715,51.1666,8.5846,37.8212,35.403,6.3938,11.2321
KiK6AcGmaLEwt7mZeZwVpBhirsxCI-QYMA4jBbg-MeE,train,44.0014,36.5046,17.0377,32.9342,31.884,3.1888,64.9184,65.0495,0.2019,44.163,45.0088,1.9151,5.5859
KiOh1P-1kKbeY_XDdSJX1Dk41-F3YrEAJvwwxj8jVgw,train,27.943,28.8854,3.3724,25.2847,25.2292,0.2196,52.0649,51.4724,1.138,37.8107,35.6146,5.8082,2.6346
KkcKYV7B1vYaAU3rhnwuJURVMpt_DsVVfOjKhQWyIUY,train,35.3661,36.6499,3.6301,26.5794,32.0109,20.435,66.1539,65.3084,1.278,39.1896,45.1879,15.3059,10.1622
KlCO_7813pIq4DnmhuGrYTD02wHzS24wjgUoFlvwAJU,train,32.4392,32.4404,0.0038,28.7012,28.3343,1.2782,55.7613,57.8074,3.6693,38.3565,39.9979,4.2793,2.3077
Kr1whZRnyXXBfX2Qb68APhgjTqQOJoNCbyiyp8KjOUM,train,37.4301,35.1558,6.0762,30.1009,30.706,2.0102,61.2467,62.6461,2.2848,40.5236,43.3458,6.9644,4.3339
KrH7eR84pfuQ6Ltqaz9Y56lZZfl3veVlIsUHfyNLGs8,train,28.6126,27.369,4.3465,26.0688,23.9047,8.3014,49.7189,48.7703,1.908,35.0297,33.7449,3.6675,4.5558
Kt0GsE-I7kELdwI9W4UddWf2678GShfelphWFdlEfgs,train,32.4859,26.838,17.3858,28.218,23.441,16.9291,51.5809,47.8241,7.2834,36.2862,33.0902,8.8077,12.6015
KuaO0HukXURPXHNjwVlRBX54vTgGoJCgIlE6pJFBjuU,train,27.5799,26.9505,2.2819,24.6018,23.5393,4.3191,53.6313,48.0246,10.4541,35.4701,33.229,6.3182,5.8433
KvF43GWeO49psnYb89NcDMhou4_dR6fTN1nf6ymoWYE,train,29.9597,25.7214,14.1465,25.1583,22.4657,10.7025,50.7961,45.8344,9.7678,34.2023,31.7136,7.2764,10.4733
KyUpCvLOaHfJNvUi1UqsGflxRBbyk5O5sHHE4Z3fYs0,train,23.319,24.3422,4.3877,21.9336,21.261,3.0664,44.9881,43.3766,3.582,33.9831,30.013,11.6827,5.6797
Ky_Za0ND8jBPfLFuDU32SxskrabV7a4v3m1vEZipuJE,train,40.6321,35.3995,12.878,28.0369,30.9188,10.2789,68.5262,63.0803,7.9472,40.3924,43.6463,8.0556,9.7899
KzVubtjZ59Pk0KE1g03Exy5v9B9VfsKWtn1oiNfoguQ,train,28.4,24.062,15.2745,24.6104,21.0163,14.6038,48.0401,42.8774,10.7467,36.5493,29.6675,18.8286,14.8634
L3gOZE9_foSWpEGDymPGZ72xRwNAjs30LgwA2HK5Pck,train,27.2927,27.133,0.5851,22.6302,23.6987,4.7213,54.2537,48.3499,10.882,35.5741,33.454,5.9596,5.537
L5hyLcjEUehth3dkw0b_hcjI6YWRayLrwwg9Cv2G7Fg,train,25.7958,26.1774,1.4793,23.6392,22.864,3.2791,48.3838,46.647,3.5896,35.2456,32.2758,8.426,4.1935
L71qKO8OfKBmm1Z7R-XkSlh6-sUkbfN-36XlMGpabXw,train,41.0866,41.4509,0.8868,28.4544,36.2043,27.236,68.0323,73.8637,8.5716,41.1505,51.1075,24.1964,15.2227
L8AV1kOMRp33zMsQyVZeFe95-Hl09uh5wFdYt4BRDZk,train,35.1161,33.8807,3.518,23.1918,29.5923,27.5978,56.0745,60.374,7.6675,37.0469,41.7737,12.7591,12.8856
LAylutsZzyozv6hpU2zkLc7tSoVn0KA7MHpFSNF31bU,train,23.192,23.642,1.9404,21.9831,20.6495,6.0661,47.5994,42.129,11.4925,33.9329,29.1498,14.096,8.3988
LFcfI7v5U-hNVB1MWf2DyOtRrcv_4FxWEkvqawrnVCc,train,28.7509,29.1182,1.2777,26.3479,25.4326,3.4738,53.781,51.8874,3.521,37.6692,35.9017,4.6921,3.2412
LG8w5pRNQxAS1OXu32ttcFgCo2x_udBwl4IY-pkH-G0,train,30.0826,27.1251,9.8313,24.2469,23.6917,2.2898,54.3169,48.3357,11.0116,34.0882,33.4443,1.8889,6.2554
LIZFonGXPE6zHm2vvXFEn-7NojsZnLo5XQxnYr1eG9c,train,32.2249,30.12,6.5318,26.2902,26.3076,0.066,54.7168,53.6725,1.9086,39.8793,37.1368,6.877,3.8459
LM-bO680RqJWmK95UoQxB1LobNP1ZjgYH7MDJOJJxac,train,30.9793,26.1904,15.4584,27.3065,22.8754,16.2275,53.2996,46.6702,12.438,34.7421,32.2918,7.0526,12.7941
LWS7u2dM1oIlDpu0qfB0Fh8kUXtyKa2Bzu2Zy8gx69U,train,27.6953,31.233,12.7733,24.6987,27.2796,10.4499,51.2414,55.6557,8.6148,38.4352,38.5091,0.1922,8.0076
LWmSj6WXNRmjBFn3XHudfNM3LZ2Jw0kSsv0naXOdIlg,train,26.4894,26.7467,0.9712,23.4288,23.3612,0.2884,50.192,47.6614,5.0418,35.4407,32.9777,6.9497,3.3128
LXRxXZEf4KcT-1ZhSPBZnGYn9E4RvBj5eLY0O-yOU40,train,27.7349,27.2029,1.9181,26.5699,23.7597,10.5769,47.6949,48.4743,1.6341,37.8032,33.5401,11.2771,6.3515
Las9lyHX8ahvkOTjgNXmDsoVcfV_I00LIW5AiGjrD8U,train,25.6753,25.8913,0.8413,23.4859,22.6141,3.7122,50.3483,46.1371,8.3642,33.9986,31.923,6.105,4.7557
LhpKk8JN769XdQ3ri6vIcmu9Uu2zEIgxyqbrDnHLQD4,train,28.0376,27.9974,0.1436,24.1447,24.4536,1.2793,56.2468,49.89,11.3016,34.7715,34.5197,0.7241,3.3622
Lj94Dw3tjHhOcMKc7jYuqh4pxx6aGWI_BJ06yNf_IxI,train,33.3705,32.9003,1.409,28.0623,28.736,2.4007,52.337,58.6269,12.018,36.0017,40.5649,12.675,7.1257
LmpCWk6jQZlA7EPOImRlJpNT_4ON6NgbzEMhwCJa2OU,train,27.5216,25.8532,6.0621,23.6436,22.5808,4.4948,45.8692,46.0692,0.4361,33.2932,31.876,4.2566,3.8124
Ln93h-QpBiCetrCjogBLV0szB4r9JwHItcq7dAbq8Qw,train,34.0989,35.3356,3.6268,25.8038,30.863,19.6063,58.2984,62.9665,8.0072,37.8873,43.5675,14.9925,11.5582
LqwmZFz9Zs0XAy0zY8sJEZuwuRFvikqWWqAZangX8fw,train,32.0717,33.5737,4.6834,28.4111,29.3241,3.2135,59.6399,59.8269,0.3136,41.8013,41.3952,0.9716,2.2955
LrAkx-cGKYisCnYZom4wNlYDzVxCmrTznPmszYNooFM,train,33.3554,32.3856,2.9073,28.4771,28.2864,0.6695,61.885,57.7098,6.7467,42.6558,39.9303,6.3894,4.1783
LrpfNxN21F9xcxqSlyJZf0U8AMbWmV16j8m2andBg-Y,train,30.8103,26.9642,12.4831,26.259,23.5512,10.3116,52.026,48.0491,7.6441,34.8281,33.2459,4.5428,8.7454
Lvkkn8G0hPPSfS6W8tEqFd2e0dtvUIBx2VcoFHLYXEE,train,32.3683,32.0371,1.0233,27.8644,27.982,0.422,57.3137,57.0887,0.3926,38.6488,39.5005,2.2037,1.0104
Lvom_FFt43plg0Ivl7tsQKD92JSMspb5x6N2wUj3a00,train,31.9412,30.3502,4.9808,28.0586,26.5086,5.524,49.7121,54.0828,8.7918,33.1795,37.4207,12.7825,8.0198
LxZJXKfopLyKPDPE31DluKRZFGvy5sdzmsHks_TyAPM,train,30.659,28.0655,8.4593,27.6325,24.5131,11.2887,51.5857,50.0115,3.0517,36.1695,34.6037,4.329,6.7822
M1muFKjSI5wj9-wBh5LrgBgLuujJ0hpuesndt7O2Xf0,train,29.543,28.751,2.6809,25.1956,25.1118,0.3327,53.7083,51.233,4.6088,36.5849,35.4489,3.1052,2.6819
M4CDQ5dw5yfMbxuejEOqxuSzEnV459VW5flcUAFQg2Q,train,28.5145,27.3258,4.1689,24.4086,23.867,2.219,58.0664,48.6933,16.1421,37.1304,33.6917,9.2614,7.9478
M6VgD6r_83GpclmUFF5AvByf2g0vZHHJ4KibcKPUz4o,train,29.5577,29.7327,0.5919,24.5898,25.9692,5.6099,55.5927,52.9823,4.6956,34.6412,36.6593,5.8256,4.1808
M7AiBl-dRAnhKf1-Xd2twZBBUNLuWe6m6jlJFk3WfQE,train,31.3137,27.9264,10.8173,28.3667,24.3916,14.0132,53.2551,49.7636,6.5563,36.4243,34.4322,5.4691,9.214
M7W3KM6kChC2ZuIEZfASSnpPUwzsXctKnjlTHCvyvZU,train,28.3416,27.5663,2.7355,26.1045,24.0771,7.7664,49.3452,49.122,0.4524,35.1516,33.9883,3.3095,3.5659
M9VAAnHg45vZQEy5PFtkbS_mlS0KKYpuUVM_rbe3jXA,train,31.0746,32.5727,4.821,28.0874,28.4498,1.2902,53.4282,58.0431,8.6376,39.5402,40.161,1.5701,4.0797
MA9HrkF2LuEC3BSWoQa0ehE1w5CWO0N-ENo7aXTpM0g,train,33.2295,33.3686,0.4187,29.2044,29.145,0.2035,55.251,59.4614,7.6206,36.1791,41.1423,13.7185,5.4903
MDqQHenu2xxbf_I4_Uo5YARw9wxHCXDSQKgC3ZWHyBM,train,24.7234,27.3635,10.6787,21.9172,23.9,9.0467,49.739,48.7606,1.9671,35.4572,33.7382,4.848,6.6351
MEg2fJbKd6vFArod3Em2Yg6Fzg8I_UVysW9tVVNJXuU,train,25.0749,23.8939,4.7097,23.8186,20.8696,12.3813,46.4379,42.5779,8.3121,33.0953,29.4604,10.9833,9.0966
MFV5XDGBbcmrL2_oAiUxMEUXndPT6vSThBnnjr7q6A4,train,34.0773,34.3263,0.7307,29.3967,29.9814,1.989,59.0075,61.1679,3.6612,41.4704,42.323,2.0561,2.1093
MHSlcWpQY97n0ULNVud6441kEWnV1ZhIUSXp_LdRAwk,train,34.0523,36.2207,6.368,29.749,31.6361,6.3433,59.2202,64.5437,8.9894,38.5833,44.6588,15.7465,9.3618
MMs_PLZrw4WHD4-VB07Gvngcg35zIqnb2ECVjvNBcDU,train,29.2677,26.9839,7.8032,25.9767,23.5684,9.2712,51.3219,48.084,6.309,38.3828,33.2701,13.3203,9.1759
MOqbYtj3KR1NJkIQUzq-XXifDNs8yYgBo684NtXOzzo,train,28.1074,27.9919,0.4109,25.466,24.4488,3.9941,51.1565,49.8803,2.4948,33.9121,34.513,1.7718,2.1679
MQmecK4FIS6uznz3n2Wv8DediRJd_EZqDsKh5J9C_2E,train,29.2743,29.3386,0.2198,26.1148,25.6251,1.8753,50.9516,52.2801,2.6074,38.3966,36.1735,5.7899,2.6231
MRRpwL1LnxGuSlgB75qZkvbiwBOg7an478NWRRJhFZg,train,29.4912,27.8991,5.3985,25.9021,24.3678,5.9237,53.8327,49.7149,7.6492,35.6204,34.3985,3.4302,5.6004
MTXbtemM3j9GYgqgOkhXXNyNs1NVodSfuPageeXGSXk,train,28.7639,27.6786,3.7732,24.6632,24.1751,1.9789,50.4773,49.322,2.2888,37.2971,34.1266,8.5006,4.1354
MVP0z6Ij0LwHU-_FCzaVhOsRr9_OCwlc9ElSSK2vwAI,train,33.4338,35.0273,4.7664,28.3299,30.5937,7.9911,57.3811,62.4171,8.7766,38.6924,43.1874,11.6174,8.2879
MWcbN_WLcKpMM3QvM_9zIBses2-kdsq-PPVRQnUOLR8,train,31.1806,26.1977,15.9807,26.3231,22.8817,13.0736,50.345,46.6831,7.2736,35.1907,32.3008,8.2121,11.135
MXUlhOjVoV_HNle6KaT8iuziR-K1aHdN0PVTxvjFiG4,train,32.3433,28.4988,11.8865,28.3544,24.8916,12.2127,50.5116,50.7836,0.5385,37.2993,35.138,5.7946,7.6081
MY3CwjtZZyuG5LA3zEnBVMp4G0PiQJo5xyLOZQ2OsO0,train,32.2568,38.7505,20.1314,25.972,33.8457,30.3161,58.4417,69.0517,18.1549,42.6018,47.778,12.1503,20.1882
M_VIme6ZNwUHowz1e0dEdO7dB4CUb4nq2g5LJrboM_8,train,24.1227,23.4856,2.6414,22.1989,20.5129,7.5952,42.9888,41.8502,2.6484,32.2551,28.9568,10.2256,5.7776
Mb3jqMAc-x1zRUhGxkpbGYT-zSWg4PPvzVTWtPamncU,train,25.5952,25.4407,0.6037,24.963,22.2206,10.9861,47.7126,45.3342,4.9848,35.4522,31.3675,11.5217,7.0241
MbI0nuaGlMFelp1gYz2NnBZ3E9Kqgno4bxUrxlZczOA,train,23.3959,24.1988,3.4318,21.86,21.1358,3.3127,44.8169,43.1211,3.7839,32.1554,29.8362,7.2126,4.4352
Md6eQCCm8UBwwAjbEGLGWo_BFp4J32v4fs91HF2j7z4,train,28.9156,30.7086,6.201,25.3469,26.8217,5.8183,49.6213,54.7214,10.2779,37.4288,37.8626,1.1589,5.864
MjvyiQerHJp4LNFaYjErBuE5gZXzJTTBxjRPbdaIkX8,train,25.8693,27.44,6.0715,23.6306,23.9668,1.4226,49.2826,48.8968,0.7827,32.2853,33.8325,4.7921,3.2672
MjymGihCG7nyeic8DITCiZw4B1jxJ3mfz7RoNe_CpRA,train,28.2008,32.8166,16.3674,25.0197,28.6628,14.5608,55.8704,58.4776,4.6666,36.4121,40.4616,11.1214,11.679
MmRBl84BUdcDlTs0CEh8xV-h9eSBn5T8Tza1cLdxxdQ,train,31.0718,30.3524,2.3152,27.2788,26.5106,2.8163,54.9186,54.0867,1.5148,43.2404,37.4234,13.4527,5.0247
MmlaGbcovUveI_4bIkPI7PtbtuIXmJXEuh7PcWd1vs4,train,27.1747,26.7081,1.7171,23.7951,23.3275,1.9649,48.3176,47.5926,1.5003,31.5321,32.9301,4.4336,2.404
MoVC8zaNHbXveUHEwDF-a7ohr17YeOCTHW_iDKwpc5A,train,33.5486,27.9691,16.6313,28.5481,24.4289,14.429,55.3708,49.8396,9.9894,38.547,34.4848,10.5384,12.897
MtEI3iPNMiPKY5npP-NwXFGmNv4wL5fmJm_gz3w1gaM,train,30.9687,34.2683,10.6547,27.3452,29.9308,9.4551,56.3433,61.0646,8.3794,38.3709,42.2515,10.1135,9.6507
Mu1N5LbjXgT8Uo3YyCZQyaNuPv0xZXHaE16PInhyIi4,train,29.8602,34.3724,15.1112,26.7905,30.0217,12.0609,56.0309,61.2501,9.3148,38.8007,42.3799,9.2245,11.4279
MwMONmjsedY2zn7rz5oIR5erkxm4cYrNOgDVcm4n0o0,train,28.7896,31.6024,9.7699,25.0478,27.6023,10.1983,45.3024,56.314,24.3068,31.0946,38.9645,25.3098,17.3962
MyfWZFbdaoAyalT_KRfL_POdoeNK5jBv71Dq2iP2Kno,train,25.3231,26.0473,2.8596,23.124,22.7503,1.616,48.9693,46.4151,5.2159,35.5388,32.1153,9.633,4.8311
N-HpjhR4e4pv_lil_breZsD2Zl6rchnUYp6CN-OId00,train,29.4529,29.0097,1.5048,26.6348,25.3378,4.8695,51.747,51.6941,0.1022,38.0991,35.7679,6.1186,3.1488
N3qD-Pa-IRbfFudTncQZbBY1Kkna0y7-mxiFH8AcNv4,train,27.0095,27.1632,0.5693,25.5355,23.725,7.0898,48.4841,48.4037,0.1659,33.1814,33.4913,0.9337,2.1897
N73xUItebJGioWcFOIhTaSe_9DJboDfYZXXASeeTx3E,train,31.7249,29.0934,8.2946,26.479,25.4109,4.0336,52.2253,51.8432,0.7317,38.3683,35.8711,6.5085,4.8921
N8vHFsQaGtPOz7hgeAexKpIMTsng3dMarv19O_VhSjU,train,33.8756,34.2214,1.0208,29.2919,29.8898,2.0413,55.0751,60.981,10.7234,39.2441,42.1937,7.5162,5.3254
NEr3m-lLFRiiCG6tPxjgLaH3ba0fslVxrYNc-pn-zFI,train,28.1182,29.5704,5.1649,25.7675,25.8275,0.2331,50.6865,52.6932,3.959,38.1382,36.4592,4.4024,3.4398
NHYTWvYxeqGl68vqemGdwryhfk8YKDAAT6yHGpcYTMU,train,30.3674,32.0,5.376,25.1083,27.9496,11.3161,59.4344,57.0225,4.0581,38.3744,39.4548,2.8155,5.8914
NMF25R019iMg46ITv51G7T57n1OQ-0PqjDBBaBM-KeY,train,26.3012,25.352,3.6092,22.5528,22.143,1.8169,48.6014,45.1761,7.0478,34.5715,31.258,9.5845,5.5146
NNvVzvXn13EFNgBJH5L-wp-YioymHGFolmYyJL3R01k,train,33.3322,32.7661,1.6984,28.5212,28.6187,0.342,58.1138,58.3877,0.4714,38.181,40.3994,5.8103,2.0805
NPC5AE7iwKfWfpBfXabJrkmqPUFfC93c-kUzJxIlRpI,train,25.0084,24.3488,2.6374,22.2408,21.2669,4.379,48.181,43.3886,9.9467,33.9196,30.0212,11.4929,7.114
NRix4qIfHXJwy9P3neEGfvsHPAmqyGbqdV8GnbE5Tus,train,28.7466,33.4038,16.2008,25.7736,29.1757,13.1999,49.3532,59.524,20.6082,34.8658,41.1856,18.126,17.0337
NSXAJhcfnGd2bD-3e2mGLkcb92TrafN8kMMQe4cqEK8,train,30.8074,27.6553,10.2316,26.9056,24.1548,10.2237,52.336,49.2805,5.8381,36.1824,34.098,5.7608,8.0135
NT9pVYCYjVJUv93rGE-RcIZ1SXERnAOVnaUgOW501eg,train,29.4726,34.3989,16.7147,27.0532,30.0449,11.0585,54.6648,61.2973,12.1331,39.8318,42.4126,6.4791,11.5963
NTGz9mxeuZY_IFQNIw4t7t7mBvDUI4L_WFVzASO4gLk,train,34.4149,31.78,7.6562,29.7941,27.7575,6.8357,58.2316,56.6306,2.7494,36.909,39.1836,6.1627,5.851
NTmudVTq3KXZsMxKbzh7FZ_Cwidx_LNAFffrMFwhizk,train,32.5846,32.78,0.5997,26.8939,28.6309,6.4586,56.9746,58.4125,2.5238,38.6588,40.4165,4.5468,3.5322
NVE9XUtowWXyTkBoYYC2zJkcJKp8Mwf2QbGc9D5CDGw,train,29.6142,32.8932,11.0724,27.1594,28.7297,5.7818,54.7301,58.6142,7.0968,40.0786,40.5561,1.1915,6.2856
NXeAR8_-o_dyyX6WZjfWxsZu1A-ubHRXI1TGILQSsgQ,train,28.2999,29.8002,5.3015,26.8512,26.0282,3.065,48.2095,53.1026,10.1498,36.2793,36.7426,1.2769,4.9483
NXmoPHhsDXHFFY9qBe87PNHfINaJfDwlbacZeImZi1U,train,25.3347,24.897,1.7278,22.4249,21.7457,3.0288,47.3367,44.3654,6.277,34.2938,30.6971,10.4879,5.3804
Nd9tQGPzZWHmXztXwfqP_CNNVoQ5a-YgEhcOnNMObTQ,train,31.3399,31.788,1.4297,24.3736,27.7644,13.912,54.7896,56.6447,3.3859,36.0842,39.1934,8.6164,6.836
NeEHJxFxG632zWy6Ar6Jyr7TNtJglor-PW8tlqoHAPs,train,32.9304,36.6375,11.2576,28.8513,32.0001,10.9138,59.1899,65.2864,10.2999,42.1809,45.1727,7.0928,9.891
NeyszvHjJ3aJ--cxUOQR12-MFqZA82Uityzo5zWJNRM,train,28.42,29.2572,2.9456,23.2699,25.5539,9.8153,54.3155,52.135,4.0145,33.2141,36.073,8.6076,6.3457
NjDOX-RO3P2kO5oGbEG7fVRbxCOr9Rq3XMAKqle1qYs,train,25.1055,27.6627,10.1858,24.0905,24.1612,0.2936,51.1583,49.2936,3.6449,37.6452,34.107,9.3987,5.8807
NmMb13HMjQsx3SPyqROE0QXqq26gamkQav-ThPHADnw,train,35.5462,33.7921,4.9346,28.2849,29.5149,4.3486,58.2775,60.2161,3.3265,39.2245,41.6645,6.2206,4.7076
Nny-tpFBmQu8scLMjvgDlOS__2jOgH-RSkx_JZE48Bg,train,27.7237,29.8144,7.5414,24.5165,26.0407,6.2169,53.8427,53.128,1.3273,37.8498,36.7601,2.879,4.4911
NoP839tHlvR8LC8EAmB4xEvLRjJUrRrhc0_oIuwEBM0,train,35.6161,37.3274,4.805,32.5593,32.6027,0.1333,57.6505,66.5158,15.3776,41.2488,46.0233,11.5749,7.9727
NouXHWoRzvEgh1xxM89HpU4qFetVsC_Ib7DzixCIMQ4,train,34.7805,35.1793,1.1465,30.1631,30.7265,1.8677,61.8255,62.6879,1.3949,42.9802,43.3748,0.918,1.3317
NqNHgXJ-FnZz5ve2PHKKTHsACmQgTiZyRSFJs4BHXWs,train,31.2556,30.861,1.2625,27.3777,26.9548,1.5446,54.5578,54.9929,0.7977,37.529,38.0505,1.3895,1.2486
NtGhhuJmxasrSRLy3LsguIRU14n0gjoJg_Qr7Ct7-aA,train,25.5392,25.8309,1.1419,23.474,22.5613,3.8879,49.678,46.0295,7.3444,34.7796,31.8485,8.4277,5.2005
Nu5Z5HISeZzUc04Yl7_s7jAd_lVljDYKZEnHkj7wqG8,train,32.2216,26.9556,16.3432,28.8576,23.5437,18.4142,52.5451,48.0337,8.5859,36.7941,33.2352,9.6722,13.2539
NuXfnD6BDa9t-UxAqHbYWS36vC5ynKDL9-C_Uj8U0OA,train,31.1715,31.6784,1.6261,26.5952,27.6687,4.0366,52.3385,56.4495,7.8547,39.7373,39.0583,1.7088,3.8066
O-D1OAwTqCs1SY-zv-CDSEtUTSUZ0SepKK0-ypBzEoc,train,30.4956,27.9421,8.3733,26.7507,24.4053,8.7676,49.115,49.7916,1.3774,33.2531,34.4516,3.6042,5.5306
O-a4oET_iJqLxoOnYsGNvUt67P20sS3-0h4-JYT_VUM,train,35.4093,32.0281,9.5487,30.3276,27.9742,7.76,59.0525,57.0727,3.3526,37.6789,39.4895,4.8054,6.3667
O36GvQdvm9ASza-DXBK3ccl-dGsikNceCPoSlbITJxU,train,26.7174,28.6626,7.2805,25.0414,25.0346,0.0273,52.2997,51.0754,2.341,35.8508,35.3399,1.4252,2.7685
O4seCrLSEagQp6BGJTsPYovKuLedF1KiXDYJjsxHV0w,train,23.6644,23.4143,1.0569,22.1341,20.4506,7.6059,44.6936,41.7232,6.6463,31.8044,28.8689,9.2297,6.1347
O8Q12m9aQL8_V0h2VNlUGSRNZmbsbcusAC3-MFXLUk0,train,31.8378,32.2497,1.2937,27.6352,28.1677,1.9269,55.1386,57.4676,4.2238,37.851,39.7627,5.0507,3.1238
OAbrCqaAW3pJE5CZ4IQFZbVuacN5J6rhE7eBJqme8HA,train,26.0898,32.569,24.8344,23.6519,28.4466,20.272,50.5507,58.0366,14.8086,35.3683,40.1564,13.538,18.3632
OEVYdNtZzji0-PRO4EFc_6Q_ValSmp9OOEMJylOUfOg,train,27.921,26.7141,4.3223,25.6298,23.3328,8.9622,50.6802,47.6034,6.071,36.5184,32.9375,9.8056,7.2903
OG9Sg6chAt62VpE1YhaBQcIQ1Qv22fYUHRPndomcxz0,train,27.7561,27.6634,0.3339,23.8175,24.1619,1.4459,52.0542,49.295,5.3008,35.3212,34.108,3.4348,2.6288
OHJbKBoYWYD-m6mpQi8Xw4zXuMKQe0g8APH6z__VLv8,train,29.6336,27.0369,8.7628,25.1494,23.6147,6.1025,55.9427,48.1785,13.8789,35.5687,33.3355,6.2787,8.7557
OLBWnedUwa0ARUg1ZVSXNvBuk5yLHZrgyB84RGKdYeA,train,30.9035,37.5653,21.5568,25.8184,32.8105,27.082,61.4637,66.9398,8.9094,40.3263,46.3167,14.8547,18.1007
ONExtjPuO-BP4G0Mxy8Hnm5snWhuR8xoomIwRPxkGXc,train,26.3989,24.8932,5.7038,23.442,21.7423,7.2506,51.1715,44.3586,13.314,32.8168,30.6924,6.4734,8.1855
OOQDFUlKiJhPaGZZJT2DZho_zF3PUgznbuIKXXuZcts,train,29.8347,35.379,18.5834,27.6723,30.9009,11.6674,53.1744,63.0439,18.5606,39.2727,43.621,11.0722,14.9709
OSK2OpdvdiHXzX-5IyZVXyqrqIC4TbkGTeUWo2A55jY,train,30.9834,30.16,2.6577,28.2244,26.3425,6.6677,56.761,53.7437,5.3158,41.6029,37.1861,10.6166,6.3145
OW69pCNzvuyn4IDrAvGcRw6BjIQPd71jXCOtNPWpKIg,train,24.0585,24.2926,0.973,22.7268,21.2177,6.64,46.2906,43.2883,6.4858,32.5565,29.9518,8.0005,5.5248
OXlS2SZWh3sRr98QBvGxTZKQBDa5h0TQOcSKd00noQ0,train,24.5273,24.9657,1.7874,23.8587,21.8056,8.6051,46.3432,44.4877,4.0039,33.3889,30.7817,7.8084,5.5512
Ob8vB_biehhDu_hwzWjueaELAjJL7v-22Ijby72Up8w,train,30.7134,28.922,5.8327,27.4556,25.2612,7.9927,54.7495,51.5377,5.8663,35.3305,35.6597,0.932,5.1559
OkD_s5l3lVIhaNKIZPzRPwKaGobxBEXGVQ0qW86r5A0,train,23.0972,24.198,4.7658,20.8087,21.1351,1.5688,45.1539,43.1197,4.505,32.5781,29.8352,8.4194,4.8148
Oou9zXqnLOriTu0LP3ndMcnjJTQb2i5674RjAxO-t7I,train,31.4651,29.1176,7.4607,25.8882,25.432,1.762,53.2331,51.8863,2.5301,35.4148,35.9009,1.3726,3.2813
Op7RQ5cjwd583mhbwbcgJgBkiOvpIBlAVzi07o2-69I,train,30.9776,29.9597,3.2859,26.7713,26.1676,2.2553,55.9467,53.3869,4.5755,38.7295,36.9392,4.6225,3.6848
Op8r02niR4ewKbhCNlxQ0bbj9lntsw2SLCKTfXOjsc0,train,24.1047,23.2776,3.4314,23.1851,20.3312,12.3091,47.4396,41.4797,12.5633,32.9876,28.7004,12.9963,10.325
OpsAHKwX0vH2qhmJul_yqJDkZ6aEfgL7JmQXapmG43k,train,37.629,36.1561,3.9143,25.4009,31.5796,24.3249,65.7027,64.4285,1.9393,38.4162,44.5791,16.0424,11.5552
OqLpAk-EBo2DigLIIYoSlGrjDjh-RTYpCfUDAyV12Iw,train,31.5909,28.108,11.0252,26.3998,24.5502,7.0061,46.4122,50.0871,7.9181,32.6759,34.6561,6.0601,8.0024
Orbyk3iPXYvSdz9sJJC_no7TvLkGljXwfgP7phGtk0I,train,32.3839,31.3607,3.1595,28.2386,27.3912,3.0007,56.6399,55.8834,1.3357,40.4523,38.6666,4.4143,2.9775
OuqGc3iTumHR0ki5YB_FgsSlcIE4r70wUppri1uf9HI,train,26.2012,27.113,3.4803,23.0951,23.6812,2.538,48.7683,48.3142,0.9311,34.1506,33.4294,2.1119,2.2653
OxK_g9JOUf-B_yRb4AQliy76liI7Zz3uhIW8dbpOTQw,train,30.7645,26.897,12.5712,29.3612,23.4925,19.9878,51.5318,47.9293,6.9909,35.6631,33.163,7.0103,11.6401
Oy8RHBJN9tp8RgpUs4Pg2x7ALbud1MPkfbF64WxpE2Y,train,30.9987,31.5547,1.7935,27.7792,27.5607,0.7867,51.3816,56.2291,9.4343,36.485,38.9058,6.6349,4.6623
P04VOrUsLTX6SIW5Iogjg7m40YuLGUqVBqRSEFya9GI,train,24.69,28.2399,14.3778,21.5041,24.6654,14.7012,45.998,50.3223,9.401,29.066,34.8188,19.792,14.568
P1aEQqvvzL2pKMO4Pq17rpAPVgluY9Op1dqv_caiRJM,train,34.0723,36.7127,7.7493,28.6547,32.0657,11.9039,60.6073,65.4203,7.9413,43.2759,45.2653,4.5971,8.0479
P2napCkrkVITcwLhUfdanIOl4ysctsqjd_4DRNa4dus,train,31.8116,31.5593,0.7932,27.6717,27.5646,0.3869,63.0695,56.2372,10.833,40.3237,38.9114,3.5025,3.8789
P7Fj7Yam-B8N2UIU2PCCVq3wZNCVx43pbvCaLr6Jahk,train,33.6295,36.4143,8.2806,27.5984,31.8051,15.2425,66.2288,64.8886,2.0236,42.0769,44.8975,6.7034,8.0626
P7PpDV6HKTYXWgAL-1kAoYYPIrFdsoOAa8Xl7rfXUWI,train,27.7291,29.7902,7.4332,25.7121,26.0195,1.1958,51.8311,53.0849,2.4189,35.0784,36.7302,4.7091,3.9392
P8HjcpmrkvjCE8bRSLOeAp0dccbVIhGqff_ua4RKIac,train,27.3306,25.8418,5.4473,23.1947,22.5709,2.6894,51.9082,46.0489,11.2878,32.3036,31.862,1.3672,5.1979
P9xEH1gTLHYiXIPkKlGqZ63y1rExLqOPPSkimNdQsYc,train,26.3724,28.4462,7.8636,23.0154,24.8456,7.952,49.3033,50.6899,2.8123,33.3235,35.0731,5.2504,5.9696
PEHN1aqxst83Z9A4dsV9vlx4izfDR4pcnR-j3mGZQFY,train,26.0004,23.1071,11.1278,23.4424,20.1823,13.9067,47.892,41.1758,14.0236,34.4709,28.4902,17.3499,14.102
POrRNKsiJroy26MF_45GMYIj9GSQYqT1FHIh9ZmkcQI,train,35.8859,37.4722,4.4206,30.7081,32.7292,6.5817,55.6238,66.7738,20.0453,40.3004,46.2019,14.6435,11.4228
PSWXWb1JMr1NXcxjGIGDSeYOT6YZLvclRRYBZT5AkzI,train,28.6671,27.0207,5.7431,25.11,23.6006,6.0112,56.9421,48.1497,15.4409,37.2918,33.3156,10.6626,9.4645
PTlHUsHV7o9UT252M5WVnZ4UHD70AB2ki2h3-WTeFBg,train,33.4052,34.1699,2.2893,30.6336,29.8449,2.5747,56.4894,60.8893,7.789,42.0977,42.1303,0.0774,3.1826
PW8dOnlNQSNB1pH0OLBgp93-V6uCLs6ks9WS6Vg_2HA,train,31.8029,34.3307,7.9481,27.8951,29.9853,7.493,56.8414,61.1757,7.6253,36.6342,42.3285,15.5435,9.6525
Pefs-r0yS1ClcRpjUKi5FU1NC7w920QUrokdZ0c4fiw,train,35.4838,39.5258,11.3911,29.0614,34.5228,18.7926,59.1509,70.4333,19.0738,41.7878,48.7339,16.6223,16.4699
PhWGxRdPqcxq4ZCkS_EgGaro9Nq3krfllRS9EsD7ppg,train,29.5489,29.8306,0.9533,26.1685,26.0548,0.4347,53.1877,53.1568,0.0582,38.0241,36.78,3.2719,1.1795
PmWdX9mWtv6pOPuX7h0jfjLFLxlbiA7-5BonJDLNV5M,train,29.1073,24.2375,16.7307,26.9346,21.1696,21.4036,50.3058,43.1901,14.1448,36.2191,29.8839,17.4913,17.4426
Po01HpDqWRcl6Y8hblHM1rATImORptJPZ4SeIfk_UjE,train,34.0678,29.9625,12.0504,29.853,26.17,12.3372,56.7769,53.3918,5.9621,40.1839,36.9426,8.066,9.6039
PsNriiQw43ZxP6OA1jYF0Ie-2PGjrntpETaX69ye71c,train,28.8082,22.4772,21.9766,25.6832,19.6321,23.5606,44.4778,40.0533,9.9476,32.9711,27.7135,15.946,17.8577
PvvWNiET5hz701BDbx_LMXCRHnH7W94qby9EuCVLxs8,train,29.3204,25.216,13.9986,25.177,22.0242,12.5223,53.7162,44.9337,16.3498,32.8001,31.0903,5.2126,12.0208
PxsFhzWWdGKMvqMtrMiu7ToUSSZa4rcZ46ryRS8Z1ds,train,32.0489,38.4605,20.0057,29.1121,33.5923,15.3895,59.4731,68.5349,15.2368,40.7171,47.4204,16.463,16.7738
PzOCTMEqFNW_m0El8kk94x5NoGcA-L_d65TiAJe5p68,train,26.1862,25.7115,1.8128,23.2671,22.457,3.4814,52.933,45.8167,13.444,36.8622,31.7013,14.0005,8.1847
Q-y1oIbsoe4Rqzy9N4iKyG8Asqb6CI_dA39f6Xayv6s,train,25.824,24.7512,4.1541,23.6485,21.6184,8.5847,48.665,44.1056,9.3689,35.6859,30.5174,14.4833,9.1477
Q0xb8LF0NL5XCdHFaoOj5XHT0p5Do8Ei9-IDRuNYOd4,train,31.9952,35.351,10.4885,29.6052,30.8765,4.2941,55.4271,62.9939,13.652,38.5483,43.5865,13.0698,10.3761
Q1mrhkvdeveFY2PVxxtCrR57IGVzOJsBhBJqR3bVL8c,train,33.5243,35.4534,5.7544,30.7682,30.9659,0.6424,58.9411,63.1764,7.1857,39.9775,43.7128,9.3433,5.7314
Q7mU0hXmoLdyNJep0JFlulz3lLODrEnGPuKc8TMdcx0,train,28.6536,28.2735,1.3268,23.8381,24.6947,3.5935,52.9643,50.382,4.8755,38.5885,34.8601,9.6619,4.8644
Q8EWvJHo7ZjvwLJNpaJxCxZAky0rrnvcmYsTvGSOPFg,train,24.4393,25.2228,3.2056,22.9002,22.0302,3.7991,48.8588,44.9458,8.0088,35.0017,31.0987,11.1509,6.5411
QCS_XzowNPVZ6LaRgVS6VUwPbRWnZ8G6G8Jy4ABnbFs,train,33.1458,32.1625,2.9665,27.6687,28.0915,1.528,51.5792,57.3121,11.1147,34.2511,39.6552,15.7778,7.8468
QD6ovtOw9zxOZ6WdyfubnDySb43N6CMB70x5nzS257U,train,30.9952,32.5793,5.1108,27.4714,28.4556,3.5824,54.028,58.0549,7.4534,41.4938,40.1691,3.1926,4.8348
QGyEU_F-3up3kln0_3lsdpz562p0ad8DRgCzf_iViGk,train,31.2617,30.2016,3.3909,25.964,26.3788,1.5978,52.7731,53.8179,1.98,33.9924,37.2375,9.5464,4.1288
QJjnm8eqcTWclApiqQ3yU8OmtAc6DsXvX5ysML60mZA,train,24.876,27.7608,11.5967,23.6916,24.247,2.3443,48.7203,49.4685,1.5358,35.2666,34.228,2.9448,4.6054
QLWl4hAxVhedj3BGM7HyF5my3GJnKsXc51wfIX553Qs,train,31.9409,32.1129,0.5384,28.5374,28.0482,1.7144,57.3058,57.2237,0.1433,39.4286,39.594,0.4193,0.7038
QN6awL28K1oOGTfvrs6JaebgAll0DiBRUmVZiVuZx2k,train,31.5043,31.8202,1.0025,26.7353,27.7925,3.9545,59.8136,56.7022,5.202,37.0913,39.2331,5.7743,3.9833
QScXtldfJ1arhceGOcY92H3vhIyajsSdzOOCEp6zZc8,train,31.4781,27.6892,12.0364,28.0222,24.1845,13.6953,52.5427,49.341,6.0935,34.3677,34.1398,0.6632,8.1221
QTYeuzfnNXU4trG76LSA8XR3m8gbpDRBEhaLvMffJ1w,train,28.6577,31.1102,8.5579,26.2316,27.1724,3.5868,51.5499,55.437,7.5406,35.6738,38.3578,7.5235,6.8022
QVqq2Hw45tSfwmA9HO7AxeBnonmAaUIEM7yz8UnYktc,train,27.746,26.0176,6.2294,23.6977,22.7244,4.1071,50.2646,46.3622,7.7637,34.2427,32.0787,6.3195,6.1049
QW2Nv2ELci-jrh1F22pctTT58FcUFls-aiIrbIm5Usg,train,33.9417,36.2423,6.778,28.8266,31.6549,9.8113,56.3782,64.5821,14.5516,39.0479,44.6854,14.4375,11.3946
QaLad0bdqMYb9vpplgK_scMV6Z2tuAJ04pxEsdXFOMA,train,29.2832,30.3714,3.716,26.6012,26.5271,0.2785,48.4723,54.1204,11.6522,33.8825,37.4468,10.5194,6.5415
QcyYsF0UTeV4WWk7qMtvs6QaTRvMuiW4mCCjXb3wL2Q,train,34.3459,29.6466,13.6823,28.9199,25.8941,10.4628,59.3942,52.8289,11.0538,38.3437,36.5531,4.6697,9.9672
Qdp6TYwkdxbX5uoZpl2PtFjq4Vq5PnUV4j5xrz-ZQ6Y,train,26.6113,26.9668,1.3359,24.0579,23.5535,2.0967,51.3116,48.0536,6.3494,36.493,33.2491,8.8893,4.6678
QeM2XorlxNq4QlazMs-7rhh0gSmxLTaOiQHR6S0dxxA,train,30.6241,30.199,1.3881,25.7401,26.3765,2.4728,52.3557,53.8132,2.7839,35.5512,37.2342,4.734,2.8447
QfKpuP6dZQy-hOYNYE5Unp5XJ0g0H2AU6yLy8KASKNg,train,23.963,24.2769,1.3097,21.4061,21.204,0.9441,45.9341,43.2603,5.8209,32.2937,29.9325,7.3117,3.8466
Qft8SrjkyOiUJE2WWGWi5qioxAL6RfK9cpCKkzYBGtU,train,33.6943,37.8215,12.2488,29.2923,33.0342,12.7745,60.0198,67.3961,12.2898,41.7664,46.6325,11.6506,12.2409
QgfeuOOze8IVivTFjCA5CjmcZ2J87GUFLIq9O1Ruy80,train,32.8927,38.2223,16.2032,28.7535,33.3843,16.1053,58.0459,68.1105,17.3391,41.1557,47.1267,14.5084,16.039
Qhq5WBZPQIcW7PhH7-lgUiX7qqU3fjqH1CD-Bf2j13k,train,29.1647,28.0806,3.7174,26.1201,24.5263,6.1018,54.6527,50.0383,8.4431,36.1582,34.6223,4.2478,5.6275
QhxNLGGNPt_CLAWdS2v9-VV6QzaYIjd0kYa2TSu167Y,train,33.4606,30.591,8.576,28.5416,26.7189,6.3859,57.6052,54.5118,5.37,40.1512,37.7175,6.0611,6.5983
QiAADJFrx4hH-ORJ7WLmTlPpW1IS1vQ19Paf_BEVYPE,train,33.5678,37.5374,11.8256,28.7453,32.7861,14.0574,60.2944,66.89,10.9389,41.2324,46.2822,12.2472,12.2673
Qj2g7jzcDOidGBcyG5ZtqGApt97vV1BkLsdju4fRFSE,train,28.641,31.0821,8.523,26.8419,27.1479,1.1401,53.9597,55.3869,2.6451,37.3626,38.3231,2.5707,3.7197
QjI7V3xOO1AI6u5KD4WeyvLAaS_pr4ZsGG6xDhzHRpY,train,33.1887,35.9042,8.1818,27.1744,31.3596,15.4014,59.9186,63.9796,6.7776,38.3452,44.2685,15.4473,11.452
QjnGzy-1LuyPq1STjAITAM5lIyPavydwCFsdj0JzYRA,train,34.3842,37.7787,9.8722,27.6589,32.9968,19.2992,58.0052,67.3199,16.0583,41.0329,46.5797,13.5179,14.6869
Qq9NaLjx3iFSgN4IO9FFHNQhM-HniE8cy7GXNWpJVtk,train,31.4999,27.6662,12.1706,26.3336,24.1643,8.2378,56.4309,49.2998,12.6368,37.8173,34.1113,9.7997,10.7112
QsfW9r37rNEuvlI7R89pMY3WbI0itD-PML1D28QCAEg,train,25.6701,25.664,0.0236,22.5893,22.4156,0.769,49.567,45.7321,7.7367,34.1832,31.6428,7.4317,3.9902
QvECcBK0DBGDO8AfvTxS9NtMSJ8-kzMGM_rv7NeO3SU,train,30.027,30.5482,1.7357,26.8301,26.6815,0.5537,56.746,54.4355,4.0717,40.1005,37.6648,6.0739,3.1087
QvvspmnbMFsvetheLFMmqbxPuYhuz7z2HpKC_jXBj0o,train,33.185,29.426,11.3274,28.8408,25.7014,10.8853,52.1694,52.4358,0.5105,35.068,36.2811,3.4595,6.5457
R1D_E6s-GP4mOhzN9yvgHcF-8vXl9GVKmbq1XL_g5_o,train,25.5526,26.1217,2.2269,22.5873,22.8153,1.0095,48.909,46.5476,4.8281,35.0732,32.207,8.1721,4.0592
R2dKfCDJQHFZH_8b0YP1p0k_uYowFNx37BmijYalB7M,train,27.8956,26.0013,6.7905,24.2997,22.7102,6.5413,55.1418,46.3332,15.9746,36.4944,32.0586,12.1546,10.3652
R2oQsZsj0aVNB5JF8rS1AwZranVfJ3b5YWVVZ1etG7A,train,27.4899,29.0864,5.8074,23.5608,25.4048,7.8267,55.5529,51.8307,6.7003,33.4509,35.8625,7.2091,6.8859
R4S5zQac3r9UwZ_mkT3I2J0p1Y842bOqrn8bjy7pbYs,train,28.6935,35.6828,24.3583,25.1544,31.1662,23.8998,52.2703,63.5851,21.6467,36.1784,43.9956,21.6073,22.878
R6OR4DPv36jHJz2ItpP30U5G0lKe8AwmpmbIRVOScHw,train,29.2629,31.3898,7.2683,26.9171,27.4166,1.856,52.9925,55.9352,5.553,34.4782,38.7025,12.252,6.7323
R6lI4XrZv80ND_JSygPq0gmxy-AJ3FqmuLPssZXEWrA,train,41.5544,44.4085,6.8683,34.0516,38.7875,13.908,63.5667,79.134,24.4897,43.3914,54.7541,26.1864,17.8631
R8TAI3oDN4eue22DWUjf6d5aU1hYX4gK1FnF5-F1CtA,train,29.8394,28.4861,4.5351,25.8505,24.8805,3.7525,49.0988,50.761,3.3856,36.2703,35.1224,3.165,3.7095
RCvBZwL6ySv9VZVZ5BZjlncUxRBCExRk8cLHIXkL2mc,train,24.2892,25.3749,4.4696,23.6445,22.163,6.2657,45.8866,45.2169,1.4595,32.061,31.2863,2.4165,3.6528
RDxjKtYfF_820cUZ7zkbxP4f10QxD7eeLywY15TzAgY,train,31.5613,28.4244,9.939,27.2845,24.8266,9.0083,52.9629,50.6511,4.365,34.9925,35.0463,0.1536,5.8665
RImghWGquKp-Ol8otUz5nMKMoeJEmd9skki_80D5NXI,train,37.814,36.2578,4.1154,31.7897,31.6685,0.3814,61.7423,64.6098,4.6443,39.3206,44.7046,13.6925,5.7084
RK5u73TC2KMl2qXLHIRhgKpCbt9AOfntD0lnBYWCxQo,train,32.1643,32.7483,1.8157,29.4143,28.6032,2.7575,57.1089,58.3561,2.1839,39.3809,40.3775,2.5306,2.3219
ROnYLg06pCSJ47L9kbpeqFAMv8uY2SC0csYHqPwlvUI,train,26.7968,28.7161,7.1623,24.9495,25.0814,0.5285,46.5274,51.1708,9.98,34.0171,35.4059,4.0827,5.4384
RQq_cqoXxjRz_clDrc-_WzDZjYVR7-wSKqcbn4WSwSE,train,22.5728,22.1468,1.8873,20.812,19.3435,7.0559,45.8799,39.4646,13.9828,33.376,27.3062,18.1863,10.2781
RUO2J9Y34xvK2dxHt2CHiRdfWwsZ5el7VQMIuf_FIJI,train,26.2754,29.841,13.5703,23.6244,26.0639,10.3259,46.6679,53.1754,13.9442,32.5669,36.7929,12.9761,12.7042
RZGVhoCaP47IHpVlPgcaB8_FpevNIj4qwzBE3mqIJ-s,train,26.4671,25.0425,5.3825,23.903,21.8728,8.4936,51.8627,44.6247,13.9562,36.2966,30.8765,14.9328,10.6913
R_Xg4Nh-OYq6AJspZUtA0VXq04NHInTcUqlNXvVr1iE,train,27.4541,27.3102,0.5241,24.6169,23.8534,3.1014,50.6749,48.6656,3.965,36.4527,33.6725,7.6269,3.8043
Ranix2Ep61ZJ4Q0aWteK6smrMAD3jzKDODGy4mvFk_c,train,31.8145,30.8133,3.147,27.746,26.9131,3.0019,55.8195,54.9078,1.6333,40.9857,37.9916,7.3052,3.7718
Rb3Q0-p0ODVkC7J0Y-Ab6Hz1m-Zyhq_Oa51zsq5_AiI,train,30.2599,33.4134,10.4211,27.1315,29.1841,7.5653,56.2788,59.5411,5.7967,38.0329,41.1974,8.3205,8.0259
ReU8t8rSsjxvbMQftiQxiI6xkDiQBKQkO1jJZTYJxOg,train,31.0619,32.4141,4.3534,28.0826,28.3113,0.8146,50.0671,57.7606,15.3664,41.3267,39.9654,3.2939,5.9571
ReXksxD2slcyWPByLyLntNmLGJITrJkkgxHefm7FCSw,train,22.5349,23.5094,4.3243,21.3234,20.5337,3.7035,45.1911,41.8927,7.2986,33.854,28.9862,14.3786,7.4262
RepVnNXP8Ro--nW_dI7-Mzee4h7Uz7Zm2iQjOdl50Q0,train,29.3878,28.8226,1.9231,26.6084,25.1744,5.3893,52.7824,51.3606,2.6937,36.7525,35.5372,3.3067,3.3282
RgHFQC0AYP9O4OaJAasa1xVK6RznfIPHAI0nmCFiehA,train,31.9153,30.9983,2.8735,27.7088,27.0746,2.2886,54.9444,55.2375,0.5335,37.4359,38.2197,2.0938,1.9473
RgxA2NY_qUQsfbRylNa2EkHdu8oWMuR0BVjVSkCMw80,train,31.0965,30.3903,2.2708,29.7953,26.5437,10.9133,57.0275,54.1542,5.0383,37.5825,37.4702,0.299,4.6304
RjXw5CEZ1E-C2dyiHBaoTiE-7wvIySfKHUAORkxwNF4,train,29.4819,31.8998,8.2014,27.5159,27.8621,1.2583,49.4112,56.844,15.0427,36.0812,39.3313,9.0076,8.3775
RmX_Gxh2RmFdRfFMJEwqaRRoqhcuFpqhG-ZjiKprUmM,train,33.6026,38.657,15.0415,29.2763,33.7639,15.3285,60.3424,68.885,14.1568,41.9334,47.6626,13.6625,14.5473
RtKCT7Vv4B2-hjY1uFTiLCA4OBe30BT7_rgFeDPrxq4,train,34.0018,32.9484,3.098,27.9255,28.7779,3.0526,65.7831,58.7126,10.7482,39.8551,40.6241,1.9296,4.7071
RxMNb3gTmoISfrr8Bq66_Y6mab1irN7S3JkFj2MxYCE,train,33.7858,35.5681,5.2754,26.6938,31.0661,16.3794,60.217,63.3807,5.2539,40.2913,43.8541,8.8428,8.9379
S0K6y-KfAfl0vF2ldf5Uu5ISSEF_Z3Kznu1p6VUX9sY,train,23.1836,23.8246,2.7649,21.2782,20.809,2.2049,45.6354,42.4544,6.9704,32.3203,29.3749,9.1132,5.2634
S15tQ15Us0X6SmjBk8n1rSFhgtMbZ3kSb8R-ABuo0ww,train,36.5805,33.3251,8.8993,28.7389,29.107,1.2809,66.4478,59.3839,10.6309,42.7723,41.0886,3.9364,6.1869
S2mmeg781MZQc-lUFAQ7ShYJ6xh3LhzmNqNSN5xCu34,train,24.8873,25.3171,1.7269,22.4315,22.1126,1.422,48.8938,45.1139,7.7309,34.2415,31.215,8.8387,4.9296
S45BGG7fwwStlMSiUGTnZJTJYx3izNJXWKNQ5fsxIlg,train,27.4564,26.6148,3.0653,24.7037,23.246,5.9007,52.5382,47.4264,9.7297,33.476,32.8151,1.9742,5.1675
S7yKMTRDnBadwqQLxj-YxnZ7tUY-sxd7zBKF-N-laAg,train,26.1172,27.5003,5.2957,22.2326,24.0194,8.037,52.9545,49.0043,7.4596,34.6508,33.9069,2.1471,5.7348
S8DNkHWYnqSYrSKVjzT48pSx5KnBvkPR9YANe3OxRNk,train,31.2278,30.7147,1.643,26.3393,26.827,1.8514,54.966,54.7322,0.4255,39.1064,37.8701,3.1614,1.7703
S9GE5Oya-CqVSz_DNHS-sQr_2CemlLY7amKdVrsk2e4,train,33.6719,32.7081,2.8625,28.7345,28.568,0.5794,56.143,58.2843,3.814,42.0706,40.3278,4.1424,2.8496
S9Nv2Cy4a9bOgizxQsboycFVmZZROIA22x4QwiRfPRE,train,31.6679,28.1487,11.1127,28.2493,24.5858,12.9683,52.679,50.1598,4.7822,36.8197,34.7063,5.7397,8.6507
S9zKF4YjHsOv9MC2NLaW4o0k8o84LWICxS8BJ5wsQnk,train,30.8678,31.4861,2.003,28.0607,27.5008,1.9953,50.3491,56.1069,11.4357,38.3712,38.8212,1.1729,4.1517
SBAJJtSt30mW6d7I0tcNAfCArXRNzOABCb1TY4qq9N4,train,28.7858,34.314,19.2046,26.6384,29.9707,12.5093,49.1322,61.1461,24.4521,37.2982,42.3079,13.4316,17.3994
SCrgJSZYcGAKjmC780rJme0Zww5HMuPWH1vGrplVehc,train,30.4503,31.5061,3.4676,27.9111,27.5183,1.4077,51.537,56.1426,8.9364,39.6634,38.8459,2.061,3.9682
SDeiJFKVmRceC3qDqcpQTyDnNDOrSB2SriupQya166k,train,35.3624,37.9311,7.264,27.1316,33.13,22.1082,64.869,67.5916,4.197,41.4055,46.7677,12.9504,11.6299
SEmnk4jlSmg3QtnZMtmBa-LkBg--17VtCby5OBK99YY,train,31.5598,35.0786,11.1499,28.1142,30.6386,8.9791,59.8666,62.5086,4.4131,43.6187,43.2507,0.8438,6.3465
SGYSr86YAIQ-rG6imvNMUUDbP-rLA3m8pglajFBEf7o,train,28.9501,33.3806,15.3038,25.8133,29.1555,12.9476,57.7708,59.4828,2.9634,39.0409,41.1571,5.4204,9.1588
SHGPO9XrEnt07sVVxc95eNNyzpV_I8R_E5KFtMNABpQ,train,35.4529,36.4547,2.8255,31.8129,31.8404,0.0865,57.687,64.9606,12.6088,42.6642,44.9473,5.3513,5.2181
SOBDbKkRyVnde0LsY4ekKIEN8FK8nlUfpvoUmD1tZyI,train,30.0925,33.2355,10.4442,26.4618,29.0287,9.7004,51.3095,59.2241,15.4253,35.0052,40.9781,17.0628,13.1582
SPNzQXP6J5sNtZRUepCJSwqxWzJrf-oJlQYaASJQeRQ,train,24.772,24.2596,2.0683,23.2383,21.189,8.8187,45.5639,43.2296,5.1231,33.8589,29.9112,11.6593,6.9174
SU8ajtC4J0BylhJPVO6XHvhNND-cN0bNSyioea-I1r8,train,31.9091,28.4732,10.7678,28.0898,24.8692,11.4652,54.1158,50.738,6.2417,36.6163,35.1065,4.1234,8.1495
SZ8fMi9suHoMg8MZm5RigqiTy9G3tQGkYjSO_Tb-LMQ,train,34.7133,31.4007,9.5425,30.9908,27.4262,11.5023,57.4754,55.9547,2.6457,39.6524,38.716,2.3616,6.513
SZmnW-xc6SrqiqDHJsWld1yYThhr489nBwJCqzYIh-A,train,30.4077,30.6649,0.8457,28.1366,26.7835,4.809,55.1191,54.6435,0.8629,37.641,37.8087,0.4455,1.7408
SeU7Oa1_lbmjnPf7Ia-FHrIGFRH9rMXzK6XlsB8wg6I,train,29.2007,26.3813,9.6554,23.7647,23.0421,3.0406,51.2076,47.0103,8.1967,36.0971,32.5272,9.8899,7.6957
SgDusbluaGnu0xOboeb-2JPm-kNIjM8SOLqNrFdhnrw,train,30.7875,28.7958,6.469,25.764,25.151,2.3794,49.3911,51.3129,3.8909,31.6379,35.5042,12.2206,6.24
SiuORojzbHGW8rsuEbvKA_geBv_0RAciTzfgntReouU,train,29.6549,32.002,7.9148,27.47,27.9513,1.7523,54.4872,57.0261,4.6596,37.2478,39.4573,5.9317,5.0646
SkFvQRL3yL17aFJkb6GvdhrubzW4I2nvNAhIZ4JkauE,train,40.2769,41.0869,2.0111,32.1859,35.8863,11.4969,58.6331,73.215,24.8697,44.1124,50.6586,14.8398,13.3043
SnRufUG41gyAnwY8mh8ci8O3iUbshtmaQkXebwXadkQ,train,30.1872,32.4591,7.5259,27.7707,28.3505,2.088,47.4692,57.8406,21.8485,33.7926,40.0208,18.4307,12.4733
SoXRD34VppK94SA4pQ4frEtTDnoL0JHro9MzZmPSJfg,train,31.6315,35.1045,10.9794,28.0128,30.6611,9.454,55.7079,62.5546,12.2903,38.9943,43.2825,10.9972,10.9302
So__VCY_i8yV16N2gU6_7dHN_WwZHMxxjcUHsNU574A,train,28.4102,26.9325,5.2014,25.5397,23.5235,7.8942,51.3937,47.9925,6.618,33.978,33.2068,2.2698,5.4959
SqTmoUOeRjG1RbZSxonfRdS_8B1Voibyz8Xfwl2JoUk,train,25.9651,24.6678,4.9966,23.3359,21.5454,7.6726,51.6605,43.9569,14.9121,34.4871,30.4144,11.8091,9.8476
St1RAwweLXux_N5x-LD02AOSmWj34hxrjeg3q8SQhxo,train,34.6577,38.5559,11.2476,30.9724,33.6757,8.7279,65.4035,68.7049,5.0477,44.9516,47.538,5.7536,7.6942
SvkY2Ysx3MDO_ExWKwetY7tv7FMNABQ7lWEi89y1res,train,30.07,29.2217,2.8211,27.159,25.5229,6.0241,52.2996,52.0717,0.4356,36.0132,36.0293,0.0446,2.3314
SwdoheNdtbyXKHsPtVSV6G-OOC3MuPRGDwlN6zqYhLQ,train,38.3377,37.5703,2.0018,32.761,32.8148,0.1642,69.4051,66.9485,3.5394,45.5717,46.3228,1.6481,1.8384
SyUN7XbznL_hdItMdq9aDC_2Qt1BgkgQITNB7IdKPWU,train,28.7679,30.5068,6.0446,25.4105,26.6454,4.8598,50.9867,54.3617,6.6193,36.3734,37.6137,3.41,5.2334
T0HhbFzQ60gsY-H0qpRQ_jECuCQI87t72Yo5A8thRMI,train,42.9915,46.3351,7.7774,32.0299,40.4702,26.3513,71.5782,82.5671,15.3523,45.8745,57.1295,24.5341,18.5038
T5MA0-DqcnegkRCcyq0d2SrdrGndkkeB4kc0Z_V_Kcg,train,27.5169,31.3625,13.9756,25.1175,27.3928,9.0587,50.0115,55.8866,11.7475,37.1572,38.6688,4.068,9.7125
T5qOIIFa4FfGskIBVM5n3NdjF0HG7GMhg8i-xyq7wcY,train,30.1595,30.6494,1.6242,26.4699,26.7699,1.1334,53.2622,54.6159,2.5415,39.2223,37.7896,3.6529,2.238
T7e25wwki0I_vszINgAJrfkfH2MTO1FLgHf0y3eokg4,train,34.8801,32.7438,6.1249,30.2153,28.5992,5.3484,59.9226,58.348,2.6278,40.9851,40.3719,1.4963,3.8993
T9eqjcfGhH1yU4l5GYiDDm7Psqkghqz0Ijd4Ycsdgdo,train,33.614,33.205,1.2166,28.2319,29.0021,2.728,57.1817,59.1699,3.477,40.8239,40.9406,0.2858,1.9268
TB9sPWPGjbzUOXgBYGT78c0KJMB60oIDhYD-jGOIFmc,train,27.9018,32.5109,16.519,26.669,28.3958,6.4749,52.2156,57.9329,10.9495,35.061,40.0847,14.3286,12.068
TCrzWF7EcyvrBbCU3rIqA3vv-wkBBnFpBR-BXZGOqss,train,25.0902,24.504,2.3363,22.9144,21.4024,6.5985,52.2887,43.665,16.4924,34.4982,30.2125,12.423,9.4625
TDhc1vcvsVwx-I9BuzL105aN-d8RWvn3vp549zbjSgc,train,32.4933,32.5221,0.0887,27.3179,28.4056,3.9816,55.8324,57.953,3.7981,35.6962,40.0986,12.3329,5.0503
TEKyW0xeFLuNWII77xyC3bbGe8AylP5D14B-s2Om_QQ,train,28.2204,27.4467,2.7419,25.5422,23.9726,6.1451,53.4524,48.9087,8.5004,39.1534,33.8407,13.5688,7.7391
TFIecvIbX-tK0pUO3SJc4RL3hHQ8ybyG6IIvoTX5Wl0,train,30.6814,28.0081,8.7129,27.495,24.463,11.0274,48.9699,49.9093,1.9183,36.8687,34.533,6.335,6.9984
TH0MiV9KcajD00Dm4oCUNaMx14p36PTQyxhJcUUN3Cg,train,28.8054,28.4621,1.1918,23.9821,24.8595,3.6589,51.5128,50.7182,1.5425,33.6492,35.0928,4.2902,2.6708
THEwqU40js1n9THdzHKyVX6jgnrohfzOOWqALF-UYFA,train,29.3245,27.6749,5.6253,26.051,24.1719,7.213,53.0569,49.3154,7.0518,37.6705,34.1221,9.4196,7.3274
THUIi-yI_DMbICZ5Y5MQkdUrNBlEn1rP7WoVbMOk10U,train,28.8738,28.781,0.3214,25.9511,25.138,3.1332,49.8612,51.2864,2.8582,34.9138,35.4859,1.6385,1.9878
THyMoUbPS8923SdTi_Nw19p3_ivBGhcZKjHw-IKT-pU,train,30.5233,32.3511,5.9881,27.4434,28.2562,2.9618,50.7672,57.6481,13.5538,35.5586,39.8877,12.1744,8.6695
TJjX3J-3iPEpXzXvRTGzscpZesSkq8B20bxBlVHSY-0,train,24.0403,22.8874,4.7958,22.1662,19.9904,9.8159,47.6191,40.7843,14.3531,33.7605,28.2193,16.4133,11.3445
TK6EBuLQbWBIE_w6NKPVidYrw3SD_s-_6brVS6a41j8,train,30.589,30.3321,0.8399,26.9684,26.4928,1.7636,54.8923,54.0504,1.5337,35.9614,37.3984,3.9958,2.0332
TKll-RyU4HX19igR4WPoDasfvSupSAHzE55GmliHne0,train,33.1095,33.4326,0.9758,28.9076,29.2009,1.0146,62.5428,59.5754,4.7445,43.1526,41.2212,4.4758,2.8027
TLI5z5j7y9XIr6a-acw6-gcpuKN6bHj9IOq0Z4CdvN0,train,25.842,27.8494,7.7681,24.9586,24.3244,2.5411,49.8948,49.6265,0.5377,33.5656,34.3373,2.2992,3.2866
TPEFC770c-_JCFBm69zaW6mwzy_cDoLe7CouTJkeK54,train,33.7663,34.4038,1.8882,28.7979,30.0492,4.345,65.2358,61.3061,6.0238,42.1133,42.4187,0.725,3.2455
TPVBpaYELi7ENqmqo8NHztlKE0bYPQNK8mflHJTIv_8,train,40.0675,37.12,7.3561,30.654,32.4216,5.7663,68.7695,66.1462,3.8146,42.9839,45.7676,6.4762,5.8533
TRtNqwFvqbRB7dP5iAW0CPCyC254XwlLQdNNTtOZ4j0,train,33.6466,27.7608,17.493,28.3937,24.247,14.6044,55.8388,49.4685,11.4084,35.2572,34.228,2.9191,11.6062
TRuxsXb-D62dw0s-4nnUWMPAirz75DlxLhpiTE34d90,train,33.3327,36.6696,10.0107,28.9069,32.0281,10.7975,53.3969,65.3436,22.3734,39.0309,45.2123,15.8372,14.7547
TW6ZaAGWau_uKoWlAo0V68CkLwuOtK7LynFsYNKLZNo,train,30.5826,35.2928,15.4017,28.0408,30.8256,9.9313,54.1591,62.8902,16.1212,38.6145,43.5147,12.69,13.5361
TXB0Ee-2h2L6uQJlso0-tsOjvxq3Gyo8w4p8piLs4M8,train,32.4212,31.1792,3.831,28.5864,27.2326,4.7356,56.1447,55.5599,1.0417,39.454,38.4427,2.563,3.0428
TYHuMlCy8XKYKTcIHJLBnTlXFuvAqSJY2ASuQMrN3s4,train,31.9161,34.1776,7.0858,29.0158,29.8516,2.8805,55.7088,60.903,9.3237,41.4409,42.1397,1.6863,5.2441
TcEwxKJzyORPCfIGtbLyAakaUVieu5B21POby_KHJ9U,train,33.9774,32.4601,4.4657,29.3179,28.3515,3.2965,59.4845,57.8425,2.7604,39.336,40.0221,1.7444,3.0667
Tcsl1T7nm2w9g_-EcckeB3erb9nyXx-zel-M7_f-6Gg,train,24.9945,25.4939,1.998,24.8935,22.267,10.5509,48.9672,45.429,7.2257,36.0408,31.433,12.7849,8.1399
Td4mIqilWGsvkJvnFS4iNgYNa1DPtYC1niRK-azjLvE,train,34.6766,32.2144,7.1006,30.3367,28.1368,7.2515,61.8333,57.4046,7.1623,38.2744,39.7192,3.7746,6.3223
TfE6yAvo7J83eJR47_Iv9O-elKbAPbvCbsEykF-GyoI,train,30.857,27.3733,11.2899,28.3492,23.9085,15.6642,51.8633,48.7779,5.9491,36.2963,33.7502,7.0148,9.9795
TgS_yYcLOuY7Of8dI9_BSUucaGg0t0RTQETeUmtMiio,train,29.1342,27.962,4.0236,24.5896,24.4227,0.6787,47.4987,49.8271,4.9019,36.3888,34.4761,5.2562,3.7151
TjUvH8GaZcADOnXQwNaajoaDp6G_sEk-R_cEFXjm-Oc,train,28.1524,27.6466,1.7968,25.6263,24.1472,5.7718,48.008,49.265,2.6183,33.7553,34.0872,0.9832,2.7925
Tl1DIq7LCXOu6GG9TyJKbI3an7F3dSdeVdjao5faPfw,train,29.0033,26.0942,10.0302,23.8231,22.7913,4.331,55.0884,46.4987,15.5927,35.6072,32.1732,9.6443,9.8996
Tmr6CYfbPz6eFTe9n_GhgP1TyZ9sCQryAXkgPFrO1J8,train,31.08,33.6231,8.1823,25.5079,29.3672,15.1301,53.4107,59.9148,12.1776,38.217,41.456,8.4754,10.9913
Toz0icy6zg4N3sYsq5kQ4LbEARl-JPPctQSFRY8WgBw,train,30.0215,33.0795,10.1861,25.4114,28.8924,13.6987,53.2849,58.9461,10.6245,33.8086,40.7858,20.6372,13.7866
Tr9EBfdrAl5oDHRK1sNYpdXqj_CFjAL4kChmViUgVvQ,train,35.2172,31.4952,10.5686,30.5842,27.5087,10.0557,56.3112,56.1231,0.3341,37.6509,38.8325,3.1383,6.0242
TszWqWftIyEOXwJ4495NROUPn2ui88j8RdJrMy5eFKk,train,43.0261,45.2092,5.0739,32.6384,39.4868,20.9827,84.2234,80.5608,4.3486,55.3286,55.7413,0.7458,7.7878
TtC5LgtzmDEqh2FvMAvgRCzBpCOWSYgrDs0S1vQ3i_M,train,34.6274,36.0638,4.1481,30.2741,31.499,4.0462,60.8669,64.2641,5.5813,43.1162,44.4653,3.129,4.2261
TvPLietnYNztbsCXuzZoZQlAFfGmiZkfW_EM4Qzd8Hc,train,24.7826,25.7866,4.0512,23.7919,22.5227,5.3349,48.8321,45.9506,5.9009,35.8756,31.7939,11.3773,6.6661
TvWsHx0TePJqwHc9gERhvxdvitxWMiUd62zA6G6Td58,train,34.0593,29.4652,13.4885,29.2541,25.7357,12.0272,54.7139,52.5057,4.0358,34.13,36.3295,6.4446,8.999
TxXk8vYaUjs-OZCkoa4VOl7qEsR2l6-WPcHoRJbfxhs,train,25.4221,25.0514,1.458,24.5664,21.8805,10.9332,47.5591,44.6405,6.1369,34.7545,30.8875,11.1267,7.4137
U1ohsWBuEi2UBf804eKk5bN06_uDIRHjXA3rLbWQYHA,train,25.7514,24.0455,6.6247,24.6767,21.0019,14.8917,47.4057,42.8479,9.6143,31.5935,29.6472,6.1607,9.3229
U9zvsIGhLB99ZZ54-NosYTTsxb9HOdvgcAIR9Hd0Pxg,train,31.8116,28.5117,10.3732,26.6762,24.9028,6.6478,58.6365,50.8066,13.3533,41.1299,35.1539,14.5297,11.226
UAE7Hyh70ooJw9sM-KQdlQNz7alojnEAxsOlpFU-UcU,train,31.9774,34.0812,6.579,24.8558,29.7674,19.7604,57.9448,60.7312,4.8087,37.0369,42.0209,13.4568,11.1512
UBZXwmfAzOn4BKFQbN0SuZdg3d_OGwPuM8VlsXhZ8F4,train,35.6936,32.5879,8.701,29.5939,28.4631,3.8213,54.5929,58.0702,6.3694,38.9681,40.1797,3.1092,5.5002
UC1I12kxQeO1gqcJ0WoDNe108hjucXhn851HyEXzVFQ,train,29.7016,27.0542,8.9135,27.1533,23.6298,12.9764,53.319,48.2093,9.5832,34.6411,33.3568,3.7074,8.7951
UD4C_0aOFgXZOQev3RxDO_cdPtRCnlmUxIA5YFM78Pc,train,30.6663,31.7321,3.4755,27.7384,27.7156,0.0822,53.4776,56.5451,5.7362,36.2414,39.1245,7.9551,4.3122
UHx7qMqO-OHAWMSgjcrcrnJOIo7vRx3QOizllotU2oE,train,30.7053,31.3891,2.2269,27.0616,27.416,1.3099,54.493,55.934,2.6444,38.1918,38.7016,1.335,1.8791
UJ-lC5Qr0xris1r9m23uwU-CY5wGgUnWIaa3GuPQXlI,train,30.4938,32.7331,7.3437,27.0585,28.5899,5.6598,55.0304,58.329,5.9942,36.1305,40.3587,11.7027,7.6751
UJSmriR4qVLH4cT84OmuMXkZSr5FVGZv7D6GCFqHuvw,train,25.3417,25.2164,0.4943,23.6197,22.0247,6.7531,48.099,44.9346,6.579,30.8974,31.0909,0.6264,3.6132
UJrdm9giorML-PfhB543ZlhkbGFzXA3BH8saXg0PWVw,train,28.5782,31.6014,10.5788,27.3435,27.6014,0.9434,52.7384,56.3122,6.7766,39.333,38.9633,0.9399,4.8097
ULAkWQQSnY297whLCEaFWc3LYv1EBLria6tOxBRiKaY,train,29.0622,27.8242,4.2597,26.7289,24.3023,9.0784,48.9167,49.5815,1.3589,35.5274,34.3062,3.4375,4.5336
UNiJMD29Emwoq3_ykdCVehh3mPaRpfVhbRP12sXgHhA,train,28.249,28.4597,0.7458,25.952,24.8574,4.2179,52.6915,50.7139,3.7533,39.9315,35.0897,12.1252,5.2106
UQ2GM1XaDd8CXhISjirrgITujA48e9-JNBkpT5crPkM,train,35.2118,34.6101,1.7088,28.7168,30.2293,5.2673,56.3262,61.6737,9.4938,39.068,42.673,9.2276,6.4244
USmhBn8O9THhhyAypEL9u68iMWV7Qmy7TR-1EV_jZZQ,train,26.3699,28.3487,7.5042,24.1896,24.7605,2.3601,48.4409,50.5161,4.284,33.1307,34.9529,5.5,4.9121
UVMzcuNGL27V5zxla6MePU3qTsKddVZxCu0I4JlEq6Y,train,27.1847,26.8968,1.0589,25.516,23.4924,7.9307,44.9198,47.9289,6.6988,33.2457,33.1628,0.2494,3.9845
UWASPgFJuSCTGcnhDbYA1z5msuGUFK9E6KGdBVxT4yw,train,31.0652,28.0903,9.5764,25.303,24.5347,3.0365,53.9061,50.0556,7.143,35.2785,34.6342,1.8261,5.3955
UZdY-KuWhdK1t0H-PbopQu2nhsyPOPXHt70KLbsf5P4,train,27.3805,29.1268,6.3781,24.6208,25.4401,3.3278,50.9562,51.9027,1.8575,39.8745,35.9123,9.9366,5.375
UbhnstuOupSLqT1wAnBu3Ffc5cqLOsYBH9aZPeibkUw,train,27.7776,27.115,2.3853,23.7576,23.683,0.3142,50.1144,48.3178,3.5849,35.2122,33.4318,5.0561,2.8351
UbixyJ3QdnK9uOm6YjoaGHrNwsTpwNaeuWEuEOs9nsc,train,26.6823,27.235,2.0711,22.8388,23.7877,4.1548,52.6582,48.5315,7.8368,33.8155,33.5797,0.6973,3.69
Ucf-qtgMeZvQRaFlibfSZjYzSkrIPBEgBsCjvwrpYtY,train,32.9186,37.1778,12.9387,29.8006,32.472,8.9641,61.624,66.2492,7.5054,40.855,45.8388,12.1989,10.4018
Ui_Dpv3jMApR72n2QtS3X1QSc5yCx6Sx9J0V76Yt5zQ,train,30.5725,27.7778,9.1413,26.6678,24.2618,9.0221,50.3898,49.4987,1.7684,36.1081,34.2489,5.1488,6.2701
UjvZMasZoqSqVVnhakbHto4-ofRI8W2Pje-D-5NcuHI,train,30.6878,29.4756,3.9502,28.9574,25.7447,11.0947,52.2183,52.5242,0.5857,38.3175,36.3423,5.1549,5.1964
Uk7zGibxh5H429fo1NWaD4S4eolNYAamBxfa4ojXqhA,train,35.6831,35.751,0.1902,29.6066,31.2258,5.4689,55.4025,63.7067,14.9887,37.2989,44.0796,18.1793,9.7068
UmHgIHN4PrnkAQWznf9jPexwHD8dDbfWe28wIuSDECM,train,28.7589,27.508,4.3496,24.5582,24.0262,2.1663,56.4696,49.018,13.1956,40.9632,33.9164,17.2029,9.2286
UpKByUk0R-xH0de_VHTP1DIbIf7IHrNBIUPzD6YQth0,train,29.6209,29.6748,0.1822,25.1165,25.9187,3.1941,53.3867,52.8792,0.9506,34.1025,36.588,7.2884,2.9038
UrAHCa4DNuGJIlUJGe225VozWBkZpRce2dmQCRDbHfQ,train,37.2027,29.9763,19.4245,33.7484,26.1821,22.4199,59.2157,53.4164,9.7934,39.3129,36.9597,5.9859,14.4059
UsHxK4GM1sZ4DfjJJoR4coooeTeEHL9c9wv6eapiPmQ,train,29.1727,32.7274,12.1847,26.2196,28.5849,9.0211,56.5458,58.3187,3.1354,36.9064,40.3516,9.3351,8.4191
Usg9Weoa-4xNT9Yqfx3_HYX57YiZEHCggyVLu61dt6I,train,32.9897,31.7992,3.6086,27.9883,27.7742,0.7648,52.7335,56.6648,7.455,36.9843,39.2072,6.0106,4.4597
UueDSYaaKwwE0UEq27l9nzA6p5xEn76jwy0yla549PI,train,39.3074,45.1945,14.9769,31.9207,39.474,23.6628,66.0747,80.5346,21.8842,49.7658,55.7231,11.9708,18.1237
Uv0m2CsOMq4Ll7gVXkA9zRMJOIu13kj44KrnuOq91jU,train,34.0517,29.9979,11.9049,28.205,26.2009,7.1056,53.5533,53.4548,0.1839,36.2477,36.9862,2.0374,5.3079
UwbYVNhUg-Z7Vg1xyCMcWSFRj4AOQGpk5LtRS-kOwP4,train,37.6741,34.5676,8.2456,32.4072,30.1922,6.8348,58.1852,61.5979,5.8654,41.4916,42.6206,2.721,5.9167
UwnIrAKE3fgYAZAsGCbzm-2v2HpGfkO_9oQWLkH4X8E,train,36.3759,34.6605,4.7155,31.6479,30.2734,4.3432,61.5958,61.7635,0.2723,41.9507,42.7352,1.87,2.8002
UyHRmAs0a9DkqUIdvMM6H2DZZt8poOp0yppXVqiqei8,train,24.408,24.7921,1.5737,21.9355,21.654,1.2834,44.6885,44.1783,1.1416,31.3742,30.5677,2.5705,1.6423
V0JG36keRQG-3TKu70Ld1BreyXf7fSPxXTO7VfH1cC0,train,28.2551,26.7991,5.1531,24.6934,23.407,5.2098,49.6279,47.7547,3.7745,34.2631,33.0422,3.5632,4.4251
V4GbYnb5S_zYEiyQG08Buh_3gBaQq7uLKEV-FiGV0TA,train,32.0521,29.6216,7.5829,28.6326,25.8723,9.6406,51.0076,52.7844,3.4835,37.61,36.5224,2.8919,5.8997
VBCbaA2ifumchk5h2MAWC8fZCUk7bvaoHAKmJKFkRMY,train,27.9145,26.3031,5.7729,25.2359,22.9737,8.964,55.3916,46.8709,15.3827,36.5134,32.4307,11.1813,10.3252
VC5vjhYIXGp2eb-WoJztwd0prfmLEp5aCeLQQDfwn10,train,31.8546,34.1505,7.2076,29.9424,29.8279,0.3823,56.3947,60.8547,7.9086,39.3675,42.1063,6.9571,5.6139
VCZBbYfbLtmQWeydeVulgudrHg83qDlmEdDkDmpXXoc,train,32.5662,28.9187,11.2002,27.952,25.2583,9.6368,54.7864,51.5319,5.9404,37.4217,35.6557,4.7192,7.8741
VF9pumeaSDFTvECpCCUuDxIBHBxSJo4RBKSD_rdK3xI,train,26.1467,24.1287,7.7183,22.7657,21.0746,7.4285,49.9932,42.9962,13.9959,35.3305,29.7498,15.7958,11.2346
VHLIPbcRe5x3iwaZVF-ekZ9xkVnaQE37epSez8LaHpI,train,43.7405,42.5011,2.8334,35.5587,37.1215,4.395,65.9485,75.7351,14.8397,43.6982,52.4023,19.9187,10.4967
VN8XgNOE24ghLuTPTSjPZfsE2oAJaUvwNmHUCehe7EY,train,33.8675,29.9372,11.6049,28.4253,26.1479,8.012,61.4105,53.3468,13.1308,39.1027,36.9115,5.6037,9.5878
VQDsKkfK8ABIqEsMta11j61WsZK6VYMZBo1Kv7NmoJI,train,27.4199,27.0738,1.2621,23.7783,23.6469,0.5522,48.8797,48.2443,1.2998,32.5481,33.381,2.5591,1.4183
VWGaeW4ZpPs6vpLJuTm5F31ZTiy6uytwHmWmwPx2fF0,train,30.9059,26.7536,13.4352,26.4217,23.3673,11.5604,48.2213,47.6738,1.1355,34.1713,32.9862,3.468,7.3998
VXOk0Gz0hSa_xh-GNz2o_qnPXriyWKoOKiCJEktL79A,train,26.8095,25.4314,5.1404,23.2179,22.2124,4.3307,50.2336,45.3176,9.7863,33.092,31.356,5.2462,6.1259
VZOdwErQEssn2GRi01V-Co76MIZb7JUCjyshSGFvTyI,train,28.9546,26.7862,7.489,25.5552,23.3958,8.45,49.0493,47.7319,2.686,36.5227,33.0264,9.5729,7.0495
V_0sGaklZkDdzIbLXXah4By9WGnaX1cyo3uSLJjvl1I,train,31.5467,29.6865,5.8966,26.6008,25.9289,2.5257,53.2841,52.9,0.7208,37.1211,36.6024,1.3973,2.6351
V_k10O70CXqxv0hbcoia6T1Jd44tYlJ20TzaInUo3ZU,train,29.7385,32.6457,9.7757,27.2809,28.5135,4.5182,51.7052,58.1731,12.5092,39.3451,40.2509,2.3021,7.2763
VbArPJgfiazy--dHRifBZpNMtFsJ4sL_Yb5YGRMn70E,train,29.3292,27.8968,4.8839,24.5887,24.3657,0.9068,55.9214,49.7108,11.106,36.727,34.3957,6.3476,5.8111
VchxmPjbff2Q9NFkNAM-ZcomUss3G4RYAwc_pryTIQw,train,31.2988,38.2209,22.1162,28.3113,33.3831,17.9141,53.9885,68.1079,26.1525,34.6595,47.1249,35.9653,25.537
VciGgAmp0kdjRlNdT5Rdysbj_YhowDsssmYFbiLuuTc,train,33.0834,31.963,3.3866,28.4066,27.9173,1.7224,53.7129,56.9567,6.0391,40.0653,39.4093,1.6373,3.1964
VcmahEYVpQrUE-nues0J-16TIGPVG1bCIpDG8YOLRSI,train,28.935,26.5846,8.1232,25.1686,23.2197,7.7435,56.3984,47.3726,16.0036,37.7212,32.7778,13.105,11.2438
VdIFFZDkEosz7ovVl1I36Bl1-5UQ86n3MrTNOn7bbYE,train,32.2362,36.5418,13.3563,27.7274,31.9165,15.1081,59.5339,65.1159,9.376,40.0216,45.0547,12.5759,12.6041
VdlO5OvevKp6LkWjHyDKuTOZ2LTdcB0a8yigC5evDjA,train,30.7949,32.0112,3.9497,24.7428,27.9593,13.0001,60.8987,57.0425,6.3322,40.5234,39.4686,2.6029,6.4712
Ve_FT5dVazanjRifMYJoMRRL3LBDF0Wjg_X6YyNcXzM,train,23.503,23.2036,1.2741,22.5256,20.2666,10.0287,43.7415,41.3477,5.4725,32.8789,28.6092,12.9863,7.4404
Vf7Yx7KhVWQ4JpCSpF5g5eBpDiVa3guZqMhUyzJfvnA,train,32.8297,28.712,12.5427,24.8809,25.0778,0.7914,56.4914,51.1635,9.4314,38.5275,35.4008,8.1154,7.7202
ViL7uZ5TDBNxeTDud_le7mx5BJATJAISdNwBe0OcDXI,train,34.7007,36.4834,5.1372,29.6821,31.8655,7.3559,62.2571,65.0118,4.4246,44.4036,44.9827,1.304,4.5554
VjEJp8YS_CGPJPOt_p1XwjNWq9Vf0RMko6nOToPZ4Vc,train,27.6099,26.141,5.32,25.1661,22.8322,9.2738,50.2713,46.5821,7.3385,37.1216,32.2309,13.1747,8.7768
Vlfc4F6gFYKkpCJux4gxVJzSrlubik60_HDkzkwcIqI,train,29.0606,29.3886,1.1286,25.4197,25.6687,0.9796,56.0069,52.3692,6.4952,37.5415,36.235,3.4801,3.0209
VoN45rmK1MdMFGVMbMMY5sS5AZxznZl1BFput-G8gdQ,train,33.8248,29.4493,12.9359,29.3784,25.7217,12.4469,55.558,52.4773,5.5451,41.2579,36.3099,11.9929,10.7302
VoRwylOhzaK94MfUvYDcqvzUjivRhBwzDjaYxQQ9ZyM,train,28.2444,38.229,35.3506,26.9484,33.3901,23.9039,52.9061,68.1223,28.7607,37.7987,47.1349,24.6999,28.1788
Vs2eI7lYPCCR4N3jdBO4G9tBuKpH0ZXT3qpzOCmG9QA,train,29.4117,26.6525,9.3813,24.7102,23.279,5.7921,52.3356,47.4936,9.2517,36.7489,32.8616,10.5781,8.7508
VsiJfD1bRvlb7thKBwmHA0K49XJdQo13c8XIvacYLX8,train,26.5633,28.2058,6.1835,22.8524,24.6357,7.8033,46.3244,50.2615,8.499,34.2635,34.7767,1.4979,5.9959
VyPaujzgH47Au8wX0TP8Dhzpn2eD-6nt0au_A0ilpd0,train,34.1878,36.8726,7.8529,28.8694,32.2054,11.5557,59.0672,65.7053,11.2381,38.2335,45.4625,18.9076,12.3886
W-RQY1z606QE2NMPkSyI5ONAW-hoIDGqmNBQI-XYinY,train,27.6367,30.4717,10.2581,24.4304,26.6147,8.9408,50.2951,54.2992,7.9612,34.2431,37.5704,9.7167,9.2192
W2KMv_S0_4Hsm2X-rx_6MSBFcpHEivib5C4E4eOnBzY,train,34.9153,29.5742,15.2974,27.7656,25.8308,6.9682,63.9997,52.6999,17.656,41.9973,36.4639,13.1756,13.2743
W2V7D9jBYEP2HOxd90RBHhoOYhg7U2aijsvn1YJuWKA,train,25.7654,25.3605,1.5716,23.0014,22.1505,3.6996,48.9898,45.1912,7.7537,35.3214,31.2685,11.4742,6.1248
W2fLwg08JPv_ss2ekmFaLRwOy2yWqg1Ktl6tf7Y7tHI,train,34.1557,28.5563,16.3939,27.8864,24.9417,10.5594,56.978,50.886,10.6919,36.3688,35.2088,3.1896,10.2087
W3FOvAMFzRvX69f3yEiJx9I9ZfTBVn1258um2EFnZeQ,train,27.0163,28.0305,3.7541,23.3945,24.4826,4.651,48.1005,49.9491,3.8433,32.4555,34.5606,6.486,4.6836
W7Wa2Zmxp6o0xmaxd-SKC4XZTO6yZ--O-V5dZb1JILY,train,28.9555,29.9795,3.5365,25.9728,26.1849,0.8163,53.7606,53.4222,0.6295,40.5994,36.9636,8.9551,3.4844
W7t2YT8d182AnmwgJckYy-NcxdhHFQV9iHSQu3EVUoo,train,30.2432,29.6275,2.0357,27.1906,25.8774,4.8295,52.4744,52.7949,0.6108,36.6835,36.5297,0.4194,1.9739
W81GbQDdBYQMT5l7mDPGD9UkM1szFi6brOnMm0QZT18,train,35.0747,33.9766,3.1308,27.7024,29.676,7.1243,67.6818,60.5448,10.5448,42.2087,41.8919,0.7504,5.3876
WBiAmI8mUEJbHRBA9fz4cixw2gSRkyEg2wIu1tXTHe8,train,30.319,33.7395,11.2818,25.7083,29.4689,14.6279,51.2434,60.1223,17.3271,34.8371,41.5996,19.4116,15.6621
WE20rjmm2CWU7RMyJrkGe2OthnP6RSvVxq8cLneGO_g,train,29.2624,31.8623,8.8849,25.3356,27.8294,9.8427,53.3661,56.7773,6.3921,37.6211,39.2851,4.4231,7.3857
WHDczZcoVMaf0R3uyGmU6rQO3uolcyFIWaeQJxgLVVI,train,36.522,35.2003,3.619,30.1444,30.7448,1.9917,61.0366,62.7253,2.7666,38.483,43.4006,12.7786,5.289
WHLyN1BmsXGjyZxBL6HVN-lq4TLZtDYyOvqlk5HxI4w,train,29.566,30.4917,3.1308,26.8,26.6322,0.6261,55.3924,54.3348,1.9093,34.8749,37.5951,7.7997,3.3665
WHORlP5ldqUSBwo1nrbHrtxQReTE1yMNz9uZg49y-H8,train,31.4788,32.9112,4.5503,28.0585,28.7455,2.4484,53.6605,58.6463,9.2914,37.6841,40.5783,7.6803,5.9926
WI1vl-ZFYxHye2KnzTcSJtBF-i2LXmzx5-qrdr8NSsY,train,27.898,27.4858,1.4775,24.5132,24.0068,2.0658,55.0106,48.9784,10.9656,36.9661,33.8889,8.3243,5.7083
WN5vfoa5N3L_TefOY_LT6EtCWhKor__7LmepFzJPudQ,train,32.1708,33.7448,4.8925,27.9471,29.4735,5.462,52.6035,60.1316,14.3112,35.7811,41.606,16.2793,10.2362
WNQyyeojkUOV5tQv_Ll1rcY4DmbtclEFk1uJgbZ1h50,train,35.8939,38.3638,6.8811,29.811,33.5079,12.4014,62.0314,68.3626,10.2065,43.1859,47.3012,9.5293,9.7546
WONQcdsVSwAdOGdbQ6TwU4Mu2vHCr3To_k1lFiQn7Sk,train,31.9228,26.165,18.0367,26.8155,22.8532,14.7764,48.8259,46.6249,4.5079,34.7131,32.2605,7.0654,11.0966
WQCNmdegEjLJopGh4wnLhlB59ODC54Nioo42UEKXxSY,train,30.0184,39.2998,30.9191,23.7958,34.3254,44.25,44.2344,70.0304,58.3167,31.1388,48.4552,55.61,47.2739
WSmLCYanBD88H3OW0ST0yj-TJHwWO7HApk-ZJX-A71E,train,31.0769,33.0786,6.4411,28.2744,28.8916,2.1829,55.6755,58.9445,5.8715,39.4146,40.7847,3.476,4.4929
WVAT8JT-hegMDjWoKRevML3YbI7mDVtSXlQB0J3ec70,train,31.1912,34.268,9.8645,28.4323,29.9306,5.2695,53.2649,61.0641,14.6424,37.1068,42.2512,13.8637,10.91
WWRWI5zvrgDBIFY0RAY7NEVaRNVtdxVW_Vn9CiBJS-c,train,30.7796,30.148,2.0521,27.4147,26.332,3.9494,48.6764,53.7223,10.3662,34.6124,37.1713,7.3929,5.9402
W_F3KSfslhBqdPufXu4utZpQzzYipDr0O7YAUGR3VS4,train,32.3359,34.3918,6.3578,27.276,30.0386,10.1284,57.1245,61.2846,7.2825,38.0592,42.4038,11.4153,8.796
Wd8nygvDtDRTxX3Jom1rKIp_h31fMc-Yo7UueR_elsk,train,32.3794,29.3349,9.4028,27.2327,25.6218,5.9151,54.2637,52.2735,3.6676,36.8673,36.1688,1.8945,5.22
WeeTLunjnmwHVaWcpCGbyYSoLZWKH9CPWmYM5lBzCys,train,30.9823,33.6325,8.5539,27.5374,29.3755,6.6747,50.6791,59.9316,18.2571,37.9698,41.4676,9.2122,10.6745
WfEyscr3BgX5veF7fb5Mj0lfu6YSDsZGL3GwPMuVyQw,train,28.6626,30.048,4.8335,25.9282,26.2447,1.2207,50.2783,53.5442,6.4956,33.6419,37.0481,10.1248,5.6687
WfGr_MS0K0pPWOJNdTxvWHVyCEhHJ3ZPNJ9W8wfCuAI,train,34.2389,30.1117,12.0541,30.3876,26.3003,13.4505,56.4366,53.6577,4.9239,38.8509,37.1266,4.4382,8.7167
WhU8VaDLnxRm1FAXSFk_z3b00WFeaxuraFMJ6fn9w48,train,31.7745,32.5323,2.3849,28.17,28.4145,0.868,54.5816,57.9711,6.21,39.6551,40.1111,1.1499,2.6532
WiLlmi5NWoSW3MbBNMNt7ZmBu-wivficyavg2i4ryhM,train,27.5646,25.3041,8.2006,25.0294,22.1013,11.6989,50.0554,45.0908,9.9181,33.984,31.1991,8.1947,9.5031
WiSXmPXCqXdb6gVTtmwgDi4_tWZ4pOJw9ueu5aVA824,train,33.3563,29.7007,10.9593,27.5515,25.9414,5.844,55.0057,52.9254,3.7821,33.7291,36.6199,8.5707,7.289
WkY6iDAhg3Eh1yJR8r8iqXHcB97FwlqYVc2al5-oTBU,train,28.2366,27.5681,2.3676,24.2112,24.0786,0.5475,52.0041,49.1251,5.5362,36.1391,33.9904,5.9455,3.5992
Wkfwp2rGuRysmKYmeIPaCQ8oChBz3aE-R4ywK6Uczys,train,33.757,36.6744,8.6424,30.3293,32.0323,5.6153,56.3011,65.3522,16.0762,41.1504,45.2182,9.8851,10.0548
WnKXOTsT_HOrsCimdLNQ0avrn593cJCE7N3fCWGn9H4,train,27.3081,28.1726,3.1658,23.134,24.6067,6.3657,51.667,50.2024,2.8346,34.831,34.7358,0.2732,3.1598
WnZKFDS9gUiYrJqouYB06J9iuJMktVcAU08SLCFahuQ,train,30.3933,30.7045,1.0238,26.6274,26.8181,0.7159,52.6581,54.7141,3.9043,36.4481,37.8575,3.8671,2.3778
WpGCuir1SZ-mwFiDAsTdaB-71ihtRn5pHJ3Xt9Iifi4,train,30.9629,29.2853,5.4182,24.5452,25.5785,4.21,59.4752,52.1851,12.2574,33.6564,36.1077,7.2834,7.2923
WpN_vJWJQyUl-xcQ22hQiEgW_Df1Cjs4wR0LsN_Ye9M,train,29.8966,31.9904,7.0035,26.8275,27.9412,4.1514,51.9874,57.0054,9.6523,34.6771,39.443,13.7435,8.6377
WqLeG39SwFanNS47fW7V8DfBEODEH6TXt0eU7eGJiCs,train,24.3262,22.7093,6.6468,21.7555,19.8349,8.8282,43.104,40.467,6.1177,33.0877,27.9997,15.3772,9.2425
Wqssl24T6OXtJNCKzlxZ7tvg3Z4fGvEb3Qq3bnt1QDg,train,31.6352,29.8293,5.7083,27.9733,26.0537,6.8624,51.6961,53.1545,2.8211,36.9485,36.7785,0.4602,3.963
WrxffaQ938YfkO0xe9HgpYw8Y-mhYejMi3zzX9cNO30,train,31.6812,36.8094,16.1871,29.2653,32.1503,9.858,59.044,65.5927,11.0914,43.3537,45.3847,4.6846,10.4553
WsV_q-4hgeDa4aT-Gelcn-TsU3zBZ4KIpk_aHZAG8aI,train,36.0657,35.122,2.6168,28.8313,30.6764,6.3995,60.237,62.5858,3.8992,39.8714,43.3041,8.6095,5.3813
WvGQBBNpSe532EEM3AMJdoxUoTyST19JL_SBR2urNRk,train,34.6674,32.2723,6.9088,26.6945,28.1874,5.5926,62.8077,57.5078,8.4382,42.0419,39.7906,5.355,6.5737
Wx1Lwfo7sxMWqawYX02arJQ4mrLCJ0Tf-X_zSQ4LV3s,train,24.1517,24.7149,2.3319,22.7769,21.5867,5.2256,48.2878,44.0409,8.7949,34.5682,30.4726,11.8479,7.0501
WxgF-VrsRPvUJAT1Zf4iKHupnntfcecT7lRCbzNWw3Q,train,30.0802,31.2421,3.8629,26.2975,27.2876,3.7651,52.029,55.6721,7.002,37.2572,38.5204,3.3905,4.5051
WzKj_ING7wAOgTVE1DtvzhKEd0flOChvV03k0uXF1kY,train,33.5087,29.199,12.8614,28.193,25.5031,9.5411,61.7113,52.0313,15.686,41.1785,36.0013,12.5727,12.6653
X-q9VE1Jm8Nt7O3_HYRJe_Xask4oljYK2_N6kA3TUKE,train,27.6639,27.6587,0.0189,24.3428,24.1578,0.7602,52.2147,49.2865,5.6081,35.5664,34.1021,4.117,2.6261
X1GE1aJVNlCd0S4_q8lq1f_3U6W6FV4dxxMBZiAZ_No,train,34.5852,35.9003,3.8025,30.7218,31.3562,2.065,57.0321,63.9727,12.1696,42.1897,44.2637,4.916,5.7383
X3IgwE33Fglksdvp53AKTMnTL1txWK09MjhB-g_tOA8,train,34.2458,35.8198,4.5962,28.1916,31.2859,10.9763,59.6582,63.8294,6.9917,39.2947,44.1645,12.3932,8.7394
X7QJfh5duqzyVbHswhKojrhX5VXtZo2i4F-79kLhQv8,train,30.3666,29.3824,3.2411,26.5378,25.6633,3.2952,53.1197,52.3581,1.4337,35.5588,36.2274,1.8803,2.4626
X8KiU13fy-6-RBYbFhILEDl7ebVX3D4VGVVHBXmM9S4,train,25.4171,24.0667,5.313,22.9227,21.0204,8.2987,50.5168,42.8857,15.1061,34.8796,29.6733,14.9265,10.9111
X8sPQq2DiGRGqQnhd9-T-hF-NpLLBPgXIxgWOBdGgI8,train,29.1649,26.972,7.5191,26.587,23.558,11.3929,50.9511,48.0628,5.6687,38.1179,33.2554,12.7565,9.3343
X9EvMDlRRxrSSbfyeMHZYyeQmEP7PI0L7syGe6xLda4,train,33.7159,35.1915,4.3766,29.6462,30.7371,3.6799,55.116,62.7097,13.7778,39.9387,43.3898,8.6411,7.6188
X9PXsR-6P0aJrApLb5U99rVuj-a7ZEg3cT4_ZsPdjhY,train,28.2556,33.1934,17.4754,25.1035,28.9919,15.4895,49.781,59.1491,18.8187,32.1164,40.9262,27.4309,19.8036
XAzH8SCVMskROSgnRfbBEfk7xKkGQAnoauOQ1QfPFYg,train,29.0224,27.9831,3.5813,25.0198,24.4411,2.3131,52.4331,49.8646,4.8988,36.965,34.5021,6.6628,4.364
XChq7P1lqOo--lFR5_wmw1iL9KE3a4-ARks2xlDKFD4,train,24.1778,23.2061,4.0191,21.3847,20.2688,5.2183,46.6185,41.3522,11.2965,34.1664,28.6123,16.2561,9.1975
XDlLYeoupIRBh03sGL43Yc5pEgEXmwIRT9kSIddJTFA,train,28.1593,26.0099,7.6329,25.4435,22.7177,10.7132,47.2667,46.3485,1.9426,36.8729,32.0693,13.0277,8.3291
XEZADDKDBLJGE2CnGdVG5VddU29ffGpipjQ5QCUyMtc,train,27.4842,29.2223,6.3239,25.9371,25.5235,1.5947,51.5874,52.0729,0.941,38.8485,36.03,7.255,4.0287
XI1sGfmvQgCa3yNalqQWwxatqzp90nppgjh9rTRyVE4,train,25.1381,26.0345,3.5659,22.7928,22.7392,0.2349,48.3212,46.3924,3.9916,33.3843,32.0996,3.8481,2.9101
XPaYQ7o49xQ7tBIAY1re6nIrNvsp5F3Oej5tc1kjLFM,train,25.7253,25.7141,0.0437,23.3376,22.4593,3.7633,49.8494,45.8213,8.0805,34.069,31.7045,6.9403,4.7069
XQ9oTSilzfX8uWF7Rag31Id5EpP8gwWa0S2VV9Zqu44,train,30.0547,26.7909,10.8597,26.5141,23.3998,11.7459,55.7447,47.7401,14.3593,37.4526,33.0321,11.8028,12.1919
XQPQgHelREBwnQgFtuYTglK4y1O-uOrnV_XD7c4OfoQ,train,25.2151,26.1484,3.7014,23.8688,22.8387,4.3158,49.6719,46.5953,6.1938,34.2398,32.24,5.8405,5.0129
XQQ7uvi1ayiZmZ-ZTGywFjff9JKwiM-S18uL_-Y1hbA,train,30.0937,29.3902,2.3378,27.5163,25.6701,6.7095,56.1876,52.3721,6.7908,38.7039,36.2371,6.3736,5.5529
XY5IBUxnQ981n3UvFegHkU9lz5ho3m7QETaeJ6BJlwo,train,32.4304,27.8131,14.2375,28.9237,24.2927,16.0111,50.2996,49.5618,1.4668,37.1825,34.2926,7.7724,9.872
XamuJRfS7TbUL9xuzcC8WPJd0bcYi0IL58BCQN8JYZY,train,31.7099,29.7492,6.1833,27.1235,25.9837,4.2024,53.8137,53.0117,1.4902,35.0253,36.6797,4.7233,4.1498
XbtZkUysOe4F1PjI7R9xyAdu6z40H9L4h_UzcOjimXw,train,35.1795,34.6927,1.3837,29.592,30.3014,2.3974,56.4261,61.8208,9.5607,40.8829,42.7748,4.6275,4.4923
XeDRaHj5d6BauYMYPwEltTG_rY04QrkDj7AP0WuqOzA,train,31.9002,34.1166,6.9477,29.6658,29.7983,0.4465,55.0874,60.7942,10.3595,43.6497,42.0645,3.6317,5.3464
XgcPgqthLt1PRFuXfxp0O7nZeHNQffA4Ma-2ByOeckM,train,27.447,25.2682,7.938,24.2679,22.0699,9.0572,50.7012,45.0269,11.1917,35.8197,31.1548,13.0233,10.3025
Xgshyw2K_FeeM3GNCyfoS5pJoTNIfEGMf1qKQxiO5YU,train,41.5341,55.6428,33.969,33.9955,48.5998,42.9595,81.4729,99.153,21.7006,49.6904,68.6055,38.0661,34.1738
Xh60cQvKbDrqtBGVd8w99ZGaHI-9LOZnuYADjpDVlaA,train,29.9116,28.6489,4.2212,28.3943,25.0227,11.8743,53.0537,51.0511,3.7745,38.8114,35.3231,8.9878,7.2145
XhdYYyUbTJ6rCqfosof2q-xfn99gTX2LjiYqYPTsc2Y,train,29.5297,27.0157,8.5135,25.0861,23.5961,5.9393,53.9378,48.1407,10.7478,35.91,33.3093,7.2423,8.1107
Xiq7H0tR2jKOsenxgZ_sTgGAzQ67--ylXN1BuU5WMdM,train,37.2177,41.4997,11.5052,32.0152,36.2468,13.2177,65.6559,73.9505,12.6335,51.2844,51.1675,0.2278,9.396
Xl9uwh-makzoHjeCE5tBxDx0-XX1fuByLwBP3KZPjGs,train,29.456,26.5307,9.9309,25.1794,23.1726,7.9699,50.6957,47.2766,6.7444,36.9393,32.7114,11.4454,9.0226
Xn7NtaFEYyZdpRrtXOZi1OYAbNai8SzVNBNh-T6E08M,train,36.4579,40.4474,10.9425,31.3922,35.3277,12.5366,64.2759,72.0754,12.1345,47.1281,49.8701,5.8181,10.3579
XogI1DmnfMrkWivE4-SbeIxbPeTbm5XhnCaR45EwPWA,train,34.9322,33.2441,4.8325,30.5603,29.0362,4.9871,55.5235,59.2395,6.6926,38.9195,40.9887,5.3166,5.4572
Xpl_TrpKfelndMt69vi8OE1UHBWiE8uzV6Y8IJPuUs0,train,24.5627,26.1167,6.327,24.0261,22.811,5.0575,47.0177,46.5388,1.0185,33.1201,32.201,2.7753,3.7945
Xs1k95LUvS_o-PlyPIppzxN6t_qt3oPuTjBvwInL9hA,train,32.1308,32.768,1.983,29.0615,28.6204,1.5177,50.5016,58.3911,15.6223,36.9188,40.4017,9.4339,7.1393
XuM3SKR54GXLjDZVb4yyD5GBVte57nBqWiDbcZS2798,train,25.0467,26.0988,4.2007,22.7758,22.7954,0.0858,47.225,46.507,1.5205,33.874,32.1789,5.004,2.7027
Xvtc1yn6vhpXIvF6FClUiuuE0lTTIgw6qR807od8xgo,train,35.2268,32.8671,6.6986,31.3157,28.707,8.3305,57.3133,58.5677,2.1887,38.9412,40.5239,4.0646,5.3206
XxCUXp4Q15kjEVTx1Zauuc1bmw9VLShiAj0sif75dIk,train,30.6737,29.5624,3.6228,27.1979,25.8206,5.0643,49.1433,52.6789,7.1946,33.2556,36.4494,9.6038,6.3714
XyC-42yzJtW5_oFycRwQAdJjJnXQZQdSdSqcwyv6NCA,train,36.1674,36.7806,1.6956,28.5593,32.1251,12.4854,70.1893,65.5414,6.622,47.3993,45.3491,4.3253,6.2821
XzIIbdAvug_HTiA25PW5MFyFyt7QzCVA5lNnmZN6BIU,train,22.9082,24.6585,7.6401,21.6164,21.5373,0.3659,44.9058,43.9403,2.1501,31.6428,30.403,3.9183,3.5186
Y-AXGeJT2vKhNAbxii5kPW-HYR5ETEUi-8ER8qr8u8U,train,32.9993,32.0267,2.9474,29.5867,27.9729,5.4544,56.4067,57.0701,1.1761,40.5477,39.4877,2.6143,3.048
Y06QSv4VqI5OVtqO18kqviSdmguh1MNiJvt7aCnSkNA,train,34.0318,29.8256,12.3597,30.9358,26.0504,15.792,59.4287,53.1479,10.5687,40.6834,36.7739,9.6097,12.0825
Y9QaPA3yA5D9aXJrkhkQhG_ho7pRkx8VTd8FNYNPTfo,train,31.5649,30.1915,4.351,28.595,26.37,7.781,53.3399,53.7999,0.8625,37.2828,37.225,0.1551,3.2874
YA0piHl32MSDrXwwYSzw0xZkgZhEQ-dT0fbo7jC59FU,train,24.2706,23.3929,3.6162,21.2008,20.4319,3.6264,45.6962,41.6851,8.7778,32.3506,28.8426,10.8439,6.7161
YCYZfuKdUfWrvD0Wa_bpzqRO2pV06RuSS-4SSZOavSY,train,26.3207,30.1851,14.6819,25.1837,26.3644,4.6885,51.2051,53.7885,5.0452,34.7198,37.2171,7.1928,7.9021
YFiBSxT698Q22i9C09EjlFp3LZMxGLDdGWP5Hb_2E2s,train,31.1899,35.2375,12.9774,27.7034,30.7773,11.0959,54.2175,62.7916,15.8143,38.4343,43.4465,13.0411,13.2322
YGcZ3h3vEPJuVKDUTJ5H3JOD0o7baVKmYJC6y1TpMto,train,29.5392,30.052,1.7359,26.9696,26.2482,2.6751,49.4381,53.5513,8.3198,36.2551,37.053,2.2008,3.7329
YK5kKZSFwbHezYTwzNsNiQG56io_IhgEHbS2KAlDE6k,train,24.546,28.6021,16.5242,21.8867,24.9817,14.1413,48.3444,50.9676,5.4261,33.9137,35.2653,3.9854,10.0193
YLD1EXD6oxZqpDO1ANkUnEjZKFGKXusbpe7E_AZEZDE,train,26.0339,25.6432,1.5006,24.2263,22.3974,7.5491,49.4719,45.6951,7.6343,36.3823,31.6172,13.0974,7.4453
YNI8EEAK2R7YYv0plROGkwwCB3MasGFzshlOxqXdv0Q,train,31.3586,31.6477,0.9218,28.7098,27.6419,3.7198,54.4102,56.3947,3.6473,35.8482,39.0204,8.8491,4.2845
YNozXLwjPy9Sdb5-zMK9U5XVCoQWjPM-HJT-pJAVCjM,train,28.8204,31.1052,7.928,24.0326,27.1681,13.0466,55.2974,55.4281,0.2365,36.3377,38.3516,5.5422,6.6883
YPnEHWxacMD5_r53OqT0dhhIxX5EtqxwWA2t5NNIQFI,train,31.3681,27.4856,12.3774,28.7821,24.0066,16.592,50.3313,48.978,2.6887,37.4382,33.8887,9.4809,10.2848
YPz4NM-Qc1eTi_-HSz5bGAq0Fz1uc-s6OPD3FuQ1Osg,train,28.6991,25.7635,10.2288,25.9223,22.5025,13.1926,48.8821,45.9094,6.0814,35.7893,31.7654,11.2431,10.1865
YQxrhrxpKSH8xTQqkGhjwmNJa1alqHlCTHJXHAJ5mS0,train,24.3777,23.5109,3.5557,21.9157,20.535,6.3002,45.2607,41.8954,7.4355,32.246,28.9881,10.1034,6.8487
YS5aGZA0BXTamVHrllyaxu1KEQY8N3OSp5T7T4SMRvA,train,30.769,31.408,2.0765,27.3378,27.4325,0.3463,56.8691,55.9676,1.5852,39.494,38.7249,1.9475,1.4889
YSj1PU4BApztzlYwlSH_C6pUGl1ZqLjjbvu8rUJpp-8,train,29.2825,27.936,4.5983,24.9476,24.4,2.195,58.1524,49.7806,14.3963,38.1506,34.444,9.7156,7.7263
YUkWClmyzjpdyT2OoHUfL6OAWqCImFUUrQfyN4YUNJ8,train,37.5699,38.6647,2.9142,31.8076,33.7708,6.1718,59.253,68.8989,16.279,37.7849,47.6722,26.1673,12.8831
Y_xxkYPv18Sja73N2MQ0jDOxFRHMiZsTrIZ6t5xuiec,train,26.1685,23.7846,9.1098,22.9628,20.7741,9.5315,48.3393,42.3831,12.3216,32.0299,29.3256,8.4432,9.8515
YcxwHCr2YlJ9tIzVXoGqQiwAelfG9ffDLwbxkcNxA0c,train,33.0495,34.0738,3.0992,29.6888,29.7609,0.2429,55.2243,60.7179,9.9478,41.4384,42.0117,1.3835,3.6683
YdgaL6W4QcBWv68YQvn23Gf_BRFXHfgIhuabwIVr6fE,train,32.0471,33.064,3.173,25.8023,28.8789,11.924,58.4838,58.9186,0.7434,35.0703,40.7667,16.2427,8.0208
YfDcP1ZRHwE52-DyoUNJZ_xr4BI0sgaEwoKRa9PRbH0,train,28.9401,34.6568,19.7538,26.5643,30.2701,13.9505,53.4418,61.7569,15.5593,38.3216,42.7306,11.5053,15.1922
Yg6_L_MC6dMGToXCswTysntAHvOmLR-s5n-xW6m_6AY,train,29.0795,30.7332,5.6868,26.7462,26.8432,0.3626,51.2462,54.7653,6.8669,35.7585,37.8929,5.969,4.7213
Ygv8bachxIhg_xghC8vaHDGzMJJoVjbR7WylgU_yclo,train,26.8693,26.9339,0.2404,22.5953,23.5247,4.1131,48.1849,47.995,0.3943,33.266,33.2085,0.173,1.2302
Yh-qLSNf_zUb88HuGuaWR7XwkpX-en5HAzgxqPoC2TM,train,32.6928,33.9021,3.6989,28.038,29.6109,5.61,59.6314,60.4121,1.3092,42.2266,41.8001,1.0101,2.907
Yh22y8IODiEOzkqcbn5wAXce0UTSvGGd6Tm2WuSkGwA,train,27.4048,27.415,0.0371,24.5779,23.9449,2.5755,49.7525,48.8523,1.8095,35.9032,33.8017,5.8532,2.5688
Yl8U2SSkkWDw2ewoGQLfj0P-Y_wwwe28W6ltWa6OE5k,train,28.9015,27.7606,3.9477,24.0921,24.2468,0.6422,57.7078,49.4681,14.2784,33.9257,34.2278,0.8902,4.9396
YmnKabDNETBQrZXEQj_XU089YldxO-iwR9fNSCDU9Ig,train,31.227,33.0634,5.881,26.3441,28.8784,9.62,51.3761,58.9176,14.6789,36.5583,40.766,11.5095,10.4224
Yra2feUI-2uuD76XffsCRnFuMlr7G8G0Dt1P0GlZNUo,train,31.9239,27.0035,15.4129,28.1734,23.5856,16.2844,52.1183,48.1191,7.6734,37.6503,33.2944,11.5694,12.735
YuapuxxpDZqKov-vAinXdgH-uPBI6nXC76DZ8gBfVmo,train,36.9235,42.5321,15.1898,33.0347,37.1486,12.4532,57.2451,75.7903,32.396,42.9587,52.4405,22.072,20.5278
YvYK1i7nQjZwJgogdWxaua_UVKjXRw5cEpR12I3i3XQ,train,29.2906,30.9992,5.8334,26.0367,27.0755,3.9896,52.7006,55.2392,4.817,35.4501,38.2209,7.816,5.614
YwW6NRscPkhUEJcdRaXcc4IPtxUnWRvbayE_BzLpBZc,train,29.3085,27.7203,5.4188,24.6068,24.2116,1.6062,54.9686,49.3963,10.1372,39.2422,34.1781,12.9047,7.5167
YyjnHZS606s2dZorhsH75c7VXJCLRZj-cB-4GLn9X90,train,30.0385,29.3958,2.1395,25.3607,25.675,1.2391,54.8202,52.382,4.4477,39.3435,36.2439,7.8782,3.9261
YyufckRxZ8zPpf4cXMTEiB6hKuQTMli4KLLm-HIIa_s,train,28.0554,27.8898,0.5904,24.8071,24.3596,1.8036,50.4467,49.6984,1.4834,35.021,34.3871,1.8101,1.4219
YzN7_E2tbgGxlrCU1ZDHJw9ylm4CpIRPmr2cyPHkl6o,train,30.731,30.998,0.8688,24.8208,27.0744,9.0798,56.962,55.2371,3.0283,36.5033,38.2194,4.7011,4.4195
Z-8Kf8plKOeLHunn8BXCu8LVt1aS7oh04rmWR9-TimM,train,29.8013,34.1209,14.4948,26.8177,29.8021,11.1284,58.3991,60.8019,4.1146,41.8563,42.0698,0.5102,7.562
Z-AaC65JmtFlUW8a_nGt5PiDBr-Z0WziwmuQMp0W03k,train,33.8224,39.7691,17.5821,26.9168,34.7353,29.0467,55.0566,70.8667,28.7162,32.2402,49.0338,52.089,31.8585
Z-g2MFyi63K-yqzGH-3_zgDuR0ceW84OSOoGZWbYSD4,train,38.0971,43.5099,14.2077,30.8789,38.0026,23.07,63.4322,77.5327,22.2293,41.8653,53.6461,28.1398,21.9117
Z06eP0fGE6r4C4mNVvfMny0ZwN8WwHX5W10iRv6cmU8,train,35.0954,31.0708,11.4676,31.681,27.138,14.3398,57.9347,55.3668,4.4325,40.4942,38.3091,5.3961,8.909
Z40UWDKpGeBI1I6HZD_VwgBMKwHxMIVn7tBiOghsZ6E,train,36.5143,37.5423,2.8154,30.6782,32.7904,6.8849,63.0908,66.8988,6.0357,43.7999,46.2883,5.6813,5.3543
Z44aeANozeUEr6RnkOhnfuz4xUWmXEKVzbMiR-_ojW4,train,28.8449,32.1746,11.5433,26.944,28.1021,4.2981,53.3036,57.3337,7.5605,37.2579,39.6701,6.4742,7.469
Z5ntNTIvmbC8CIfxJ0hC-k3JY-9mizxwmaUDuf9givM,train,28.4034,29.2098,2.8391,25.2238,25.5126,1.145,48.6644,52.0505,6.9581,33.305,36.0146,8.1356,4.7694
Z7FpMcPLaDwI4f9GtEyWYCCWgCHJ6aaN1OFzWMlTa6k,train,40.0632,43.4416,8.4328,32.5264,37.943,16.6528,66.2015,77.4111,16.9326,44.2468,53.5619,21.0527,15.7677
Z7fkTe67cfrHsJ3PSoVuhD-K3EcFO6HATvSnOK-kbPg,train,32.7857,29.3174,10.5788,28.0453,25.6065,8.6959,56.3531,52.2423,7.2947,40.3876,36.1473,10.4992,9.2672
ZBQJg_JdaSMt2lMru1d1MZNNA1waMUIEbPppFScmQlQ,train,32.1996,29.4215,8.628,28.388,25.6974,9.4778,53.1461,52.4277,1.3516,36.9783,36.2756,1.9003,5.3394
ZBxQIUTRT9IZJ2O5m306CNiiM4hbKU3YtdHVfzOyfko,train,32.2359,27.8328,13.659,26.7538,24.3099,9.135,48.752,49.5968,1.7328,39.8617,34.3168,13.9102,9.6093
ZCo4kyD0JMVyA-kFfcwHsmIxExT4ii6WM2DS2JYSlcA,train,28.8414,31.2536,8.3638,26.7287,27.2977,2.1286,56.1756,55.6925,0.86,38.2015,38.5346,0.8719,3.0561
ZDJfjgwr6IbHhwMp9M7N-RtFhGdAn3_wcp46mWWuao8,train,28.1855,29.4769,4.5818,24.832,25.7458,3.68,48.3732,52.5265,8.586,35.4045,36.3439,2.6534,4.8753
ZDMsZj0pYkVmeSNPYeL7HvTEVgo1YmJpUhH6mNDjIOk,train,31.7719,30.7227,3.3022,26.1936,26.834,2.4448,51.0655,54.7465,7.2085,35.5543,37.88,6.5412,4.8742
ZDukDpUhq-XJdgUN_E8gup7rIeIgAAC3fCidsBGSTi8,train,30.7611,30.5181,0.7899,25.5545,26.6553,4.3075,52.2563,54.3819,4.0677,38.9644,37.6277,3.4306,3.1489
ZG-ukcsU--7WfpbWk9E54gMvxvEt0zSUy_EQB3Lsivk,train,31.0043,31.867,2.7826,27.3103,27.8335,1.9157,58.5611,56.7856,3.0318,38.6191,39.2909,1.7395,2.3674
ZMzqnKx9IEB7ltrIt44-76BTn0aauxEmHijcPu4l3Ws,train,24.669,25.4383,3.1184,22.6626,22.2185,1.96,47.4307,45.3299,4.4291,33.2442,31.3645,5.6541,3.7904
ZNGNCePYeJ8WkZFu-d5LHrMkuzGvEKDkF2--LrkNSLY,train,30.4351,27.7081,8.96,28.143,24.201,14.0071,52.9539,49.3746,6.7593,37.9912,34.1631,10.0763,9.9507
ZNNtbFL7l2Nxk23nni_CIa9_I9rdkqxjtOCoGKRkQ9o,train,24.2976,25.4332,4.6735,22.3667,22.214,0.6827,51.106,45.3208,11.32,33.43,31.3582,6.1976,5.7185
ZPUhU1XBSYsCKMFjDPcIyP30HQG9zO6zU9OMp4peN_I,train,32.8416,34.15,3.9839,28.0905,29.8274,6.1831,57.7817,60.8537,5.3165,38.7862,42.1056,8.5582,6.0104
ZSmcI_WiuLj6K1aLNTy0YGyMx64G1CtARXwhwYwVhNg,train,27.8171,26.8092,3.6234,25.911,23.4158,9.6298,47.4578,47.7727,0.6637,35.1294,33.0547,5.9059,4.9557
ZU6-LyN0O-VeCvbPNyuqqO-FrAolF1beJ0mq5F-Xzq0,train,31.9033,33.6541,5.4878,25.0763,29.3943,17.2195,58.549,59.9701,2.4272,40.036,41.4943,3.6423,7.1942
Z_xb49kf5Jbvtr-nRI05H6-6bRk7LeY3ooxRwUkcmTc,train,29.867,30.4164,1.8392,27.7991,26.5664,4.4345,49.7535,54.2006,8.9381,35.7621,37.5022,4.866,5.0195
Za2gVY9IO7cSatR1s6MlJT2Ym9kjgf5dx5QQ3dqOMjA,train,26.5232,27.9443,5.358,22.5444,24.4072,8.2631,46.4136,49.7954,7.2864,31.4482,34.4543,9.5586,7.6165
Za9rREo_EA88y7nYcGcRqxlKo8Xpkiie0Raizdbntk0,train,33.4404,30.5272,8.7114,29.7424,26.6632,10.3528,56.6542,54.3982,3.9822,41.3723,37.6389,9.0239,8.0176
ZbNyhEtasd8OZKHhyFQOwXZGPEo3glRq_b3xc1asgkQ,train,34.6853,28.3047,18.3958,27.7628,24.722,10.9529,55.5606,50.4377,9.2205,39.2973,34.8986,11.1933,12.4406
ZcCzgdDKMPR4oPr0c5GUXYe6fnzYwdUuEMNpbY5dMzc,train,28.9293,28.5554,1.2923,25.5943,24.941,2.5524,53.0938,50.8845,4.1611,36.7287,35.2078,4.141,3.0367
Zd4gM5Soy9BQMXPyqeH-bbSV_Tl-RAfVSEui_pDGfeU,train,34.179,33.9837,0.5716,29.6924,29.6822,0.0346,53.106,60.5574,14.0312,41.89,41.9006,0.0253,3.6657
ZfLObk9jzT5gMkUV1M-Y0HFBX54iXkwgIj25CYL_B20,train,31.9124,33.5741,5.207,27.8129,29.3244,5.4346,50.6561,59.8275,18.1052,37.5573,41.3956,10.2198,9.7417
ZfXnpj9JymrEXySC2mXmPwiAf6u_Vlmu260kJ2iI5Bc,train,32.0578,35.7413,11.4901,26.4858,31.2173,17.8644,53.4046,63.6894,19.2582,36.9748,44.0677,19.183,16.9489
Zgf8WSdMEq24B-CHM6QcJBTrlgGymtFYzrrU1UrzS70,train,32.4776,33.6079,3.4801,27.113,29.3539,8.2652,53.091,59.8877,12.8019,38.3897,41.4372,7.9383,8.1214
ZhiRUMDjqw1Ngth9OVvEs3Ww5a0DePs8Red70zbdt8s,train,25.8219,27.0028,4.5729,24.0974,23.5849,2.1271,43.9858,48.1177,9.3936,31.5056,33.2934,5.6744,5.442
ZhsVRzpaQ-Y5NcohSeh2fzSisfrk4RquaSLNy3FZxXw,train,32.3707,28.217,12.8317,27.2436,24.6454,9.5369,52.6312,50.2815,4.4645,36.9545,34.7905,5.8556,8.1722
ZiMMtSacpQgQIoioAnwWWaVRYuiFo1DJmxIHJNzHTow,train,28.8739,29.5851,2.4631,25.3843,25.8404,1.7966,54.1644,52.7194,2.6678,37.0337,36.4774,1.5021,2.1074
ZpLFQK0XSU0y1zHRXiAKTadYQIaGhB3EjKLv_ByyZ8A,train,30.8781,35.0109,13.3844,27.3452,30.5794,11.8274,52.4035,62.3879,19.0529,39.0468,43.1671,10.5523,13.7042
ZpkaybknCIvVhfD4OrVcF4hiLxjFcZSPAmNB4-ZmTUM,train,32.4861,29.8336,8.1651,27.2992,26.0574,4.5488,56.9879,53.1621,6.7132,38.2401,36.7837,3.8085,5.8089
ZqIJuZiK5-yL-8aGZHGYuNdHWlmhtbRwfLP8B2nzoO4,train,26.3893,27.1853,3.0164,23.621,23.7443,0.5222,49.5007,48.443,2.1367,38.576,33.5185,13.1105,4.6965
ZrQbO5vCwItzIUPEaYJqmF4u5hKFJQpsMU3w2d4l0og,train,29.1225,27.0325,7.1766,25.9724,23.6109,9.0924,49.8516,48.1708,3.3716,34.8798,33.3301,4.443,6.0209
ZvtEAX6rEG_fc23M2kuC0pz8ogojlBROm732DrxiUr8,train,32.0602,32.4796,1.3082,28.4195,28.3685,0.1793,53.5773,57.8773,8.0256,35.7405,40.0462,12.0471,5.3901
ZyowiYX8L8XtW0IlnXk11FS3O5ykejtE_AE1Jbn04Vo,train,29.7234,32.7305,10.1167,26.975,28.5876,5.9783,49.0467,58.3243,18.9156,36.5583,40.3555,10.3866,11.3493
_-FcJa_1NhwN2S8RaulW3yaAaBnkDM3lK1rkoiSILT8,train,30.1358,30.4107,0.9121,28.4702,26.5615,6.7041,52.9663,54.1906,2.3113,36.8045,37.4953,1.877,2.9511
_8Xwb8m26YfSLXyT3W3ktgvdeUz2ecTolNqd6uZhCQ0,train,31.544,32.8321,4.0834,26.2138,28.6763,9.3939,56.3951,58.5053,3.7417,38.2161,40.4807,5.9258,5.7862
_9EvlptkqVJhx5r12_olf87n_ct3CrwwDE-g55remZ4,train,30.9195,31.0613,0.4585,27.0254,27.1297,0.3861,50.6597,55.3499,9.2581,34.6903,38.2975,10.3982,5.1253
_CwZV7JjweL1bNgowFMabyvvg2zUkljylkh4qYgiQoY,train,27.823,28.0828,0.9339,24.6529,24.5282,0.5059,55.0463,50.0423,9.0905,38.6583,34.6251,10.433,5.2408
_D1IcG_Q2aE8GS8r6GYMR0DrEwVw4Cz3pyJ00B0maDQ,train,32.2893,30.4043,5.8377,28.1317,26.5559,5.6014,52.1311,54.1792,3.9287,35.5949,37.4874,5.3169,5.1712
_FfeVbuKdnPu_iK2drIo6jQFc3BRA1yPCiK0-V51NaI,train,31.7959,28.8948,9.124,27.2719,25.2375,7.46,52.7846,51.4893,2.4538,38.0904,35.6263,6.4693,6.3768
_GgXggxtTZHMJaQ-QMqtKjHj-yhCTKV9t7B932Dp4Z8,train,24.4555,26.4692,8.234,22.6101,23.1189,2.2502,46.1223,47.1669,2.2649,33.019,32.6355,1.1615,3.4776
_HX6htU4qfGZb8nNmz4VckuRaH9YVs9bq5JFo89yV2k,train,32.2644,34.2222,6.0681,29.5741,29.8905,1.0699,58.0776,60.9825,5.0016,39.3407,42.1947,7.2546,4.8486
_JWBlHYULQvH3q9J0uZpg3AXHUE3AlJSS70jLgBmTw0,train,31.6081,31.3229,0.9023,26.5659,27.3582,2.9823,51.7191,55.816,7.9213,39.0002,38.62,0.9749,3.1952
_K5muTPRIwizO66b3dVSwsue_HMFWKRbct0hGMlBfHU,train,32.8897,30.0115,8.7512,26.2524,26.2128,0.1511,58.5778,53.4791,8.7041,35.7311,37.003,3.5597,5.2915
_LTk-GvAMkoOAvMETPr_kc7Yn_IwlKCobBCXFW3NxSo,train,29.2589,29.2884,0.1008,25.6282,25.5813,0.1832,53.314,52.1907,2.1069,37.5234,36.1116,3.7627,1.5384
_NDKDZ_FUItQgPACP7sR3Ber_IfOhrcmJUINABjwdkk,train,29.0202,32.057,10.4643,26.1691,27.9994,6.9939,54.9722,57.1241,3.9146,35.4145,39.5251,11.607,8.245
_NoqTGuJDuoQWkCe0yvPsiv9VH2Msb5-h4qJGaAHMwA,train,30.4717,29.1827,4.2302,26.7996,25.4889,4.8906,53.6746,52.0023,3.1156,36.2705,35.9812,0.7976,3.2585
_O3eWXWBEcfW9uCXMVYkA8quiRcRrSxyU8W8UYsGHqk,train,31.5711,29.2034,7.4997,27.6443,25.507,7.7315,55.6787,52.0392,6.5367,37.0989,36.0067,2.9439,6.1779
_ToIEVbMdssywyK_y8n5Cx3IR8U2zzLK93pBjdJ7Y-8,train,27.4122,25.8091,5.8484,23.946,22.5423,5.8621,53.3102,45.9906,13.7301,35.574,31.8216,10.5481,8.9972
_UYFK5WvPa-P2sVlG6NW-1Y2qvu3qWvmiJerfsvEcuQ,train,33.1707,32.0178,3.4756,27.6333,27.9652,1.201,52.4817,57.0544,8.7129,40.7945,39.4768,3.2301,4.1549
_VHnxraWanoiApLH0NaIPJqgEKK1kWVxv3nfm8_JNU8,train,24.7297,23.3622,5.5299,23.0431,20.4051,11.4479,48.0964,41.6304,13.4438,33.7127,28.8047,14.5584,11.245
_VOMJJoBpojhwpaLYWGDP6-nJ7byGx6ESNSn1vh_Xyk,train,30.3267,31.7749,4.7753,25.5193,27.753,8.7527,53.2388,56.6214,6.3535,39.324,39.1772,0.3733,5.0637
_XX21X3rkVOkh-zaEoXpAOzIe48jehTSbz-sUGxhLXU,train,26.6438,29.1459,9.3909,25.1469,25.4568,1.232,48.2627,51.9367,7.6125,33.1656,35.9358,8.3528,6.6471
_Z-4wflkRVuwwIJFfD90T2-ueF0s7HxvY-MdQ_0pFPU,train,24.6914,25.8329,4.6232,21.7249,22.5631,3.8583,44.9634,46.0331,2.3791,32.2118,31.8511,1.1198,2.9951
_ZamEJ24dG8_hV3sdbt6iqrWwvT8aUB0zCjq0h6_X-E,train,22.3443,24.2132,8.3643,22.0872,21.1484,4.2506,45.0267,43.1468,4.175,34.1185,29.854,12.4992,7.3223
_ZbrvhysbFi2QhwTKJwqtb3t3zwDDiMYC01HicsFUWU,train,30.3311,30.2051,0.4156,27.5512,26.3818,4.2443,56.0607,53.8241,3.9897,38.0756,37.2417,2.19,2.7099
_Zl7SW6NXxa8ZF6BALiIQsWPGrAHlI7HP-jlNJJgMDs,train,33.0343,29.2623,11.4184,27.5166,25.5584,7.1164,61.2402,52.1441,14.853,43.4097,36.0794,16.8864,12.5686
___N-yQ2K98VMoiVyAIsDEB-mM-r-eIaMuX0ihKxeyo,train,29.3111,31.3705,7.0258,24.6751,27.3998,11.0423,55.1852,55.9008,1.2966,36.2905,38.6786,6.5806,6.4863
_dZv9Lx4QQaErGPVW8IDcAvXFt3o_LYh6fooPl_Gznw,train,29.2894,32.0958,9.5817,25.5376,28.0333,9.7728,52.3393,57.1933,9.2741,34.4515,39.573,14.8656,10.8736
_enn4x5S7iiW8K-ZLHmdBZMHBA2gPAu9l2BYrsrMFws,train,34.2609,27.3134,20.2782,28.1112,23.8562,15.1362,53.3449,48.6713,8.7611,39.1358,33.6765,13.9497,14.5313
_h3NxZ4o4i7TmT1GAu3-DlhEa6rVb2VQa_sOWklmwgg,train,32.09,32.348,0.8038,29.3341,28.2535,3.6836,55.6676,57.6426,3.5479,39.3218,39.8838,1.4294,2.3662
_inbvNfmzAhTXq7VF6CCfnykaeMIB2VlJjOmLKr7TzY,train,26.9163,26.4236,1.8305,24.1162,23.0791,4.3008,45.5798,47.0857,3.3039,31.7547,32.5794,2.5971,3.0081
_iqxviX6D8gDSp91KWoSY5DHCpwWwehBckOngn0-M-k,train,35.4429,29.9455,15.5106,28.5407,26.1551,8.3584,56.4002,53.3615,5.3877,41.2238,36.9217,10.4359,9.9231
_o3GopuYnrAIwiRGyiLGWHVzEc4E45tSp0AxxXA0n-g,train,27.9797,25.5605,8.6465,24.1031,22.3251,7.3764,51.9566,45.5476,12.3353,36.6727,31.5151,14.0638,10.6055
_pb1fpnX8GCmFRnJt71zDr_dzaclZgjSf-HX3-JZ3WM,train,27.1456,28.0152,3.2037,26.3265,24.4692,7.0547,51.9915,49.9219,3.9806,36.7096,34.5418,5.9053,5.0361
_qSFk0Ytyn4HHumEZa7orwCzyckqE4t0LYeGipPzHGQ,train,31.4558,33.948,7.9228,26.626,29.651,11.361,57.6697,60.4938,4.8971,41.119,41.8566,1.7939,6.4937
_qSLVGmt40QMbyc2-29BlaFANus9R6YhfQj7oZuMJo4,train,25.0213,23.7979,4.8897,24.8827,20.7857,16.4655,49.3233,42.4067,14.0229,37.7849,29.3419,22.3449,14.4308
_r5m-6Cs1ruZ6VecGYZlSbNSMDLCVT3wYpjoXQ46NQQ,train,27.894,26.4834,5.0569,24.9599,23.1312,7.3264,52.0363,47.1922,9.309,36.9975,32.653,11.7425,8.3587
_sM9FNqAgLypOnlQNwAy6z441MNab7HyGq14jMpDabc,train,32.0182,31.0966,2.8784,27.1997,27.1605,0.1439,51.689,55.4127,7.2042,33.2668,38.341,15.2528,6.3698
_u7Z0BwCME_s7MeKU31grc_GKZakyHju8ixEzhKNvDE,train,29.4843,34.1606,15.8605,27.8543,29.8367,7.1172,53.7502,60.8727,13.2512,38.1167,42.1188,10.4997,11.6821
_x-J8YMlFxdNhTxS7CgWEVrwalRrh9fpCt0D-_22pq4,train,43.8784,40.6839,7.2805,29.9819,35.5343,18.519,82.4486,72.4968,12.0703,44.9159,50.1617,11.6791,12.3872
a-H1OgNxOqXwXvD_Jg-JNYDUgS-PMNt5pngm9qcmivg,train,33.3653,38.156,14.3583,27.6116,33.3264,20.6969,68.4627,67.9922,0.6871,42.2734,47.0449,11.2872,11.7574
a-HTa9SAriNkAGXwse-2uoHH41eWrPaygLHxsSLhZRw,train,31.9075,30.0413,5.8488,27.9206,26.2389,6.0235,53.753,53.5323,0.4105,36.1794,37.0399,2.3784,3.6653
a27zN_rxs9_WUzl4TsrXOg6W3ztO8D7OlEVSLVa9Or0,train,23.9333,25.5911,6.9269,22.1078,22.3519,1.1043,49.0115,45.6022,6.9562,31.6902,31.5529,0.4335,3.8552
a6C0JXb3FwINuo4m9L-eq9Nql4ky28br0h7l3MZd12s,train,27.139,28.8314,6.2363,24.5722,25.1821,2.482,48.9496,51.3763,4.9575,35.7099,35.5481,0.4531,3.5322
a8AaG8a_59K81mG6htxwIf-f84E4WlpalCZ7YEJTDbI,train,30.386,29.4371,3.123,26.9758,25.7111,4.6883,51.8594,52.4556,1.1495,38.1904,36.2948,4.9634,3.481
aDIGoV4dmZ8dlSTK8l6BYJQxuysdXbYGDq00PApk7xY,train,29.8158,27.5578,7.5732,27.3496,24.0697,11.9927,60.0929,49.1068,18.2819,39.5351,33.9778,14.0566,12.9761
aGPoP5addhEekZoCrreB0QhnZHUI2dhvKWwRvgrG38w,train,37.843,38.5537,1.878,29.3853,33.6737,14.5937,63.454,68.7009,8.2689,41.2369,47.5353,15.2736,10.0035
aG_54Gu9ePArDNEocde5SJNO6j6uCeQkV7knx7MdUrk,train,33.6858,32.5193,3.4629,31.844,28.4031,10.8054,58.8019,57.9479,1.4524,40.5235,40.0951,1.0572,4.1944
aJzcJm15vAVWTYJqf9xuaqZRu-31GQoQ25Q6Zt4Ms8A,train,25.339,25.3149,0.0954,23.3024,22.1106,5.1144,46.6324,45.1099,3.2648,34.0442,31.2123,8.3183,4.1982
aKB0RnP0mTI3AsASzVPKhsZqvkJrAFVqcTwXTCCWojU,train,27.7963,30.3939,9.3451,24.884,26.5468,6.6822,50.6167,54.1606,7.0014,36.352,37.4746,3.0882,6.5292
aKCbIlgkgwR0Tv0hD5Y3Reox0bJEgCiqJMVSaIrRKRQ,train,26.8661,26.6508,0.8013,22.9969,23.2775,1.2201,51.2946,47.4906,7.416,36.7458,32.8595,10.5762,5.0034
aKKwnxgz6__q6Gsnu5h10ZMvUieiKrZxPbNZI2Cqlvs,train,25.1436,29.5875,17.6738,22.5844,25.8424,14.426,48.4555,52.7236,8.8082,32.6808,36.4803,11.6259,13.1335
aLu6gFXmE9MOBg_BCBJk3IrcDewI4c1P2Nzs5jCcxHk,train,32.7949,28.62,12.7303,26.0929,24.9974,4.1982,58.8393,50.9996,13.324,36.7705,35.2874,4.0333,8.5715
aOP-obSvqI8vPM2V-KklKO9GJyyF8Cp8QLA1u9qXe9U,train,31.8607,28.1803,11.5513,28.9921,24.6134,15.103,55.2738,50.2161,9.1503,37.2358,34.7453,6.6883,10.6232
aPk9GVQJl8LQpsO32x2Ge7h-yysVmZYxKhRcDy0eT_s,train,34.1109,31.2012,8.5302,28.5988,27.2519,4.7097,57.1743,55.5991,2.7551,37.7115,38.4699,2.011,4.5015
aQi5H1JMXIQnBkyvEMYEDMKBcnEDIG87oSli0BVn0XQ,train,33.3552,32.5356,2.457,28.5023,28.4174,0.2978,53.4237,57.9771,8.5232,36.406,40.1153,10.1886,5.3667
aUXNEjfJ4oGoLEHnbX48nwPpMortiu4TuutuZZ3jm4M,train,29.1567,29.9792,2.8208,26.9857,26.1846,2.9689,56.2824,53.4216,5.0829,41.022,36.9632,9.8941,5.1917
aZWLWFUx4uySFGQJReSn05sW29GSinEAuFl5IoqieDo,train,31.0341,30.0952,3.0254,28.2546,26.2859,6.9677,57.2784,53.6282,6.3727,39.4698,37.1062,5.9883,5.5885
a_a3ejfYizcRKWqDSs54iUVtKnYhGq2gywiOGeCSr8A,train,32.2619,32.2998,0.1177,27.377,28.2115,3.0481,54.3095,57.5568,5.9794,36.9883,39.8245,7.6677,4.2032
ab7bRafyY04i5PWb5TQgQVwYse8vy_gLByZw3b5_FYk,train,30.132,29.1624,3.218,27.3686,25.4711,6.933,50.9599,51.966,1.9743,36.0936,35.9561,0.3809,3.1265
ahM-DNugLEwCHl26HWvwVtvrNnBKnV_YqWeKXVgOVpo,train,25.5279,25.7006,0.6766,22.1921,22.4476,1.1511,47.5178,45.7974,3.6206,32.7475,31.6879,3.2355,2.171
ahT7MEennmiPiDIj0sLEf1_dsYkz2sNdiHVxaYAClRM,train,27.9801,25.0308,10.5406,24.4411,21.8625,10.5503,49.2049,44.6038,9.3508,34.6905,30.8621,11.0359,10.3694
ahbimrk50aFcgnJMEcMICxXsz1m2pNVIgrFLyMKhBiA,train,31.5178,31.6953,0.5633,28.3801,27.6835,2.4546,54.519,56.4797,3.5963,40.6346,39.0792,3.8278,2.6105
akyAS_GhX2cXENx2vaAIO6YpIbz0uleQzFh63PFBN58,train,21.2187,23.447,10.5014,22.0857,20.4791,7.2743,42.5865,41.7814,1.8905,32.0503,28.9092,9.8003,7.3666
alqJXcX3mknvjkZRqUwW2rl3GtU0acNIHRLdJ5HpROg,train,22.9279,22.525,1.7574,20.6652,19.6739,4.7971,41.9175,40.1385,4.244,30.2478,27.7725,8.1835,4.7455
alvViEXcpt6DTJMCIgxAwfPXlieyPGTGoJs62yCtXlc,train,30.3055,28.0686,7.3813,24.132,24.5158,1.5902,52.1436,50.017,4.0784,34.7481,34.6075,0.4045,3.3636
amEDnKtN0mlVtFnGUdW68D52yrYHkxLH_-SZ1ALS-sk,train,33.8753,26.7126,21.1444,28.3849,23.3314,17.8034,50.5268,47.6006,5.7915,34.1729,32.9356,3.6206,12.09
ar1ZBYi08jgVt4YXjcmSLIyjF8WrnbPa6z4ANSX5KAg,train,30.3094,26.9735,11.0063,25.6856,23.5593,8.2781,51.8466,48.0655,7.293,33.7663,33.2573,1.5076,7.0212
asvnnWHmuQD7uWcz24d8iuATkuH7HrdUgv9un6xmb8M,train,31.7983,31.5091,0.9094,25.2366,27.5208,9.0511,52.8114,56.1478,6.3174,36.0699,38.8495,7.7063,5.9961
atGuTnEF7KvrxEVHkLzFTY7gdAZ36gghFPcJHudLqXI,train,31.3212,38.2065,21.9827,28.5893,33.3705,16.7239,60.0155,68.0823,13.4411,44.822,47.1072,5.0985,14.3116
atmWbiB7j1MyuIJnlsoDwdzSuv_0eqKCnLECAKK3vcg,train,37.3433,37.4726,0.3463,31.7355,32.7295,3.132,62.6796,66.7745,6.533,42.4079,46.2023,8.9475,4.7397
avnvzZqP3rqGl9DaZIZwQYzRVryZMGrNRvQkmsxyjTw,train,31.8332,33.7153,5.9124,28.4108,29.4477,3.6499,54.6889,60.0791,9.8561,37.4786,41.5697,10.9158,7.5835
azlJZ02N1pu_ft2SXlHSyrLOu3BXofPu2BsKi-6HRe8,train,30.6499,35.3056,15.1902,26.1329,30.8368,18.0001,51.791,62.9131,21.4749,36.3011,43.5305,19.9151,18.6451
b16ug50trBiVBhO5sDcOlQMEDAwPtoRsOHhEljfHcg4,train,27.2983,27.9969,2.5589,25.2569,24.4532,3.1824,45.7504,49.8892,9.0464,34.1147,34.5191,1.1854,3.9933
b5Z7tIgVJTK8Y9EE5EN6InOm2QkZ8qa3kiIb2B1DvDk,train,28.6406,29.1406,1.7457,26.2103,25.4521,2.8927,51.2122,51.9273,1.3963,37.5603,35.9293,4.3425,2.5943
b8QMVZASbEi0rhVc6keOvzhxxr-kWjjm6k2WH7f9jVI,train,31.4626,32.2961,2.6492,26.8466,28.2082,5.0719,55.557,57.5502,3.5876,38.9924,39.8199,2.1223,3.3577
bEEVIiPPqqwP38kdKJrb5pnbM5L3-1-Q4K0D5R-Xp10,train,26.028,23.6019,9.3209,21.497,20.6145,4.105,47.3468,42.0576,11.1711,33.6902,29.1003,13.6238,9.5552
bIYd-jCYfbKxkqHlHXNsuCyscyetcLfFIq6bm1hcJrU,train,33.6198,33.6123,0.0221,30.1884,29.3578,2.7514,54.6436,59.8956,9.6114,37.291,41.4427,11.1334,5.8796
bKG2xwP1AuFbvdV60lDpmzX4eLm3aqfkBXsNxXa5pvY,train,29.0314,28.3884,2.2146,24.8129,24.7952,0.0714,58.3656,50.5869,13.3275,39.4564,35.0019,11.2897,6.7258
bKYofWY1P4a3avGH_z1BsSWftlVHu9rhanSrNZ4w_lE,train,28.0377,24.3156,13.2752,24.1225,21.2379,11.9582,50.4219,43.3293,14.0663,37.5619,29.9803,20.1845,14.8711
bMHM7SdGME-vAeg4QMc9bvY3jgg3t360D0VHzjHE3jI,train,32.6209,29.2825,10.2337,30.1089,25.5761,15.0547,54.7317,52.1802,4.6619,38.0486,36.1043,5.1101,8.7651
bPt8_7wDTzCAdQrWWxgdyMntD60mmdc0K5qKNu8RR7o,train,26.5813,26.1664,1.5607,23.272,22.8544,1.7943,50.4586,46.6274,7.5928,34.3862,32.2622,6.1767,4.2811
bR3I1yOGXZCEzApk8vSz1Aa2WcJKCj578kyuYRIw79c,train,31.8019,27.8396,12.4594,27.1739,24.3158,10.5178,57.0593,49.6089,13.0572,38.5452,34.3252,10.9482,11.7456
bTO9-q8-ZZ32ReA59kcI8FjaZ3tN5I8dQqG8oPjuvZE,train,30.9102,33.5635,8.5838,28.0729,29.3152,4.4253,54.991,59.8087,8.7609,40.2943,41.3826,2.7008,6.1177
bXNDG5yJPPqTKSoMPxTrhFaT_slKtuG76Sdd4dNxySg,train,27.0725,30.0119,10.8574,24.6382,26.2131,6.3925,51.9372,53.4799,2.9703,34.0609,37.0036,8.6393,7.2149
bYlXPEY7IZJStZHWG77crdDUu2cB9JoZg7PtUrIYBHo,train,27.8426,26.5113,4.7818,24.6628,23.1556,6.1114,50.0908,47.2419,5.6874,35.404,32.6874,7.673,6.0634
b_F1041yxqa7dNVpLoTnMQECDX6dKk3eewENECpi4Pg,train,27.9841,26.6148,4.8933,25.1907,23.246,7.7199,49.9856,47.4263,5.1199,34.287,32.815,4.2931,5.5066
baIjIMo2nxUwvkkIMLjkKabTsXMforHuPWVGupIQu9g,train,33.653,34.8066,3.428,28.7498,30.4009,5.7431,57.9034,62.0238,7.1159,37.649,42.9152,13.9878,7.5687
be8CgGUva4wFWAGzIJyfHXyYyZxcVMUK9IXmJ90JEug,train,46.7983,55.3521,18.278,34.9329,48.3459,38.3965,78.1653,98.635,26.1877,49.8619,68.2471,36.8723,29.9336
bePP8GwB1nKVlVvjZvSDz-7IT8NHanHkLYuCqETpods,train,34.9074,37.0179,6.0462,29.5833,32.3324,9.2925,55.7286,65.9643,18.3671,40.1872,45.6418,13.5728,11.8197
bex37IMbrhQV1IpuDKpSyH_R2vyC2D2q97YN3GIr7Ow,train,33.9699,32.0661,5.6044,28.2432,28.0073,0.8353,54.82,57.1403,4.2325,35.3526,39.5363,11.8341,5.6266
bj-RhGWY5BnTcaxjvNYJlI6BlEvTlAdZs91pmyQSn4I,train,33.7704,35.3435,4.6582,25.3141,30.8699,21.9472,55.7078,62.9805,13.055,40.7363,43.5772,6.9738,11.6585
bkb-fupdaF5Pw5XyQD3odpG7PbWBbt70t3J6CuYSiVk,train,30.9565,30.8742,0.266,27.8673,26.9663,3.2333,52.5731,55.0164,4.6474,38.7763,38.0667,1.8299,2.4941
blo8SH72yux-Yb9SmnP4WcN_94yo9OwgUZLxhb6lyOg,train,30.749,29.6805,3.4749,26.7702,25.9237,3.1622,48.8414,52.8893,8.2878,31.397,36.595,16.5556,7.8701
bnNv7T2_7hux7IqxXjaSdDR8jubko2wVev2GAwrRKUk,train,31.778,29.8763,5.9846,27.4185,26.0947,4.8283,52.0501,53.2382,2.2824,36.598,36.8363,0.6513,3.4366
bpyWGHqAZ_F8jjeg0pH3UeLMZ0Hp2Afwy9pnuLsQiN0,train,29.2387,32.3822,10.7513,27.5388,28.2834,2.7038,54.3479,57.7036,6.1745,37.2827,39.9261,7.0899,6.6799
bt83HhrkEtECc5zsfh3QLofyfGKlq3pMdRJAASFAkP4,train,29.6357,32.1419,8.4565,27.4771,28.0735,2.1706,53.814,57.2753,6.432,37.4668,39.6297,5.773,5.708
btEn7I6xi14utKM_CN9CqdnrCP-4yq6egUsBHfS3WdI,train,30.6152,30.7224,0.3501,28.0904,26.8337,4.4736,55.9801,54.7459,2.2046,40.3821,37.8796,6.1972,3.3064
bv5BM24TYdQTIAiXow05WgedRo2huSkBOGlxlVIt2rc,train,28.7295,28.9903,0.9079,26.4884,25.3209,4.4077,53.4065,51.6595,3.2712,38.7813,35.744,7.8318,4.1046
bxaHd4R8VtYmihv1nY_tH_aBpzVjqNQydX1k9M6y_lQ,train,29.5405,27.6245,6.4862,26.2118,24.1279,7.9504,45.9055,49.2255,7.2323,32.49,34.0599,4.8322,6.6253
by41W0nzxt4Gf5nAI9Z0Tn6nAkLxmqj1XMQ8thKuxHU,train,37.5538,36.9716,1.5502,27.6693,32.2919,16.7066,57.2651,65.8817,15.047,38.5774,45.5846,18.164,12.8669
bzAAtfEYTvcUwHDx_a0yjF5OQfTSli80mnRsIYujCns,train,28.1635,28.4039,0.8535,24.7332,24.8087,0.3053,53.7416,50.6145,5.8188,35.6174,35.0209,1.6746,2.1631
c2B5JStYPEIlJ2AETYXBTXjztLgcpF1YZXsbwBJ1fuw,train,32.219,34.4239,6.8436,26.1902,30.0667,14.8012,58.4428,61.3418,4.9605,37.7544,42.4434,12.4196,9.7562
cB1LJQT8xAi1V-c-rFvxa8CRqUwaWEofqmVwNAQP3PU,train,28.7307,29.8957,4.0547,24.7782,26.1116,5.3815,48.4932,53.2727,9.856,34.5747,36.8602,6.6106,6.4757
cOGgTX0WHaayG9fR8O4uXOpyGT9RF7Zilq5MaqHP48w,train,27.638,27.5898,0.1743,24.1028,24.0977,0.0214,49.3958,49.1639,0.4696,33.3474,34.0173,2.0086,0.6685
cVytttxSLrJkJZfDS7mqNACCPRKwCk7a978wWualrew,train,30.5684,26.8294,12.2316,25.6718,23.4334,8.7193,55.1894,47.8087,13.3734,36.2423,33.0796,8.7264,10.7627
cW9CuaPVbwpK3I1tAfdxvXBqVxfqOng7igmvP1zVy-M,train,27.447,27.9202,1.724,26.6298,24.3862,8.4252,48.4831,49.7526,2.6185,34.6612,34.4246,0.6826,3.3626
cXSxzUabb0JDPlCDbrdV9_JCKvd0rSEG27KGN5i7G6s,train,36.1044,29.4638,18.3929,29.248,25.7344,12.0131,52.4503,52.5031,0.1006,38.7438,36.3277,6.236,9.1856
c_1UDas9yf7FqgqP9DCFj-eLe7xzmCro_DUwx51MaD4,train,27.1976,28.8717,6.1553,25.1317,25.2172,0.3403,51.1811,51.448,0.5216,35.6885,35.5977,0.2545,1.8179
c_RN0nF9LW71ZYJQnSp8mUN88GQlyQ_zc3QrUUqerRM,train,27.062,24.8424,8.2018,22.5322,21.698,3.7022,51.1556,44.2681,13.4638,35.0755,30.6298,12.6746,9.5106
cbi5o8uB6vm_EucKeEnWr7tLbEpxDuXkedWMJRE8bVs,train,33.5306,31.5289,5.9697,28.0292,27.5382,1.7519,53.1988,56.1832,5.6098,37.463,38.874,3.7665,4.2745
cbjjtLZbo_7PsSANaVivPt4VzDbVPABwLMt0z0R0qhY,train,29.8079,29.7114,0.3237,27.6071,25.9507,6.0,54.3189,52.9444,2.5304,38.4334,36.6331,4.6843,3.3846
ccXAcqc28YYhNE3hRsOjttyRS5g7nHe4BqkS0IWwxyw,train,29.3543,29.0806,0.9324,28.4096,25.3997,10.5945,53.5168,51.8203,3.1701,38.173,35.8553,6.0717,5.1922
cegx8Fn3pezIoR4wbP37mAbFvOYTTx4kZrcNnq73cDM,train,27.1566,30.325,11.6673,23.7897,26.4866,11.3365,51.5481,54.0379,4.8299,35.9251,37.3896,4.0768,7.9776
ciLRduStcoRnAQ-__Qs6QLQWSGY8dxjjK1d0PyYwF-Q,train,24.9579,26.5935,6.5538,22.2272,23.2275,4.5001,47.7116,47.3885,0.6771,32.8188,32.7889,0.0912,2.9556
ciob9bPgUpBxkXNd5QvZSR_TBtrxFuvmhpKmAUTEs4M,train,23.4139,22.4851,3.9665,20.9719,19.6391,6.3553,44.1991,40.0675,9.3478,29.3488,27.7233,5.5385,6.302
cnkorkfNKDJlkeRFQnrTlNRnjAGO07WOzS-IsHQFOnU,train,31.061,28.457,8.3834,27.6819,24.8551,10.2116,53.4465,50.7092,5.1215,37.6602,35.0865,6.834,7.6377
co0d6u57HACMwsmPG-Ijr-xDUrvpBRkEl3L_bIDrWHg,train,27.5263,25.4875,7.4066,24.2707,22.2614,8.2785,51.0635,45.4176,11.0565,32.2857,31.4252,2.6652,7.3517
cpKOli1Bfoz9jqNHdyc5ByeeJs_Dweb6JvtOS7FqQok,train,25.4211,28.1759,10.8367,23.5833,24.6095,4.3518,50.2454,50.2082,0.074,36.2045,34.7399,4.0455,4.827
cpO6yRB1L2n-PLWT8a8Dlx1fTqWZw-KVtRFn1lkoYHk,train,31.5092,27.7456,11.9443,26.0334,24.2337,6.9128,52.5191,49.4415,5.8601,35.3923,34.2093,3.3424,7.0149
cqGsjHQXbJ1x_kF1tBkpOIAet5Re-zBmMsy4uLVhAHo,train,29.791,32.8528,10.2773,27.3911,28.6944,4.7583,52.2763,58.5421,11.9861,36.9422,40.5062,9.6475,9.1673
croSqECZMhZcVQsRyX4yRDtyImfD-P7uDuvbaNo08hE,train,33.4927,30.3193,9.4751,26.98,26.4816,1.8474,59.2531,54.0276,8.819,38.7126,37.3825,3.4358,5.8943
csaAIT3E5P3uy8GXAdLV3OsjNls_Y-_K2rYyutGUcFg,train,34.7999,33.1577,4.7188,30.3124,28.9608,4.459,59.0709,59.0856,0.0249,45.4921,40.8823,10.1334,4.834
cts6sjxMJvpX1LXTK5l0orU4IVjqzFjaYIeAchvtqn0,train,28.6589,32.8084,14.4788,26.1537,28.6556,9.5663,54.0658,58.4631,8.1332,37.3344,40.4515,8.3492,10.1319
cwqYfrGaQlGVOCmAywhQpB1MSITNma9hzvJGq6g6deM,train,31.568,30.5453,3.2398,28.4403,26.679,6.1929,54.2492,54.4303,0.3338,39.8395,37.6612,5.4679,3.8086
cx7H9JmRginjnpfFsEmrbkaeORyIyI6HnIfHMHDqKKY,train,31.0205,37.0785,19.529,26.2597,32.3853,23.3269,57.7546,66.0723,14.4018,36.1468,45.7165,26.4743,20.933
d-D6hRvXeP68ivQLxyl4KmYSzEyzUS5qcqsxrfwl_4M,train,30.3268,29.4321,2.95,26.2725,25.7068,2.1534,57.1512,52.4468,8.2317,39.9802,36.2887,9.2333,5.6421
d1WLDI3NCUrqzgXr5gPLsIQAsnllGwuegVQZHJENrTA,train,30.0166,28.2737,5.8064,25.9273,24.695,4.753,52.6692,50.3825,4.3416,36.1224,34.8605,3.4936,4.5987
d2xqnAOrGaPfe9I4-9-7pWpEua2KD7e84_fzJ30lB4E,train,26.1833,28.5617,9.0839,24.2973,24.9465,2.6721,49.0552,50.8957,3.752,34.2216,35.2156,2.9044,4.6031
d8IIxfYkAh0K6SNriZdI0YWz_6NhefE3nzvLfIMQqaQ,train,38.124,36.504,4.2494,30.7617,31.8835,3.6467,65.5188,65.0485,0.7178,43.6357,45.0081,3.1452,2.9397
d8kAWxZMRdnHRXcIU8akC0q2BCpzHElm3KyDjAgV_3c,train,28.294,25.0982,11.2949,26.1843,21.9214,16.2804,54.1232,44.7239,17.3666,36.2655,30.9452,14.6705,14.9031
d8ssqeq9ARBrTL-SwXkbI3vDGH_FheA5lAGX8cxbOU4,train,27.4806,30.3215,10.3381,25.0169,26.4836,5.8629,49.1909,54.0316,9.8407,35.5912,37.3853,5.0409,7.7707
dARixgPkbGTv_EP1s8nlBQMlBOoIDsqD_9ry93ScTWU,train,32.0831,27.9402,12.9132,27.962,24.4036,12.7256,54.9206,49.7881,9.3452,35.3079,34.4492,2.4319,9.354
dH_zwnKxaYTy0WnxdzsTP7jzIsP7tpPewqI8hBghTsA,train,31.1359,28.4137,8.743,27.7893,24.8172,10.6951,53.1115,50.6319,4.6686,36.2677,35.033,3.4044,6.8778
dJc_fihQr7TwgSFRKd-oLUEwjjCbkgWwNxRFTqqWw3M,train,32.7754,32.3808,1.204,27.7021,28.2822,2.0938,56.8639,57.7011,1.4723,37.2838,39.9243,7.0821,2.9631
dJqIe2osBu3bKEUIljV6-vq3Zw5ocjAaaCAqumhc1QU,train,29.5062,30.7021,4.0532,26.9737,26.816,0.5846,54.1611,54.7098,1.0131,41.1099,37.8546,7.9184,3.3923
dMIvH0SpSWeC6Zacl8XcYik4jZEgiv3RjUs-b1f6i3s,train,33.2222,35.5156,6.9032,30.8173,31.0202,0.6584,55.6447,63.2872,13.7345,41.8794,43.7894,4.5607,6.4642
dMMJpDQu0tntRZkNqPITTKJ6p8grMut0NyX0vF4pzw8,train,28.4966,26.3042,7.6937,27.7728,22.9747,17.2762,51.7066,46.8729,9.3483,36.4695,32.4321,11.0705,11.3472
dPRinhZqztN_Hf264QHnP_0Wg121yQ90oKTvePLyM8o,train,28.5838,28.1382,1.5589,23.0213,24.5766,6.756,55.3199,50.141,9.3618,35.6408,34.6934,2.6583,5.0837
dYwFFnHu3CgATW4fXv--p6MO_X6EVYkslaxCBEaJfUI,train,25.4516,25.2193,0.9125,24.0402,22.0272,8.3735,46.517,44.9397,3.3907,32.374,31.0945,3.9522,4.1572
dbt18VXZsn32dZboXFWZcnvkrxQT_J1t_swsv7rIUww,train,27.5108,30.9297,12.4274,25.5271,27.0148,5.8277,51.8137,55.1153,6.3721,36.774,38.1352,3.7015,7.0822
dcIPWB3L2cJm56L4j2ZV2B3eoHu1erjLcYjtxT9DcIE,train,32.7282,34.7369,6.1376,30.1951,30.3401,0.4801,58.1747,61.8997,6.4031,38.8319,42.8294,10.2942,5.8287
dfAi3WWpAhDCTklcMbrId_SBtZBCRCiJz-E2GUW5kbU,train,34.4136,33.8044,1.7702,30.8231,29.5256,4.2098,56.3262,60.2379,6.9447,35.8917,41.6795,16.1259,7.2626
dfL6a6t-yBs9tnc-sZs5Wmuq2lyNNzzf3PkHC2PDdUI,train,32.4307,28.8591,11.0129,28.3287,25.2063,11.0221,51.7542,51.4257,0.6348,39.7647,35.5822,10.5181,8.297
dkeGTec-id-KqQ6ZACRKErpnr5BkwGwe2KPKxnpIVn0,train,32.1576,33.3305,3.6472,27.9132,29.1117,4.2935,55.7569,59.3935,6.5222,40.4205,41.0953,1.6693,4.0331
dmaVWureMDf6zGzvuffPz9SCsgwxBEXj17dfX6-ilJg,train,30.1296,30.5445,1.3769,26.7427,26.6783,0.2409,51.1217,54.4289,6.4693,37.3172,37.6602,0.9191,2.2515
dx17OuwfKm5FocfCZ66tMZbAu9cwDFy4bgR-Pdkl6U0,train,25.1548,28.2812,12.4289,23.0849,24.7015,7.0029,50.7558,50.3959,0.7092,36.599,34.8697,4.7251,6.2165
dx4U9AbZLiHj6R0G_NVAZDWQyZYuhiR7AstECCFnlSs,train,26.486,26.4849,0.0039,22.375,23.1326,3.386,49.1054,47.195,3.8905,35.3872,32.6549,7.7211,3.7504
e-0lza77JKC-xvdfzGUtaX732xERpAyfyWYVzpbQGdk,train,22.7457,22.5318,0.9404,20.6813,19.6798,4.8425,44.4951,40.1506,9.764,32.0482,27.7809,13.3153,7.2155
e6nsYuQGF3wxDTjS-XbnKQlX_A45JrZ_IYwO9lA0hZA,train,30.3064,31.0043,2.3029,27.9551,27.0799,3.1306,52.1992,55.2482,5.8412,38.7995,38.2271,1.4751,3.1875
e7kJVrTl7RY1OlQBLCaoKeodTVpcv_hDbj0YT7b0vrw,train,29.9532,35.0195,16.9138,26.0699,30.5869,17.3263,54.5855,62.4031,14.3217,38.8509,43.1777,11.1369,14.9247
e8lDA0HLFpkX9iGmxvFk-rGQdj-Hd2QK_C05x7Bff0E,train,30.0636,34.1763,13.6798,26.9746,29.8504,10.6612,55.9593,60.9006,8.8302,37.5434,42.1381,12.2383,11.3524
eAc4UBuYWDs825J9RBHSvCUU8ZsVLfB_OzFepwasORw,train,30.778,29.379,4.5455,27.1083,25.6603,5.3413,51.0447,52.352,2.5612,37.8013,36.2232,4.1748,4.1557
eGqpwq4C8Q0UwSePXwyWeFMs3EPklDWH9OahJW7YafY,train,30.2953,33.1938,9.5673,27.5079,28.9922,5.396,53.0933,59.1498,11.4073,36.1047,40.9267,13.3554,9.9315
eK6B2j-oqVYLvrMxZs7P5QDCWM1XxRB30IfeNv_hlDI,train,29.423,26.3709,10.3733,25.631,23.033,10.136,46.2113,46.9918,1.6888,34.7229,32.5143,6.3605,7.1397
eLjIgnMlJKfK6MIRaGa3HCfnXpM04E09QXkGiCxKJAg,train,24.7133,24.0301,2.7646,23.2371,20.9885,9.6768,49.0439,42.8206,12.6893,35.6475,29.6282,16.8855,10.5041
eRj17yv-E6_O8A3DNw8_DiHgSG1QmP5ztJVJRGBrca4,train,27.2939,24.1086,11.6703,22.8683,21.057,7.9205,50.5074,42.9604,14.9423,34.2584,29.725,13.233,11.9415
eS_E3lqz755Y5RVVv3xILlAD9JMgrqLwWnDkGdehwrc,train,27.6758,28.4,2.6168,23.5751,24.8053,5.218,47.6723,50.6076,6.1571,33.9503,35.0162,3.1396,4.2829
eUQaVsLyGr_zoE6EwWwpU6Ww9q5aO932Y5LxH0ViKQo,train,23.6506,25.2504,6.764,22.7175,22.0543,2.9192,45.1246,44.995,0.2871,34.5812,31.1328,9.972,4.9856
eaJoNIErQRATPzMdDYaFMDm48na6oTqp46Z2a_Ttfnk,train,25.5284,26.3658,3.2802,22.9497,23.0286,0.3435,51.0603,46.9827,7.9859,33.2881,32.5081,2.3433,3.4882
ebP8gLwO1dYeohE2_RA3GKGiJLLPFp6M7Ly_YH2ndJc,train,28.2087,27.3119,3.1792,25.9286,23.8549,7.9978,49.5181,48.6686,1.7154,32.6828,33.6746,3.0345,3.9817
ebzW4IRAtta9xnF_UqpCR6znOTmH6xo4Hp02dO2uo-c,train,31.0946,32.7389,5.2882,26.667,28.595,7.2301,53.8257,58.3393,8.3856,38.1453,40.3659,5.8214,6.6813
ecK-7LRnTbmywHKx0VYAePVNJhTeZGmqWMXu__3SdnQ,train,36.5568,32.1965,11.9274,32.3167,28.1212,12.9824,55.5119,57.3728,3.3521,40.1186,39.6971,1.0506,7.3282
ecUGjMFkvAwtcVwM1IeTNbM5pYu2xRc_lYlPYb0qAXA,train,29.0556,33.6053,15.6588,26.5353,29.3517,10.6139,54.648,59.8832,9.5799,40.2775,41.4342,2.8717,9.6811
eeu2YVfRnEjO9xiVJcnfdYoBq9PQnhywDYR6jE3iuWw,train,25.5867,26.1042,2.0226,23.0472,22.8001,1.0722,45.7177,46.5165,1.7473,34.6213,32.1855,7.0356,2.9694
ei7kFGHHZpMP_8LU1tqqDxQxHmXgMeidPgIlpsON-JQ,train,30.0911,30.2682,0.5886,27.786,26.437,4.8548,52.3268,53.9366,3.0766,37.3637,37.3196,0.1179,2.1595
ej3aqsW_KwyK-t33WvvoI5EJwiY5wE575Q270H7CMRs,train,31.7445,30.6972,3.2993,27.8159,26.8117,3.6102,49.9883,54.701,9.4277,38.0917,37.8485,0.6385,4.2439
enOqRteWy9sBYoAJJFatZC4hglVw_YtG_wRJ_lfJp18,train,32.4451,32.6052,0.4935,26.07,28.4782,9.2376,52.2477,58.1011,11.2032,39.8959,40.201,0.7648,5.4248
eobh4GkSZqjIfsl2yotyzV-BA3p6VSbviGaSzeRTmZ4,train,27.5427,29.5193,7.1766,25.576,25.7829,0.8089,49.8077,52.6021,5.6104,34.5064,36.3963,5.477,4.7682
eonoXwy9pT922SStHe7phTF9E1OmovMGwf4MRYSZ_gk,train,25.212,28.0362,11.2019,23.1108,24.4875,5.9569,50.0129,49.9592,0.1074,31.6138,34.5676,9.3432,6.6523
epRvNO5VxduN0Jq6Rmz08wIpJyFizXVYOM-7tFJTGOU,train,29.5133,29.3076,0.6972,24.8988,25.5979,2.8078,56.4899,52.2248,7.5502,39.1203,36.1351,7.6308,4.6715
evbmLnGTgdGrLQwykEt7tJyebh5S3_QoLcXsMYyZ0cc,train,30.7841,31.4757,2.2468,26.0881,27.4917,5.3802,53.9732,56.0884,3.919,35.6572,38.8084,8.8375,5.0959
extNk1CQ8sO6YQ6w9Rj31axV4wJTI-n__UbDEtCsGdA,train,31.0499,32.9794,6.2142,26.7864,28.8051,7.5363,54.5845,58.7679,7.6639,37.9057,40.6624,7.2726,7.1718
ezYciku_K4N8OZ9VlDPm8fli_c-tGTxARSIx-ee--yI,train,32.0619,29.7354,7.2562,28.8568,25.9717,9.9982,53.3201,52.9872,0.6244,37.3803,36.6627,1.9197,4.9496
f-Kbe4rli-4P_CBF1ZG6rJ6QAHJ-Sx811nCShZKP28k,train,34.7421,35.4062,1.9116,30.1399,30.9247,2.6037,60.5667,63.0923,4.17,42.0183,43.6545,3.8941,3.1448
f1baT5QGLKGZMyiGgz7r96aLKSeyfC9kkDozNlGuNJY,train,30.7881,26.3049,14.5613,26.4079,22.9754,12.9982,52.4274,46.8742,10.5921,37.5062,32.433,13.5263,12.9195
f2UZJQyHw_NOKUw53m3X4NjIFZRCHcWTZ5MQZwdgCQ4,train,32.4393,29.8827,7.8811,26.9287,26.1003,3.0763,61.2063,53.2497,12.9996,39.9722,36.8443,7.8252,7.9456
f62_eizzmbPnIL3GPy72UA4uhPHb4b8eMwfg3-BDTbQ,train,31.285,34.6889,10.8803,28.5553,30.2982,6.1034,56.5397,61.8141,9.3287,39.822,42.7702,7.4034,8.429
f6YHzuyvYmsyWW_ymqXmA_nbnCaSh8JxKKP72hyt1Aw,train,32.9619,27.682,16.0182,25.8697,24.1781,6.5388,50.0949,49.3281,1.5307,32.0374,34.1309,6.5344,7.6555
f9px04DYsdWpsWM-8X31bHjQKI1s7OU3IzYqUACuGrE,train,34.6256,36.0986,4.254,29.6796,31.5294,6.2326,59.4414,64.326,8.2175,42.4523,44.5082,4.843,5.8868
fFrDCPtjMVOQo6lhZX1j8YB4DI96KbJWvHj9Cfql690,train,27.0726,25.4263,6.0811,23.9761,22.208,7.3746,48.7207,45.3086,7.0034,34.8507,31.3497,10.0456,7.6262
fLk2rh4oSbNSv6Vr58BjFk_Qf21Bjlbg7V6-ayJiLAM,train,32.1337,32.9782,2.6283,28.0993,28.804,2.5081,53.4081,58.7657,10.0314,36.0127,40.6609,12.9071,7.0187
fLxvU_dTtBOzidz7xh99ICzTaz4wuNFk0oLjCZ8HedA,train,33.525,34.7035,3.5154,28.2566,30.3109,7.2704,60.1389,61.8402,2.8288,45.6479,42.7882,6.2647,4.9698
fNCOPEb3eRNLm061I1hzsThiLSHHdsN6CYo1mqmjxjI,train,26.4664,24.9086,5.886,23.414,21.7558,7.0821,50.7643,44.386,12.5645,35.4636,30.7114,13.4002,9.7332
fO2jnSR3u6zmkSHUY9WmMNpn0EAiZOuAGDwzKfoWQJI,train,29.896,32.4951,8.6939,25.7713,28.382,10.1303,51.7424,57.9048,11.9097,39.6952,40.0653,0.9323,7.9166
fOCheDvo1LbFwYLyHekXDBh1b3ph4qo4v8rQKfe4kWQ,train,36.0641,31.5141,12.6165,29.5373,27.5252,6.8121,52.398,56.1567,7.1734,37.0323,38.8557,4.9239,7.8815
fP2vEUIYYHAiW-jnii4IznyuUyDDHIdgSqyKv3OZEW0,train,31.7939,25.767,18.9561,27.5742,22.5056,18.3819,47.0483,45.9157,2.4073,34.9304,31.7698,9.0484,12.1984
fP5sarrUu7-n8UtbrC-v1DK-c3H4Qpp9iDDoM1SxyTs,train,32.7415,34.0545,4.0101,29.5871,29.744,0.5303,58.5995,60.6835,3.5563,40.3877,41.9879,3.962,3.0147
fThetEGzg5QWmpMHSnjGRYQXYXPH6UXYBpMxZd-0_Wc,train,34.5097,39.2686,13.79,31.0816,34.2982,10.349,59.3724,69.9749,17.8577,42.4592,48.4167,14.0312,14.007
fXAVRAvJxNQVKYTuT_YpnJiF36hIZF5FwwZWhhCjkd4,train,33.4854,29.7116,11.2699,29.2936,25.9508,11.4113,58.292,52.9447,9.1732,42.2351,36.6333,13.2633,11.2794
fXGd__IePZib86LwRbqUjSqYohYbZ0-AVQHIM-NVhI0,train,25.811,26.1935,1.4819,22.4533,22.8781,1.8917,50.1099,46.6757,6.8534,32.6284,32.2956,1.02,2.8117
fXrC0KJ2PpFzE1H0FhCsgv10A-8lJGNewatmpT4y2p8,train,34.1883,31.841,6.8658,30.1234,27.8107,7.6774,52.8701,56.7393,7.3183,37.1186,39.2588,5.7659,6.9069
f_1_PpS5zJTfwdV7c_wdLRNRFeMVKc-ZYCKQzjRbFAc,train,31.2528,26.572,14.9774,27.1404,23.2086,14.4868,51.9959,47.35,8.9351,32.7385,32.7622,0.0726,9.618
ff2l0wVduQecDKJ93xnEw-4iZAPEvERfvny-h7kmCIQ,train,33.9713,32.3853,4.6684,30.33,28.2862,6.7387,56.7876,57.7092,1.6228,36.7432,39.9299,8.6728,5.4257
fhoVCLEfdAeNjmGgLycsAVQemJsS1YVm35I2w3Z_C0g,train,31.7151,26.6743,15.8943,26.0945,23.298,10.7169,52.4153,47.5323,9.3159,33.5526,32.8884,1.9797,9.4767
fkq68ww6bdyKT16FavI1x_G-u7YZ9SoT1GNMUTSJUek,train,39.6502,32.5488,17.9101,29.1675,28.4289,2.5323,71.1693,58.0005,18.5035,39.9643,40.1315,0.4182,9.841
flOHDS_DHCemPHEzby_5QJYwe8nU3q3p6fF68BOUyR4,train,28.1267,29.6139,5.2875,25.2192,25.8655,2.5627,51.7098,52.7707,2.0517,37.3861,36.5129,2.3358,3.0594
fn8p7rW-oWRAM_Vaa4_QI5LosHcB8iBuH4NCL6sa-xE,train,34.0825,35.5455,4.2927,28.6117,31.0463,8.5091,55.5028,63.3405,14.1214,36.7158,43.8263,19.3665,11.5724
fnpNSXIAebizUnAre0llggSxShXClKsiboSZ2QbELNY,train,35.2869,29.1675,17.3418,29.7441,25.4756,14.3507,58.0363,51.9752,10.4436,38.2977,35.9625,6.0977,12.0584
foAXsyM76uW2KP7tYzPGq3CpbaAb0YYl-0ByjoGVKrA,train,36.3689,30.1224,17.1753,32.2719,26.3097,18.475,59.3827,53.6769,9.6086,39.7413,37.1399,6.546,12.9512
fvqectXDzHYCNvs7Qe0MbuYcppwMaAzkcNTbJlrVHDk,train,26.0739,25.6835,1.4975,23.7937,22.4326,5.7204,51.8154,45.7668,11.6734,34.9395,31.6667,9.3669,7.0646
fzWAV3k0x3JqWMieJthp9mwOPXafwkry2mpHJZ6pk70,train,29.6052,34.6795,17.14,27.0455,30.29,11.9965,52.5453,61.7974,17.6078,36.4899,42.7586,17.1794,15.9809
g3YGKQa6zFM7cQzJbnBwcGIr4nG2UTYLwW6KRj6fIYo,train,27.6494,30.9562,11.96,26.3495,27.0379,2.6126,48.9637,55.1626,12.6603,36.9951,38.1679,3.17,7.6007
g6Hmr85PdUW_mFEj4Z6MvlTH6rz548RNd8KDtX7k0hY,train,27.7167,29.8963,7.8635,23.1743,26.1121,12.6773,55.66,53.2738,4.2871,34.2674,36.861,7.5687,8.0992
g9j8ZQyw5DBZuJAB5unfmqJDFczHNCsOvSMI1LdWaOU,train,25.7782,25.818,0.1542,24.2072,22.5501,6.8456,49.7961,46.0065,7.6102,35.5169,31.8326,10.3734,6.2458
gA27ObOs0JZs_558iL3nBrqSuHe5mMMa9QYPsw9bjjs,train,37.5565,26.6415,29.063,30.4874,23.2693,23.6755,57.84,47.4739,17.922,39.7157,32.848,17.2924,21.9882
gAFJ_eBlTPO1L3oJ8cwt6BjuTI2yYCbLZmDvT5wn9LE,train,23.377,23.7333,1.524,21.9178,20.7292,5.4229,47.8114,42.2917,11.5448,34.2898,29.2623,14.6618,8.2884
gB-Pgucmml-LBU6kRRKUxrgaAFk2wWj2sgnJyRl8QZg,train,35.3847,35.5774,0.5444,29.0943,31.0742,6.8049,58.5256,63.3973,8.324,35.5973,43.8656,23.2272,9.7251
gFbNzyPb2KlCUleWkbVt6EJPfHih0db8IM98FlbN3VU,train,26.4263,27.0614,2.4033,24.6808,23.6361,4.2331,48.8787,48.2222,1.3431,33.6788,33.3657,0.9298,2.2273
gFblhzof-gC7PAXXnQ-foacnYnSX9YdOYVOS3h2Anwo,train,31.8156,33.3835,4.9282,25.5542,29.158,14.1025,58.8039,59.4879,1.1632,37.7049,41.1606,9.1652,7.3398
gLRWSeb6dMtb4PyJ2oOWeJbCMR0rjm29vXEr3NLba1U,train,28.0598,31.6429,12.7694,23.8179,27.6377,16.0376,52.3402,56.3862,7.7304,32.3322,39.0145,20.6678,14.3013
gUk_2kICkEADy9i8itZo5qQ5UaACL4vcexkA8s-cnzM,train,30.0596,29.8628,0.6547,25.1415,26.0829,3.7445,57.9967,53.2141,8.2463,40.1452,36.8197,8.2838,5.2323
gVaFww_QRFR61Dd3IjpZzlsqmmNHOuwACc1wztI9ixI,train,31.8116,28.6249,10.0175,27.4615,25.0017,8.9571,52.3342,51.0083,2.5336,35.4419,35.2934,0.4188,5.4818
gW8ZU5f2ddM1YXRNfiBgrdKaao8aZCnOxMnILg1AvFU,train,23.4809,26.0749,11.0475,22.1785,22.7745,2.6873,50.4019,46.4644,7.8124,33.2483,32.1494,3.3052,6.2131
gYUig33g91bGHlDv7hMbbsZaExw64mAP4JziIM_kX2Y,train,30.989,33.9005,9.3953,27.6208,29.6095,7.2001,53.6725,60.4092,12.5514,37.8616,41.798,10.397,9.886
gaGMzDO-n92VMbVCqFxhJgMd59Jm5zyMLFbhKhT_3G0,train,36.3921,33.7525,7.2534,29.6858,29.4803,0.6923,56.631,60.1454,6.2058,39.5157,41.6156,5.314,4.8664
gawPz65AmfNlonEDdqvmqqVgcnaJ9lGZ9t9PLMSYX8A,train,31.4065,30.0402,4.3503,26.1289,26.2379,0.4173,53.2976,53.5304,0.4367,35.1799,37.0385,5.2832,2.6219
gb9KcVIn3anG3dT6UNCP1gdxfN-qcS2Rr0i5Ii6chW8,train,27.6059,26.7304,3.1714,25.6616,23.347,9.0199,50.9424,47.6323,6.4976,35.0689,32.9576,6.0205,6.1773
gbKNI-wfsvgJR32_PRt5qTLSQhZQyNixqRLFGSrsfc4,train,25.4808,26.3865,3.5547,22.0813,23.0467,4.3721,47.3031,47.0196,0.5993,32.693,32.5336,0.4874,2.2534
goHc9Rc3JYmvKwlVvNOj_rReVQAEb6augswlammHYfY,train,24.8047,24.3917,1.6649,21.351,21.3043,0.2185,47.1445,43.4649,7.8048,34.8479,30.0741,13.6991,5.8468
gq5TL3FqUYvo3zmUkYEPcq1MDM1zyKyP6AvpkDkN5-c,train,37.6421,42.5663,13.0816,30.5052,37.1784,21.8759,62.4579,75.8512,21.4436,42.1017,52.4826,24.6568,20.2645
gqRxIgVyMryllBt0Bt3VPL5xjK_HM0aHda70g05Y2y4,train,31.3939,34.1773,8.8661,27.8744,29.8513,7.0922,56.9308,60.9024,6.9763,36.2929,42.1394,16.1092,9.761
gr1bdyPSd39J9DjfhT4jKHtLR5r4BEmLALNMf0_Kic4,train,24.9527,26.4927,6.1716,22.3692,23.1393,3.443,47.2969,47.2087,0.1865,32.0584,32.6645,1.8905,2.9229
groYznJWvyAz-DVhjBx0e_GsqOjzWjWwfQLkrVaAbjI,train,28.6744,28.8279,0.5355,25.6441,25.179,1.8136,50.6051,51.37,1.5115,36.2772,35.5437,2.0219,1.4706
gsZ4AD4rXODGlXubweBxMZnk8Q1CpnZKTbRsuG2tPQA,train,31.8502,33.8299,6.2155,27.3819,29.5479,7.9101,55.4045,60.2834,8.8059,40.9859,41.711,1.7692,6.1752
guxJ1sm0teV6wejF0hpQD_A5jpAbaNhxWHfUn3_caic,train,29.949,31.8624,6.3889,25.9788,27.8294,7.1237,52.1505,56.7774,8.8723,34.4103,39.2852,14.1671,9.138
gvFN9-oZ1kTVAlIyBYj0VsEMgoW6NojEmFUY1cB83lQ,train,29.1983,25.3597,13.1465,24.3784,22.1498,9.1417,50.4995,45.1899,10.5141,32.7352,31.2676,4.4833,9.3214
gvTI9Qv-vBw1YWxXKa8cCivktkaSfS5Si30Hbm2hc8I,train,30.3755,28.1896,7.1962,27.573,24.6215,10.7043,55.6144,50.2326,9.677,35.2772,34.7567,1.4754,7.2632
gxdL3v4FMMviG6lBMBdruqmXxZpzpKt1y_ztwGGGfhQ,train,32.1508,27.3098,15.0572,27.4013,23.853,12.9493,55.0753,48.6648,11.6396,39.9932,33.6719,15.806,13.863
gxiflT_j768yMiHgM2ekhrYdsUIwEqBzY3o-otW5yNI,train,27.1294,33.0068,21.6643,24.0588,28.829,19.8271,52.5337,58.8167,11.9598,34.464,40.6962,18.0831,17.8836
gz_EHhI5Chmv0cZhqr2LV4h7hWIFSBFVml9Nbd58qxM,train,33.9702,29.4537,13.2953,28.6836,25.7256,10.3125,54.2432,52.4853,3.2408,35.7999,36.3154,1.4399,7.0722
h2KiedXPLm4R8tqzxd3t9Q8GE77z1QMHtQCQGObkMzs,train,24.6789,25.3133,2.5708,22.0193,22.1093,0.4087,47.0099,45.1072,4.0476,34.6551,31.2104,9.94,4.2418
h5qYr_SxRQirhf-7Oqw30zv1y95gIFcFe-nh0I4vCdU,train,29.0767,29.5056,1.4749,26.7248,25.7709,3.5694,50.6611,52.5776,3.7831,36.0301,36.3793,0.9693,2.4492
h6dLO_4PhgepvgtNkD46WhnTIxOsTrxyASLvODgcGk0,train,29.8439,32.8021,9.9121,27.8338,28.6501,2.933,55.8034,58.4518,4.7459,37.325,40.4437,8.3556,6.4866
h9CrV4Bja5J7GcDHh1nhtwlNL-G2dstWVh1H9MVcwMo,train,26.4775,28.6141,8.0696,24.1592,24.9923,3.4485,53.1248,50.9891,4.0201,34.2178,35.2802,3.1046,4.6607
h9Iv8yUNjdiBTby36_NmjHc9e1y_bo2R34lgZW7EVOw,train,31.6155,30.5357,3.4156,27.5276,26.6706,3.113,54.3739,54.4132,0.0723,36.5449,37.6494,3.0222,2.4058
hAjtL0vRWlY3-AgvjiphhV__7HHDECKI5J7E35ypAPc,train,34.3327,32.9417,4.0516,29.4679,28.7721,2.3613,59.7811,58.7006,1.8074,40.8487,40.6159,0.57,2.1976
hBi52O-rU6sLf4l6F44AS7sOOiCsbTcnQG8s2iUGJT4,train,30.8034,30.3199,1.5697,26.9648,26.4822,1.7901,48.8702,54.0287,10.5557,35.2165,37.3833,6.1529,5.0171
hE7KFBMgARfu6_0zBBt6QDRaF1pKI0Gp4kzm2RGlICI,train,34.4704,38.3242,11.1799,30.1002,33.4733,11.2061,60.2409,68.292,13.3648,45.2575,47.2523,4.4078,10.0397
hGgSaHyBt7a7xEgYBWqhBjRr7XOtPmII-whSqQMTzxE,train,26.7117,27.4055,2.5973,25.1346,23.9367,4.766,52.3916,48.8354,6.7877,39.3774,33.79,14.1893,7.0851
hHL5Lxcqd34jCxO2g45S16J3J9dqVWxJmM5B0HEmULE,train,30.3676,33.1245,9.0786,24.8261,28.9318,16.5379,59.4198,59.0264,0.6621,39.3831,40.8413,3.7025,7.4953
hT25vKHsmc84oqfyJtFsrtgKxEg0TuJTiaOOu6-mtGw,train,33.3575,28.9561,13.1946,29.4789,25.291,14.2065,53.2316,51.5986,3.0678,38.5028,35.7019,7.2745,9.4359
hT5OLBkxFGOwz0k5698gB1lUhTpIkc_vHyBA8Ca1iZY,train,26.4594,28.7462,8.6426,23.2288,25.1076,8.0882,51.9739,51.2244,1.442,33.693,35.443,5.1939,5.8417
hW2nKkigYEBoUOo14i3BHifQZLX6rw35VSPoWZxPNN4,train,26.406,30.9898,17.359,23.5095,27.0673,15.1334,51.7845,55.2224,6.6389,35.161,38.2093,8.6695,11.9502
hcr41wOhrcxY1NAgTiJ_50lotLfEnhCxj0h8iMEjJlo,train,30.9114,30.6866,0.7272,26.9346,26.8025,0.4907,51.0372,54.6822,7.1419,35.8094,37.8355,5.6579,3.5044
he2J46C3Yu3aEUjwSZiGDffpiIUYTjC2eiFlZld3Dzg,train,27.4435,26.9967,1.6282,25.0709,23.5796,5.9484,54.7096,48.1069,12.0687,37.5933,33.2859,11.458,7.7758
heu0Y7S4gPbcK1MOY4nTN5hnH7u7Y8YQ3_-A1_QwPtg,train,32.2778,30.8864,4.3107,27.4156,26.977,1.6001,55.8326,55.0382,1.4228,40.5076,38.0818,5.9885,3.3305
hi6qlhy777TGbwo57JVAK1IwxCpuku2Ks7x4qbVzvUM,train,29.629,25.9272,12.494,25.4079,22.6454,10.8724,51.8605,46.201,10.9129,34.5849,31.9672,7.5688,10.462
hiJRhc9sOlslmIb-Rp3XAguhcRYFpTGuTvMD6JvjDaI,train,32.2628,35.697,10.6443,28.829,31.1786,8.1501,57.162,63.6104,11.2809,40.5785,44.013,8.464,9.6348
hiLbPtVcyMMB3zUdzjdhu-M78PXMUByh506hkZpqzgY,train,31.7624,33.4806,5.4095,25.3074,29.2428,15.5503,52.9095,59.6609,12.7604,38.3564,41.2803,7.6231,10.3358
hjX3l7ri3GYLUjX_BG6mAdOGDvG6fEUEKHDOeqbPUZI,train,33.8232,34.6345,2.3987,29.4335,30.2507,2.7763,58.526,61.7172,5.4526,41.8606,42.7031,2.0128,3.1601
hlYBLwY-wUvLCWi6fGccF18xQgfPH6O55mBqbjlNjL0,train,26.8289,24.8678,7.3094,24.1263,21.7202,9.973,50.2971,44.3134,11.8967,35.0684,30.6611,12.5676,10.4367
hlmzuLA4xyQUXDr-oK3IABc-jhnEPobq0j_8qazKNNI,train,33.4597,32.3055,3.4495,29.18,28.2164,3.3023,55.0826,57.5669,4.5102,38.2909,39.8315,4.0234,3.8213
hmYxW39dKkjA6Un1wW5rzTdlT-pfUWyHwnAzQuDRZ5o,train,26.7037,25.9156,2.9512,23.3164,22.6353,2.9208,50.6431,46.1805,8.8119,37.3266,31.953,14.3962,7.27
hp_iPWTohmd-ODH0MNibX9tib22G-FJ4OdnSHJqhPio,train,28.9501,27.9061,3.6061,25.979,24.3739,6.1785,49.1274,49.7275,1.2214,33.0978,34.4073,3.9564,3.7406
hsBaJx117F-ZlugN6j5r1xKiwRRVFk4hvIgx1MxylpE,train,34.0489,36.4088,6.9311,28.9454,31.8004,9.8636,55.5166,64.8789,16.8641,40.3334,44.8908,11.2993,11.2395
hybbM8CSpwClt-tvvDJrHNq3KB1fPpkISYRyqHnHny0,train,31.2325,34.6337,10.8899,27.6155,30.25,9.5396,54.9529,61.7158,12.3067,34.8723,42.7021,22.4528,13.7973
i1m42dBATWv5brrfK1nzbEo4BlF7jkYn1vIrHFfE78U,train,33.9996,33.5392,1.3541,29.1648,29.294,0.4429,54.4354,59.7653,9.7913,37.0168,41.3526,11.7128,5.8253
i3SvfU4QENc_5cPFWOb7r5iNEumdNOYuj28e-Qw4J54,train,30.571,29.0498,4.976,26.8638,25.3728,5.5502,50.0851,51.7654,3.355,36.9494,35.8173,3.0639,4.2363
i45bbTSs4418BrHmSgp2-1cYp3Yj9BI6em6C9m4yCsQ,train,23.9933,24.0715,0.3261,22.2564,21.0246,5.5342,43.028,42.8943,0.3107,32.3051,29.6793,8.1282,3.5748
i4DL4-DHZELmYD09WqN366geaJQCOSt1TeXKhCGeoH0,train,34.3336,29.935,12.8114,29.3994,26.146,11.0662,58.736,53.3428,9.1822,41.8021,36.9087,11.706,11.1914
i5alF92czhmefg8Huuwf-PVqyc2K0YNqgyQNP4sKMPs,train,33.3289,31.1444,6.5545,27.0644,27.2023,0.5093,57.4365,55.4979,3.3753,38.6907,38.3999,0.7518,2.7977
iAId7twJViYUsBFd2uVqfBelqyHlDID2sG1XfGguFHw,train,27.1505,26.0979,3.8769,24.8132,22.7945,8.1353,48.6257,46.5053,4.3606,37.1264,32.1777,13.3292,7.4255
iFpd5co3UXPjUAe6mbPsoFh9aAhq2rYS3p58myDMEPQ,train,26.5566,29.2013,9.9589,24.0674,25.5052,5.9738,56.3876,52.0355,7.7183,34.3135,36.0042,4.9271,7.1445
iGQZ89E77m1umT-jDsz6zAS5T6qSB8b8acq6YsHFfeg,train,32.1418,33.1059,2.9996,27.7759,28.9155,4.1031,55.3943,58.9933,6.4971,40.8617,40.8184,0.1061,3.4265
iSY6QWcZ0CbHmm_7nqSi1q3KcF0uW2PlHGiD4LQcJY0,train,27.7622,27.9377,0.632,24.0345,24.4015,1.5269,52.4581,49.7837,5.0981,35.6192,34.4462,3.2934,2.6376
iU2sVInCtVunrailm4rEZk2Dsnrij1z_DGfKVvjgNUs,train,34.2928,30.3322,11.5492,27.4926,26.4929,3.6363,52.3304,54.0507,3.2873,39.5086,37.3985,5.3407,5.9534
iVZJ9LLOQ63cM0IDdxu91zkaTJ0XhUPfIvP6pWpttcA,train,33.2686,29.3712,11.7149,27.6449,25.6536,7.2033,58.1796,52.3382,10.0403,39.6447,36.2136,8.6546,9.4033
iZp1TSwjH76ryDe4NzXD3zZYZ_KDqkTP6MRqBLslvrI,train,26.2925,27.505,4.6116,22.3159,24.0236,7.6523,45.5847,49.0128,7.5201,33.3568,33.9127,1.6665,5.3626
ic_H1vAwhyhu8jurY__s2TgnwYZSHE810g3qbgJEglI,train,29.9769,31.3064,4.4353,26.7485,27.3438,2.2256,47.9323,55.7867,16.3865,35.4572,38.5997,8.8628,7.9775
icoAL0V4eLYR2ZXjKFajM7zpX2c2NoyM-ZOkRzXkJUs,train,22.3439,21.6989,2.8866,20.7639,18.9524,8.7242,45.238,38.6666,14.5263,32.1784,26.754,16.8572,10.7486
if8bNB7-hVwhguP4rJr4q3frJ--di4y6zogDzHXRY3k,train,31.1509,33.0047,5.951,28.312,28.8271,1.8194,54.3279,58.8129,8.2553,40.3735,40.6935,0.7927,4.2046
igR2UxyMOcZV8E2hxoVHsrJDwGEv4mOPcIYYL8kgCA0,train,26.2479,23.9436,8.779,24.3513,20.9129,14.1197,52.991,42.6664,19.4836,37.209,29.5216,20.6601,15.7606
iiW5QiSF0xKXDec2Xb2K9oFXLrQz70LWXUs0LezwEFY,train,32.115,30.5045,5.0148,29.3516,26.6434,9.2267,53.8113,54.3577,1.0154,39.7201,37.6109,5.3101,5.1417
ilRKRNq8J_jHdPlMvzPJfgEy6-hTFLYdE4p42w1BsWs,train,29.4809,31.6279,7.2828,26.6095,27.6246,3.8148,50.8569,56.3596,10.82,34.9221,38.9961,11.666,8.3959
imr_d2YgYcSBs3v8LjlBHqG0HS9ACezVaKNvEk9esgI,train,30.678,31.8779,3.9111,27.0856,27.8429,2.7962,55.6187,56.805,2.1329,34.3452,39.3043,14.4388,5.8197
imuiUv8YPQ3dlNu6BmbAghuxOMm1hG-rabvRQfDMkPM,train,28.3646,27.9584,1.4318,26.5046,24.4196,7.8666,50.4422,49.8207,1.2322,36.4715,34.4717,5.483,4.0034
inY_mR33JNY4yJzJZ5xwZfjlkUYiS9ZzFQ7VKbxGuA4,train,25.1827,27.1541,7.8283,24.5921,23.717,3.5585,50.1532,48.3873,3.521,37.6573,33.48,11.0931,6.5002
iqh-P4vqGKCTAkySq9mt7oqpEujpSiENp6W7piq4iNg,train,31.5287,31.004,1.6642,29.1698,27.0797,7.1654,57.8532,55.2478,4.5034,44.0852,38.2268,13.2887,6.6554
ir2bDyTnv-Kqq31VJM8H81onNCX-ZLfcRSJLOTHTHvI,train,26.7442,26.3992,1.2898,25.9089,23.0577,11.0046,48.6903,47.0422,3.3847,35.9281,32.5493,9.4044,6.2709
irp9xnYo9ZcKWpPaJUa56QEJ16_8WXAyFIWaB99KIqU,train,31.8305,30.4155,4.4453,28.2268,26.5656,5.885,54.8428,54.199,1.1739,36.8078,37.5012,1.8838,3.347
ixUxwoOqsP_X2vyVERFWgsytvW-LnVNKzsGH0qyqMIs,train,29.4438,33.8807,15.0688,25.5101,29.5922,16.002,49.4696,60.3738,22.0424,34.2226,41.7736,22.0644,18.7944
j1H6kmxPR1dumtto_waJe5rCygfk9sNE5DkzIuzL4DQ,train,30.9063,29.9414,3.122,28.6802,26.1516,8.8167,51.1327,53.3543,4.3448,38.5455,36.9167,4.2258,5.1273
j3scOr7Agpc6mqX7390w1Nn1DSd35AU-mcbecE0rfZU,train,30.4785,32.0344,5.1049,26.5291,27.9797,5.4677,50.452,57.0839,13.1449,33.3638,39.4973,18.3836,10.5253
j5ZQTc3egpjSyxfrcbPk7BrH4xBHq_obmQYR6URiBWU,train,32.3517,27.5166,14.9454,26.2355,24.0337,8.3927,50.6985,49.0333,3.2845,37.1651,33.9269,8.7131,8.8339
jBEj27AHI5lyQmg5G-Ecna-VHLx6BnjoQJihBJIcpes,train,36.4682,42.3552,16.1426,29.6554,36.9941,24.7464,61.3229,75.475,23.0781,40.9298,52.2224,27.5902,22.8894
jEmr6JUw2BDqbGO2XSMF9iFQhX8Zi5cX2_uTMlPm2Ec,train,33.6679,33.915,0.7339,28.4204,29.6222,4.2287,56.7885,60.4349,6.4211,39.5248,41.8159,5.7966,4.2951
jG6426g_B-mAyUsLoyWqhgF7OOBGPUSjYZg4NXjuYlg,train,32.2648,34.2542,6.1657,28.2636,29.9185,5.8553,58.0575,61.0395,5.1363,42.597,42.2342,0.8518,4.5023
jHEARYzMUa9wBdlLcqTJsR05fs8ZnjljE8uwldMt1UU,train,30.5946,32.2183,5.3073,28.6811,28.1403,1.8857,57.904,57.4116,0.8505,42.5639,39.724,6.6722,3.6789
jHGOnglb7tVQ1lpD405w8reX2c_i8g927RPa5t3dJgA,train,31.4783,28.9977,7.8805,26.9795,25.3273,6.1241,57.2437,51.6725,9.7324,39.3131,35.7531,9.0556,8.1981
jJM8rOFZBqQ57LzAPoGBkwlEINFWlCZWQhpY0sMPWlg,train,29.7772,30.9028,3.78,27.309,26.9912,1.1635,49.5988,55.0674,11.0256,35.5801,38.102,7.0878,5.7642
jRVVmniEjFboTrGpJxCsUEV58h5yev-85b1Oag7Kgds,train,25.388,25.2954,0.3648,23.119,22.0936,4.435,50.4679,45.0753,10.6853,35.6234,31.1883,12.4499,6.9838
jRhOpBiBukCpY54id_vApU4ug-v6ejmZ221XvaO5DBc,train,30.4727,27.7445,8.9529,28.6495,24.2327,15.4166,54.1582,49.4395,8.7129,36.9782,34.208,7.4915,10.1435
jXtJLdJuADKSOOMl8VfKZonbn0KyS1gGcBcUdaURUKM,train,31.9502,30.8781,3.3555,26.8183,26.9697,0.5645,55.3465,55.0235,0.5837,38.369,38.0716,0.7752,1.3197
jZSnwhgdKrST_LKPrB_mkjQ15fZqihhPOuMmXtQPGlM,train,28.3144,26.7726,5.4453,24.639,23.3838,5.0941,52.0236,47.7075,8.2963,32.5868,33.0096,1.2976,5.0333
jZ_TZuGXQhSV1FrFbgIjHBb-F2ze5pZQTjaO46_PZDI,train,32.4419,33.256,2.5092,27.407,29.0466,5.9825,57.4831,59.2607,3.0923,40.8882,41.0034,0.2818,2.9664
jco-xL-ojiou3JkQazEJeWXXRpdKr6vTUzyqMsHdXVc,train,47.2824,41.3381,12.572,33.2025,36.1057,8.7438,71.0607,73.6626,3.6615,43.2035,50.9683,17.9727,10.7375
jdhg9PKmWBxkNy650MTXu772t02kM12qnAqhuVe8vKc,train,28.3505,27.7755,2.0281,27.1868,24.2598,10.7662,51.5251,49.4948,3.9405,38.5514,34.2462,11.1673,6.9755
jdzOAe8rM_L8GfeiqwYr9xgWfIuoC7G6TmENCBf1xvU,train,27.3961,26.9053,1.7913,23.1337,23.4998,1.5826,50.2314,47.9441,4.5536,34.0854,33.1733,2.676,2.6509
jfI-wKSa1Vzx_qrubhAmxjuohcN_Jm7qnmOgg8Bfz5Y,train,35.3496,37.6204,6.4239,30.1582,32.8586,8.9539,61.1857,67.0379,9.5646,41.1691,46.3846,12.6684,9.4027
jgZVDpdG6tLTkZXoAq80mPzizScTJEG7n1vuu76jn9o,train,32.0908,30.3111,5.5459,28.3898,26.4744,6.7467,55.9912,54.013,3.5332,38.9677,37.3724,4.0938,4.9799
jj-ymAlKRw4gwssTUjghlxgUc4OSZPQuaAgrGKJGcQA,train,30.8065,34.3576,11.5271,25.1005,30.0088,19.5544,60.3573,61.2238,1.4355,37.6379,42.3617,12.5506,11.2669
jnqncBOcs5waiY4OSoenSOGEQFHVoxdQNVbP4Hu1d3g,train,30.2704,31.6501,4.558,26.1521,27.644,5.7048,56.0682,56.3991,0.5901,35.8333,39.0234,8.9029,4.939
jpgaGazUIlQUQgPVb9GkoI4MehoxzzBuqz8lg4qIKjs,train,31.1486,33.191,6.5572,26.2365,28.9899,10.4942,51.8743,59.1449,14.0159,34.1032,40.9233,19.9984,12.7664
jrtkeqXLR65d5x4mh91pYX5oauB0Kp0BMjZwE6nwSWA,train,34.0044,32.0196,5.8371,29.253,27.9667,4.3973,55.208,57.0574,3.3499,39.1455,39.4789,0.8518,3.609
k1ak5kJA8W_T3qmJJva8VQBsV4oCHmWFj_uaxq9zE9I,train,33.835,33.4078,1.2624,25.8838,29.1792,12.7315,54.2456,59.5312,9.7438,38.6838,41.1906,6.4803,7.5545
k1hi20BJAqls5jIB-NeHd2OqMOb27kUQyoZbB18qx80,train,33.8562,35.8825,5.985,28.4522,31.3406,10.1518,57.2975,63.941,11.5947,40.5841,44.2418,9.0125,9.186
k5LWbctDJYS1eaO_DTHL0-AZhtik4Xcs13GYVAXpj5s,train,30.8331,31.2337,1.2993,25.9038,27.2803,5.3139,53.4702,55.657,4.0899,36.4428,38.51,5.6725,4.0939
k6mUYQ--EsUFkUXes7CyUrDDVR0TGGdy3JesOw4muuo,train,32.6168,28.0026,14.1466,26.2616,24.4582,6.8672,57.4519,49.8994,13.1458,36.1481,34.5262,4.4868,9.6616
k882U8w3gMLFKWB3D9a3W5DsMBYXoCuZPXFJxIDU38w,train,32.4955,35.0255,7.7859,27.7849,30.5922,10.1036,54.855,62.4139,13.7799,33.4891,43.1852,28.9532,15.1557
kClw6T0Yv79VtY48DiyFMfsuuOMwBprL3Low-oY3uFs,train,26.1104,26.6656,2.1263,23.3945,23.2904,0.4453,50.7503,47.5168,6.3713,38.93,32.8776,15.5467,6.1224
kFQWHdudWw32Mboxwem7R_l1Ac7AfRDq8lXvnYA85hM,train,29.6905,29.0985,1.9941,25.2423,25.4153,0.6856,56.2569,51.8522,7.8297,38.5745,35.8773,6.9921,4.3754
kIosKBvrouT2CfUkiqjmsqqm4UXFJ411t3NDPSJ8HpI,train,31.1503,30.0593,3.5021,28.6801,26.2546,8.4572,53.5979,53.5644,0.0626,38.7737,37.062,4.4144,4.1091
kIylnWWgtxbfedUMpfR5Ot3-iuysBKh-wHxw0Qwh46c,train,26.7941,27.9951,4.4825,22.036,24.4516,10.9622,56.6025,49.886,11.866,37.9633,34.5169,9.0781,9.0972
kJbq4rY7KCtD0ik0QWdzgPTcAAt4SXHnOOMEstRxGQw,train,39.6854,36.059,9.1379,32.7639,31.4948,3.8733,63.1246,64.2556,1.7916,42.6779,44.4594,4.1744,4.7443
kLbxk6RYyVTXN9utH5phVjw6H7lc21wfUA1WCZVA7Dc,train,28.4156,27.1515,4.4485,25.3144,23.7148,6.3189,46.9406,48.3827,3.0724,32.043,33.4768,4.4747,4.5786
kOBRGSwc90LmUZQtflmOfNma8UNd25tNaz6gzFDO3Ls,train,34.2882,32.4567,5.3415,28.6747,28.3485,1.1375,55.6013,57.8364,4.0198,40.3511,40.0179,0.8258,2.8311
kS2l8BxM3FEOQkITlQkcnXc44EucNbX6pOL0_-l8iZY,train,27.1094,27.0077,0.3753,23.9209,23.5892,1.3868,51.7218,48.1264,6.9513,33.6156,33.2994,0.9406,2.4135
kVM9QASz00QiqQUqerI8IdstVAmfwA4h45LsvqAsvcE,train,29.8057,32.1281,7.7917,26.44,28.0614,6.1325,52.532,57.2508,8.9827,37.1886,39.6127,6.5183,7.3563
k_ALk387TjLFRupaBKTlXxUjpZ-78TijOn7Y3Z_7BVQ,train,30.7995,34.2242,11.1195,26.8865,29.8923,11.1795,53.4398,60.986,14.1211,37.5497,42.1972,12.377,12.1993
kgpXTC6Xsq50_lio5aem8f1QeSKqK_A9n0inA-1A8B0,train,31.0615,28.5637,8.0416,26.0832,24.9482,4.3514,58.2947,50.8991,12.6864,36.5639,35.2179,3.6811,7.1901
kpJsMMDnIW0Iw7oC5zZySsWphjLg40e1PQodDo2j_1U,train,26.6557,25.7192,3.5134,23.202,22.4638,3.182,50.1519,45.8304,8.6168,33.0866,31.7108,4.1583,4.8676
kudcSOvAnm6tS_fEp0t7nRXTS4beirgkhdIMB6YNHSo,train,31.2561,30.7546,1.6044,25.9752,26.8618,3.4135,54.9704,54.8033,0.3039,36.3976,37.9193,4.1808,2.3756
kxH9CwuvoCoy93lDhjDtkA6vwDpKxRo1t6KirECKe5k,train,31.2109,29.6645,4.9548,28.4201,25.9097,8.8334,55.9793,52.8607,5.571,39.6277,36.5752,7.703,6.7656
kyz1oqvKhlrRuTU_bXVI1qgTBQkB6FqPDJLRCm7WysU,train,31.0059,30.9355,0.2269,26.1516,27.0199,3.3201,57.4132,55.1257,3.9842,39.3862,38.1424,3.1581,2.6723
kz9ZsjGgGBk7YU59d-1Ng5TuoWc72Bzj7y2HWR_FbmU,train,31.9,32.5967,2.1841,27.1863,28.4708,4.7248,55.1094,58.0859,5.4012,39.3015,40.1906,2.2622,3.6431
l-5tHrJ09gaRXgd1b8cMr5g2RmzK6SdUzAuxCkpoMIc,train,28.6548,29.9536,4.5327,25.2496,26.1622,3.6144,53.7784,53.376,0.7481,36.4328,36.9317,1.3695,2.5662
l-gXZnHsBFmj5EGlgipMjF_8Mfbdh_tzYy30j5weOzc,train,34.6271,33.4151,3.5001,30.799,29.1856,5.2387,59.1362,59.5442,0.6898,40.3702,41.1996,2.0545,2.8708
l2351wsWOcvkR_MfXQ3uI5_DS5U2eMCkNQcxw-qyfFg,train,31.9645,33.7018,5.4349,27.728,29.4359,6.1595,55.7245,60.055,7.7713,42.0351,41.553,1.1468,5.1281
l2okRHurs3xMdNqHEqWFzVB_g4YbGoUUvMCToetp_mA,train,33.3229,30.6669,7.9706,30.3976,26.7852,11.8838,58.0571,54.647,5.8737,37.9745,37.8111,0.4303,6.5396
l3RUA6WnT3ZgHcRQ26cTjxHwJhdd1CZhG52_CZR6k1I,train,27.9247,27.7711,0.55,23.9255,24.256,1.3811,50.502,49.4869,2.0101,36.6715,34.2408,6.6284,2.6424
l5EVWtfrpHCHEhPFyIVQ4ukpQPaWTCD4A8xKKWVC_-0,train,25.7843,24.0405,6.763,23.4525,20.9976,10.4677,50.7997,42.8391,15.6705,34.7696,29.6411,14.7499,11.9128
l6-GeBGVeOEiQXIVpFg1JdGUeQFiZmjSiDr0ThLKCFQ,train,29.9529,27.4442,8.3757,24.4318,23.9704,1.8884,53.1619,48.9043,8.0088,34.5112,33.8376,1.9516,5.0561
lBh94k4B_fpqFfHMS_pw_1jthlieAw2E4LfK4UlD1tM,train,34.7396,34.4453,0.8472,29.7494,30.0854,1.1295,56.6217,61.38,8.4036,40.8153,42.4698,4.0534,3.6084
lIMBdxq-hL2x3khzzweWS3Utwae_OMRtc6VCQFBZzok,train,31.7651,27.0614,14.8077,27.0547,23.6361,12.6358,53.8796,48.2222,10.5,38.4536,33.3657,13.2312,12.7936
lLaKUu8T6XGcAi6D6SUxeHWcwyyaBqLr1ZV9QWhll-8,train,28.307,28.3624,0.1959,25.4754,24.7725,2.7592,53.5191,50.5406,5.5652,37.5621,34.9698,6.9012,3.8554
lSIFy0ZBtOHtmpFgVEDMYk5Zt4ev4CTcC0Ua3LAI4q4,train,27.946,29.291,4.8127,25.7602,25.5835,0.6861,51.3424,52.1953,1.6612,36.5458,36.1147,1.1796,2.0849
lUxLaupdCSzNw8q4fe14GroR2HfT3VHUrsgXRzrxlTo,train,26.2049,25.2246,3.7411,23.6121,22.0318,6.6927,50.9154,44.9491,11.7181,32.5512,31.101,4.4551,6.6518
lWTWAj_8Ggp1KXmvc5DKmTkDhb-mVN_oM5CnGCvo5GA,train,28.7797,30.3922,5.6027,26.6265,26.5453,0.3049,54.8546,54.1575,1.2709,38.4568,37.4724,2.5596,2.4345
lWgtN-d-x97h9wtIUhzbOUqyZJ7pa6pGy2HlAIlKbm0,train,33.8261,29.8679,11.7016,27.8335,26.0874,6.2734,53.9315,53.2233,1.3132,36.5499,36.826,0.7556,5.0109
lWosDwk9v0WlDhLh-pvR_9YLzzzL9T3SmzEIt54NWpg,train,23.9365,22.7289,5.0447,21.2004,19.852,6.3603,45.0942,40.502,10.1836,32.7097,28.0239,14.3254,8.9785
lYIW_RGcYd5D7RCfzAn0ZadwEJnbSCD8p-_uq8W4-8Q,train,30.4113,30.6178,0.6789,23.4595,26.7424,13.9936,56.055,54.5596,2.6678,35.2361,37.7506,7.1362,6.1191
lYnZlP0DOfYTeYfFIaR6gxDDuamKtDqT6LX0fHjC8bk,train,34.1619,35.92,5.1462,30.526,31.3734,2.7759,61.7903,64.0078,3.5887,44.1599,44.288,0.29,2.9502
lboDkkqmFWE6Hd7B441lqe_tT2edIVK71nk-nuYJ_CA,train,30.9062,30.2828,2.017,25.7781,26.4498,2.6055,48.4719,53.9627,11.3277,33.714,37.3376,10.748,6.6745
lcbLSCufzIJ9vFTUNBi49vnsYb84DQiJlrX1v6a2wqw,train,25.4035,24.7295,2.6533,22.5251,21.5993,4.1099,46.3887,44.0668,5.0053,33.5771,30.4905,9.1924,5.2402
lciKkBG-mwiMmZ1T6ANT6F5n0r4yrRqOU7BkqpkFgQE,train,32.6878,30.6901,6.1115,27.0622,26.8055,0.9486,53.517,54.6884,2.1887,37.767,37.8398,0.1927,2.3604
lf1daDsTtl1HzV9Oozra0F_D4_8v6DaFaGXiFHp7pGQ,train,28.4877,28.3746,0.3968,25.8358,24.7831,4.0746,46.7233,50.5623,8.2166,35.9059,34.9849,2.5652,3.8133
lfhlyIu2R0DVbQGuCpr1KScCz8_CLUPpzwyD3tc18Co,train,31.8766,34.1786,7.2216,26.7887,29.8524,11.4366,59.2831,60.9047,2.7353,44.2554,42.1409,4.7779,6.5428
lkyhBZH_7_G8UcWiTqBujEauc0CA5LBqBVijmmk50uw,train,28.4975,31.8469,11.7533,24.9097,27.8159,11.667,50.8558,56.7497,11.5895,33.3394,39.266,17.7765,13.1966
llo3NTj2etefabjXxPXIDQOi885hqO0iww42r4iSggs,train,23.243,24.289,4.5001,21.0097,21.2146,0.9755,48.4838,43.2819,10.7291,31.8333,29.9474,5.9242,5.5322
lnaW5eQLv61loM0r1xTxYJ8wylCmL2XFYwqONdjUpx4,train,27.7541,28.007,0.9114,25.4397,24.462,3.843,48.1112,49.9073,3.7331,33.0572,34.5316,4.4602,3.2369
lnscEWH45_MGVPJYyOncmppFc7Ujvf_LH2hvl_MGtOM,train,30.8895,30.7609,0.4164,27.6972,26.8674,2.996,51.4333,54.8146,6.574,37.8414,37.9271,0.2263,2.5532
loDW8BPQvxL-u20OmdRtorKTBUD3qagDBzTDsJvnZTs,train,29.8989,29.2812,2.066,25.9637,25.5749,1.4974,57.1101,52.1778,8.6366,37.1754,36.1026,2.8856,3.7714
lr54cFjU6elmXH8qEEp2x-Lrk8CumglhWnKIoyQQfdE,train,30.9083,31.4791,1.8469,26.963,27.4947,1.9719,54.5381,56.0944,2.8536,39.3147,38.8126,1.277,1.9874
ls9fUnK1573pT7Fyf45tVpKpCusT2RsB8UyhMmloWSs,train,25.2696,25.6992,1.7,22.1001,22.4463,1.5665,47.4319,45.7948,3.4516,31.206,31.6861,1.5387,2.0642
ltfgjZ159mAtD6e8s-nXozz-iUWaVDJ0WrHt8ogs4aM,train,29.0744,29.8606,2.7043,24.9127,26.081,4.6895,52.0608,53.2103,2.208,35.596,36.8171,3.4304,3.2581
lyUguDtiZsg3Gf3UTGaXEJUEbOxRj8I7FhzS6dRdi8o,train,25.9968,25.6531,1.322,24.4425,22.4061,8.3315,46.5957,45.7127,1.8951,32.9726,31.6293,4.074,3.9057
m2Z2lux39g4KvRFrEB5ZT93C6Z2l6ZiXUDnVqL3JDR0,train,24.5059,26.6635,8.8046,22.9015,23.2886,1.6902,48.083,47.5132,1.1851,33.7986,32.8751,2.7322,3.603
m3-xxrOtkDHwzPWWmH0k2JhHuxoCvZySmVljoy4F8JI,train,27.5721,24.5464,10.9738,25.8458,21.4394,17.0488,47.2165,43.7406,7.3617,33.3815,30.2648,9.3365,11.1802
m4x6xWTQBST-ZnQXosv-NbuU8LBARkSV8RUqkyp5wbI,train,27.0903,29.5288,9.0016,25.2742,25.7912,2.0455,50.9613,52.6191,3.2531,37.4836,36.408,2.8696,4.2924
m5iE5ONAl9oOehQUPESjjt3iAA68qXS_JJKffnRNnjE,train,30.8979,29.4683,4.6269,26.7071,25.7383,3.6275,53.5373,52.5111,1.9169,35.9674,36.3333,1.0173,2.7971
m6bnnhstozF5e3qocMoIjdCFW_yH6vh1K68T40-77SE,train,32.2885,36.3919,12.7085,27.2854,31.7856,16.4929,52.8041,64.8487,22.8101,37.2837,44.8699,20.347,18.0896
m70ndgfKAM_jHaYlk3InxW-JioR7M7Jrv51fu-wGer4,train,34.3533,28.5301,16.9512,29.3685,24.9189,15.151,56.3223,50.8393,9.7351,36.9374,35.1765,4.7673,11.6511
m99OQllmKlgocAaVE09co8PhQIg6T-MxzDlrm-0Cjm4,train,32.2729,33.7933,4.7111,28.4524,29.5159,3.738,52.9853,60.2182,13.6507,39.0115,41.6659,6.8042,7.226
mCSg7N-JBEONi5Nx2883EbRygYErTNtcAgsroNR3-hg,train,33.1381,37.8317,14.1636,29.3484,33.0432,12.5893,56.5228,67.4144,19.2694,39.338,46.6451,18.5751,16.1494
mDACIlaNmQ7lp0TMSe1FistXFwAFa2uKV4Hry8vADdQ,train,27.9918,27.3686,2.2263,25.6587,23.9044,6.8368,49.959,48.7697,2.3805,33.034,33.7445,2.1509,3.3986
mKjtVtOlfAQeMaoAtJ6HVmzy2PiT2kqcn3ihTmy3rU0,train,28.9856,31.7023,9.3726,27.3236,27.6896,1.3397,51.4213,56.4922,9.8614,38.9675,39.0878,0.3089,5.2207
mOF2Iw3AQtVD-ztvPCXD16TRq_eNshWti4w2kxpGzuo,train,31.8855,32.1224,0.7432,27.5235,28.0565,1.9368,56.7585,57.2407,0.8497,40.9244,39.6058,3.2222,1.688
mPEeKV6ayBP8AZEpSrOlZH52Y5hGFzTp28UEVFaivvc,train,32.8071,31.6986,3.3788,28.1629,27.6863,1.6922,54.7198,56.4855,3.2267,38.3635,39.0832,1.8758,2.5434
mS42ublMqtTjVWM-sw8on9NbezTgnSeBQSqv7IXUOss,train,25.3704,27.8095,9.6142,22.1847,24.2895,9.4878,43.7272,49.5553,13.3285,31.1677,34.2881,10.0118,10.6106
mTsjIVTuExMqDOs4rgUWzVrk_s-3Y2syQl4NyccrLbI,train,24.0391,23.56,1.993,21.0423,20.5779,2.207,43.7609,41.9828,4.0633,31.8606,29.0486,8.8262,4.2724
mU1drvS29MI7Z3LXMpudK_NMTUwuBHDFilo491kDmqQ,train,28.6868,26.296,8.3342,25.1828,22.9675,8.7968,50.8714,46.8582,7.8889,36.7109,32.4219,11.683,9.1757
mXzX-SN8OC8EIWwSxv7P_JmQIr68tP1bgpx1EW04xNA,train,35.4181,30.6519,13.4572,29.5105,26.7721,9.2795,57.7249,54.6202,5.3783,41.0126,37.7926,7.8512,8.9915
mZBum4Ul2F5DEsR19mBgDeFkIXu1udjoMSO9uRHC9h0,train,33.993,34.6586,1.958,29.3767,30.2717,3.0466,56.971,61.7601,8.4061,39.7082,42.7328,7.6168,5.2569
mZ_PauayAxDb37B_M6Ztfwe1OCaxEISjEWn4byIMrYQ,train,32.684,35.5796,8.8594,27.388,31.0761,13.4663,57.2443,63.4013,10.7556,43.3236,43.8684,1.2574,8.5847
m_DzcHW_ROvQU3vvfw3fLwgO75zkB80mZj8paA3DUME,train,31.464,30.7428,2.2923,27.9633,26.8515,3.9759,57.0066,54.7823,3.9018,38.279,37.9047,0.9777,2.7869
mbIqw88mdJ0jLoDKoLWng-VdsE3YW3oncjIckgb9dsk,train,29.2776,28.7632,1.7569,26.5985,25.1225,5.5493,50.9484,51.2547,0.6012,36.0308,35.464,1.5732,2.3702
me6W9DDi6oFf_-XnSWBG6DodoIp9UmCyc4sX73d9NUk,train,27.4939,29.6813,7.9557,23.984,25.9244,8.0904,54.5319,52.8907,3.0097,36.2974,36.5959,0.8223,4.9695
meW7irc04rTSjma1qnGWxm0czU9rn_s-d2g8j1DczZE,train,32.3538,30.5174,5.676,27.5895,26.6547,3.3882,60.2054,54.3807,9.6747,39.3097,37.6268,4.2811,5.755
mggKD_qrTacSXiWfJBlKFW_9UubvJYtbeJVGPXz_ScE,train,28.1584,27.6973,1.6376,23.9001,24.1915,1.2189,51.2608,49.3553,3.7174,34.0192,34.1497,0.3837,1.7394
mh64Ub_1zlkscJ7gqBynMC8kLMrOcR35SBwCas8jBi4,train,31.1168,26.6509,14.3523,25.5424,23.2775,8.8672,52.0545,47.4906,8.7675,34.5777,32.8595,4.9691,9.239
mnuSQko5b3nfT6pXHFHQCfqFEfgbT-1Ejvb3Ywt_Gxs,train,35.163,29.9439,14.8425,29.5501,26.1538,11.4935,56.2897,53.3588,5.2069,41.009,36.9198,9.9714,10.3786
moSoucNK9FIMD5_Tg6E9GIyDO-hh_E7PZOgFMRoOu1w,train,29.3404,28.8509,1.6682,25.0784,25.1991,0.4812,53.2997,51.411,3.5436,35.267,35.5721,0.8651,1.6395
muEJNrFoTT_vtClaQ-QbYu1poMnNlzel_d1gPHXf264,train,30.8196,30.3969,1.3717,28.296,26.5494,6.1725,55.1924,54.1659,1.8599,37.3074,37.4782,0.4578,2.4655
mv17v5Yut6vxJ99d7SMo7-yJ5OG02y9QWcAUvlYwN9A,train,29.9427,34.2184,14.2796,25.9632,29.8872,15.1135,51.1818,60.9756,19.1352,33.832,42.19,24.7045,18.3082
mxHdyqO0muEOOY8F9RPm4GeZqhWO1pjThEJFK1dkjHU,train,30.3317,28.6146,5.6613,27.2592,24.9927,8.3146,54.1716,50.9899,5.8733,36.4083,35.2807,3.097,5.7366
n-Is4aWHtDfGrZqpwWVO7YjFIZx2yEw2oyt9J8kCks4,train,25.5774,25.7705,0.7549,22.9053,22.5086,1.7322,46.7603,45.9218,1.7932,32.9891,31.774,3.6832,1.9909
n0KH7rUQ0xDsKC2jKU1jnzAUJkk2qOWyDQP0EJFd6-k,train,30.1718,33.6017,11.3678,27.8639,29.3485,5.328,54.6784,59.8767,9.507,38.2273,41.4296,8.3771,8.645
n0yOtw6cF3IUIEvaR2AhQHWDOeeF7ZRxRTaGIh8Osj4,train,32.47,32.1441,1.0038,28.0894,28.0754,0.0496,52.7471,57.2793,8.5924,36.2724,39.6325,9.2634,4.7273
n4BK7cRJclRIbsDzzYnvMCsuAwJrnvrM8RS8dgUrkyQ,train,31.5165,31.6529,0.4327,29.3033,27.6464,5.6543,58.7611,56.404,4.0114,40.2861,39.0268,3.126,3.3061
n7A7slctUm4MtbuaSIKO2lyqaHxpjkbyfD_02oUtQFs,train,28.8689,30.339,5.0923,26.505,26.4988,0.0232,53.0382,54.0628,1.9318,35.3376,37.4069,5.8556,3.2257
n8freJbl-muE-nAC5QYGmba7phosloMOyFMeOxo_BCw,train,34.4159,38.6968,12.439,30.8236,33.7988,9.6522,59.1614,68.956,16.5559,41.4212,47.7118,15.1868,13.4585
nABobY93RIm5CgL2YfJ3aZnXF6_za1yd1oNPrC3bszI,train,30.6163,32.5188,6.214,25.641,28.4027,10.7705,54.0751,57.947,7.1602,36.767,40.0944,9.0501,8.2987
nGpf1Fh-VHoyFqv87PtGf1hj-nrupvL6qdTafPpuTgU,train,31.9201,34.6221,8.4647,29.021,30.2398,4.1998,55.2377,61.695,11.6899,39.0372,42.6877,9.3513,8.4264
nICeaDBtO_qgPeDvXMpKKieTd16GzfPSMb50AhP5828,train,32.5557,30.5085,6.2884,26.7699,26.6469,0.4596,61.2476,54.3647,11.2378,40.3382,37.6158,6.7489,6.1836
nJFMmSoZs5Zs5-RgDcZZn8YTMctB5tHfa-q-Xv1CEaw,train,35.5978,36.879,3.5989,29.8654,32.211,7.854,56.4178,65.7167,16.4821,38.5861,45.4704,17.8414,11.4441
nJJBOqgWjpSrrS1KLVLLXOYuWUq284qw6hLwLsyZZAA,train,30.2788,30.6458,1.2122,26.4626,26.7668,1.1494,50.1432,54.6095,8.9071,36.2441,37.7852,4.2519,3.8802
nL8SIHTjONEByo1JztFA9AVcjrXz9wOHW4yzRYwF_J8,train,30.7363,31.4058,2.1782,26.6779,27.4306,2.8216,56.5584,55.9637,1.0514,36.9431,38.7222,4.8157,2.7167
nMMHWDost2iUl31BLvWh4NSJXHyJYOwmCtahSJmyiSI,train,23.835,24.5738,3.0996,22.2723,21.4634,3.632,48.9564,43.7895,10.554,35.8541,30.2986,15.4946,8.1951
nMxtSMqdaQ8vFXyyv3RjKPaq6_NYNtochvAYm1MyzrM,train,32.5823,35.3878,8.6108,28.7204,30.9086,7.6189,61.0177,63.0596,3.3464,44.5731,43.6319,2.1115,5.4219
nNXq0IilU2cZKESnWGn-mUPihDLruYCPSvRXfQaaV8U,train,26.6315,29.598,11.1391,25.1427,25.8517,2.8199,50.8129,52.7424,3.7972,36.3133,36.4933,0.4957,4.563
nNupwm_XMGtXuPI0XoKClyBSW0F_x8ghtyggcx0P4Z0,train,24.1519,24.6357,2.0031,22.6636,21.5174,5.0573,50.1038,43.8997,12.3825,37.4217,30.3749,18.8308,9.5684
nPHamFdUaSXyGPPAPw-ILDnnHjvnHkP-T5IiOOC0Q_k,train,30.7931,34.0957,10.725,27.9986,29.78,6.3624,54.5834,60.757,11.3104,39.444,42.0387,6.5782,8.744
nPU_MwQ8y7tbsYl3ae8_1bhuRhlK1IZGMWEPZRe9Gpk,train,30.7569,31.4512,2.2573,26.3349,27.4703,4.3115,49.8335,56.0447,12.4639,33.8093,38.7782,14.6968,8.4324
nRatvgqbYTN77typTgGm4bAurxzpvf5nYg2Mb3gdh8c,train,35.3701,40.0379,13.1972,30.5825,34.9701,14.3467,62.5418,71.3458,14.077,39.3931,49.3653,25.3144,16.7338
nUWW4_KfZICmN5fvwIGIwD0ZCRB5Um_URm1-dET6r-Y,train,30.5019,33.3302,9.2727,27.7837,29.1114,4.7788,49.9098,59.3929,19.0006,34.8705,41.0949,17.8501,12.7256
nU_YrRd67Uyc4OjJ9yonyyfzsYLBPYVuQq3ACDVJJ-M,train,24.6477,24.6438,0.0156,22.6455,21.5245,4.9502,47.2035,43.9142,6.9683,34.0202,30.3849,10.6856,5.6549
nV9DFb-Q2_nOAvjVsdQfU8k4fFb7czvAhHHP-qkAxFY,train,36.9682,37.5656,1.6162,31.0246,32.8107,5.7573,64.5412,66.9403,3.7171,45.223,46.317,2.4191,3.3774
nVpOVrjB1lX9c-PX6KRkqdy4OFCNZVUXPMt0NrbfYcE,train,23.754,23.8582,0.4385,23.921,20.8383,12.8869,43.426,42.5142,2.0997,35.8776,29.4162,18.0095,8.3586
nZUlJ3oSfVH51kquU28D-F9NwL3UjnLsxtsY2y6qXts,train,33.9139,32.6251,3.8001,27.5341,28.4956,3.4918,61.8105,58.1365,5.9441,41.8671,40.2255,3.9208,4.2892
nZ_F3FPNpkjfMK-1_NaNvBYB7i3g8W6RuBgWnBRgTfM,train,31.8597,28.6584,10.0482,27.2733,25.031,8.2217,52.5,51.068,2.7278,38.9123,35.3347,9.1938,7.5479
nba34fQdYxD3Bxj1y5BEd1fPxufvWVy9DhQtUfaIH9M,train,30.1602,30.0651,0.3155,25.0967,26.2596,4.6337,54.3103,53.5746,1.3546,35.7111,37.0691,3.8029,2.5267
nby1eL0lqv5vd4YvP53ZyxxZIYlwHkES820Jiiz0opo,train,28.2477,26.6644,5.6051,24.3758,23.2893,4.4572,52.9805,47.5147,10.3166,35.2769,32.8762,6.8054,6.7961
nh_ZxN4DvGlwanngZgV37T3RcojuHQnZE11sWsIw6h8,train,32.915,33.7991,2.6858,27.9769,29.5209,5.519,56.3312,60.2284,6.9185,35.7099,41.673,16.6987,7.9555
nkdZDs67o3e0aM_zZaUqTtkeEM60_ss65FaulUeepFM,train,28.9892,27.7038,4.4342,25.481,24.1972,5.0384,49.6352,49.3669,0.5404,37.1289,34.1578,8.0022,4.5038
nmwUdkQwCmcQiJyo6rrCHuV28ZxXdzKhtDLzrY831HQ,train,26.6903,27.0887,1.493,24.4545,23.66,3.2488,54.1279,48.2709,10.8206,37.7431,33.3994,11.5085,6.7677
no9mEnb8NFxLiMBVByg8fUEehgDTcxNt4M7NPIi_gVw,train,33.8324,28.2811,16.4082,27.1677,24.7014,9.078,57.4663,50.3956,12.3041,38.8568,34.8695,10.2616,12.013
nqv6bwK1uqNLONZs9FpR9thlIWuTS1qH6GJE7dMkFQg,train,33.1186,32.6258,1.4882,28.6024,28.4961,0.3715,56.6939,58.1376,2.5466,39.4993,40.2264,1.8407,1.5618
nsbnyeVNqGE6igHc_yqwmJajcmsYZYWjB0nxkVqAZxk,train,30.0797,28.8451,4.1045,26.8041,25.194,6.0071,53.7805,51.4006,4.4252,41.0184,35.5649,13.2953,6.958
nvr64DIUTZJbg86q3FJTr-oLxmPJ55Cm24d-XIPwzyY,train,35.7504,33.2607,6.9643,31.5723,29.0507,7.9867,60.2441,59.269,1.6185,41.6424,41.0092,1.5207,4.5225
nz2mzZAjLRJlu4yf3pLDwxKY9gL_sw_FVCWP8PyNSRE,train,25.9003,24.9878,3.5234,23.755,21.8249,8.1249,48.452,44.5271,8.1005,33.2877,30.809,7.4464,6.7988
nz721hZrCwq7GrpohgBOLERaZ2oP-ABupauvqlS45fI,train,21.4979,24.0368,11.8103,20.7641,20.9944,1.1087,44.1806,42.8325,3.0512,32.9168,29.6365,9.9655,6.4839
nzXOIrME2nqNezEfWx5KEho04ts4yIAklDSTuurjdZ8,train,25.7714,26.8825,4.3114,22.0676,23.4799,6.3996,47.8595,47.9034,0.0919,33.4516,33.1451,0.9162,2.9298
o-_gWQyCnze7uTFo_sg8XmTniRktMdxB4P0EGtKaMY8,train,26.2071,26.843,2.4264,23.4429,23.4454,0.0103,48.4054,47.833,1.1824,34.1425,33.0964,3.0638,1.6707
o22WPLRUOVf1tlPThlczPc5xAAx1WMdRP-Xn_MhHUGI,train,31.3044,28.1641,10.0314,27.234,24.5993,9.6744,54.6935,50.1872,8.2392,36.6127,34.7253,5.1549,8.2749
o4H4g9fCPDr3Xo2y94JrLOdXILEkFoThmXshoJIlXNA,train,33.5135,29.6996,11.3804,29.354,25.9404,11.6292,57.1417,52.9233,7.3824,39.3972,36.6185,7.053,9.3612
o7s58PUTsT5yQd8DXsSetqhtl2BHn-coxbDQIC4PKL0,train,23.803,23.8446,0.1748,20.3495,20.8265,2.3439,44.4113,42.4901,4.326,30.8054,29.3996,4.5637,2.8521
o8I7BC05vsyAYnyPOuAj4_XmXRQ9jB_gHDSlzU4zXUU,train,29.0364,25.6429,11.6872,23.7547,22.3971,5.715,51.9148,45.6945,11.9818,37.1417,31.6167,14.8753,11.0648
o8_091aPCfhmP8-DLu5nr5RXd-uGjUUZSX7Bqj-DcIA,train,27.6964,28.349,2.3563,24.6051,24.7607,0.6323,51.1469,50.5166,1.2323,35.4252,34.9533,1.3321,1.3883
o9nOvUoHnwP2VDsgiu6eWZT9-w2k3xcdrXzS_3USI6c,train,31.7039,29.0874,8.2529,26.9347,25.4057,5.6768,52.7731,51.8325,1.7823,38.4077,35.8637,6.6237,5.5839
oCR2_jIGeAq0IqYJOiompcg3HuhvGx3G8cstwrxai7o,train,31.7548,30.1115,5.1749,28.5522,26.3001,7.8877,57.4493,53.6573,6.6006,40.4263,37.1263,8.163,6.9566
oD8YJ6R_haD-1PxgZIfodoEgImW0px7SWqq-p-r64dI,train,28.6323,26.9347,5.929,24.933,23.5255,5.6454,52.8497,47.9965,9.183,36.5953,33.2095,9.2519,7.5023
oGloXV80eCkx0G3DK31azJi7hXg0OWlgkMxLf1UTyzQ,train,28.3221,31.4979,11.213,26.6604,27.511,3.1907,51.8627,56.1278,8.2239,37.3425,38.8357,3.9987,6.6566
oHv-WsmLya2pGjXGy7Mwj9Zcw_Wh1D7VjiZDysIuTL4,train,31.8259,33.3908,4.917,26.9912,29.1644,8.0514,58.2101,59.501,2.2176,40.6525,41.1697,1.2721,4.1145
oI_BOnigfzo5Jsd5owKqNQ1kATGsx3AM4knkcu9Uato,train,27.3976,27.8019,1.4758,23.6229,24.2829,2.7937,49.5611,49.5418,0.0388,35.0658,34.2788,2.2445,1.6382
oMB3E-44PX48RlnlBdI5NDIZr6gNJHUvT_ttGa6SGi0,train,29.4818,27.0775,8.1553,27.322,23.6502,13.439,51.9421,48.2509,7.1064,38.6003,33.3855,13.5096,10.5526
oP0OgazySv5ASkVhP55xjlxtlUkANhXAiKB876Y898s,train,30.0946,29.632,1.5369,27.5434,25.8814,6.0343,52.2946,52.803,0.9722,37.3644,36.5352,2.2191,2.6906
oP_caYV94VClEmcKqdXPcwfMeQYmYdeW5LbFijNGoDE,train,32.8418,30.6052,6.8103,29.4567,26.7313,9.252,57.5447,54.5371,5.2267,39.8471,37.7351,5.3004,6.6473
oPk9abx21incMw-PVVX2KFDa_-S5yjwVTV6p77DB46M,train,29.549,31.3533,6.1061,25.6218,27.3848,6.8807,50.2928,55.8702,11.0899,34.2636,38.6575,12.8239,9.2252
oS_C1MttlvoWAwgApjtE5SKqUsaolFgKCOnaqaBlijY,train,27.9967,27.6443,1.2588,24.2653,24.1452,0.4949,50.0698,49.2609,1.6155,36.3542,34.0844,6.2436,2.4032
oSmR2EI7gSPSK6CMthxoVUFU3BJ93YaAMVnCF4EmSz8,train,28.9395,29.9832,3.6062,22.5186,26.188,16.2953,55.7888,53.4286,4.2305,38.236,36.9681,3.3158,6.8619
oT7XIx-YigVXnuotaCPDB23dc_zQ6hb0UyWUf_Y2tnk,train,28.0013,27.9006,0.3598,24.0235,24.369,1.4382,51.4543,49.7176,3.3753,35.7336,34.4004,3.7309,2.2261
oTn7L_Kt7bdAz045HTeD7Y2ttCliS8s4ZEbzic1Uj7g,train,27.3559,27.3276,0.1034,22.8226,23.8686,4.5829,49.7179,48.6965,2.0544,36.1655,33.6939,6.8342,3.3938
oUuBVZfCJazF-eHB_8vEqHuLJsp_EpzDzEM_ipglDEo,train,24.7828,25.1845,1.621,21.9413,21.9968,0.2531,46.8015,44.8777,4.1107,32.4081,31.0516,4.1857,2.5426
oWFBFFV2dtIyJFBBpNkjkPQ5nQBChrUWbW6wxMrxYWE,train,32.0948,33.8511,5.4724,26.3125,29.5664,12.3667,56.0235,60.3212,7.6714,42.2931,41.7372,1.3143,6.7062
o_P4XZjstn1eM91yD9l-jZt4i4zQRxyWh2IjXFPvc3U,train,26.7951,26.9592,0.6123,24.2547,23.5468,2.9186,51.315,48.04,6.382,37.1662,33.2397,10.5649,5.1195
oc2h59m5ItO-p044Geg0H9hF4F70AXkcfA-88K7Zh7A,train,33.8198,33.8239,0.0119,28.8569,29.5426,2.3762,55.267,60.2726,9.057,39.8001,41.7036,4.7824,4.0569
ocXcj8WETZi5Gd2VKpBnoNe8WFBcro0dRSKIaAWp7g4,train,34.1117,31.1838,8.5833,29.8567,27.2367,8.7754,55.4189,55.5681,0.2692,39.057,38.4484,1.5581,4.7965
oenot-0aaDdOZghQnGD7HJUBTM0mLIfdHyxN_IsrTCU,train,35.1628,38.9516,10.7752,29.6856,34.0213,14.6055,62.9704,69.4101,10.2266,40.2235,48.0259,19.3978,13.7513
okmi0_4jJE4x4oUzQGWqaUr7qAXVZmr0M0sWv-wRfCw,train,23.2458,24.4935,5.3674,20.7833,21.3933,2.9348,47.7421,43.6464,8.5788,34.2787,30.1996,11.8999,7.1952
olb1KgewwcknV3nvvfqj3tJrItnXb0boVYwQGAC6dAI,train,31.4962,30.9645,1.6883,27.1564,27.0451,0.4098,57.2071,55.1773,3.5482,38.633,38.178,1.1777,1.706
olebiZEFHBIYnjmdGYj2D11Xweg7woG3LoXZ3xeSfIA,train,29.2361,29.391,0.5301,24.4322,25.6709,5.0697,57.6582,52.3735,9.1655,36.5172,36.2381,0.7645,3.8824
opf_R-6m4iNqlLydoA2fqsvTWLcCUJAUaY0T8OQlZuc,train,32.1953,34.2524,6.3896,29.3024,29.9169,2.0971,53.6442,61.0363,13.7798,39.4288,42.232,7.1093,7.3439
oqyH_veC46ItEB8qeSDlvqg4-GdVD74zXF5Ntiqju_c,train,31.4843,29.0629,7.6906,27.5075,25.3843,7.7187,56.1334,51.7889,7.7397,37.6012,35.8335,4.7012,6.9626
os8rca5LifuemvkzoB9-axuU67-vtctY_IUwtoC3oQY,train,32.5963,33.3117,2.1945,25.2022,29.0952,15.4471,56.1971,59.3599,5.6281,36.6118,41.072,12.1824,8.863
otv0DP1zrEXrxW55YauWB0pfe7NayeXsvMyzJFUmwfw,train,37.9112,41.329,9.0154,31.9643,36.0978,12.9315,67.472,73.6465,9.1511,46.8274,50.9571,8.8191,9.9793
ovNyxkRrq34hkn8P45dbvUPCZg6t3Qb6Iphtrxeqd1Y,train,34.754,38.6374,11.1739,25.908,33.7468,30.2564,60.3904,68.8501,14.0083,37.1328,47.6385,28.2921,20.9327
ovnBSPqpMWFe7XvT7u5nWpfi6FqnMUN45JfWEPw5ieY,train,30.3059,31.7804,4.8651,24.5562,27.7578,13.0377,55.0787,56.6312,2.8186,37.5298,39.184,4.4077,6.2823
oxkxGp4O5kRM_yq45ZJMHouX_gxIjQnW3X0DzFAgbx0,train,24.8847,24.3497,2.15,23.0988,21.2676,7.9275,47.3478,43.39,8.3588,36.5281,30.0223,17.8105,9.0617
oxzahShpwTQze5nBX1K1MEam1UYQO9hhMx1zr0E08cs,train,27.0122,28.4209,5.2152,25.3921,24.8235,2.2389,46.8231,50.6448,8.162,34.5745,35.042,1.352,4.242
oz15nKHCHoQdBfn6TI7s2hgG__qe6NVVjwNYEKf8uLU,train,31.6871,32.6167,2.9338,26.5427,28.4882,7.33,56.104,58.1215,3.5961,36.9442,40.2152,8.8538,5.6784
p2B4yI1jryEWWbCCxGaBlXZf-6KhftowvESTZC8Sk-c,train,30.294,26.5254,12.4402,26.2969,23.1679,11.8986,47.1204,47.2671,0.3113,33.1164,32.7048,1.2428,6.4732
p6OY-E1DhH9SvcX_Qzm8cEniMCLJxRAWANGHBaikc9c,train,28.9801,29.5245,1.8785,25.947,25.7874,0.615,48.4043,52.6113,8.6915,34.4426,36.4026,5.6907,4.2189
p86gFKi4pupsfPfBKxQfGWFRh8bDdRQ7MFJFmDT9b6Y,train,23.2557,25.2064,8.3881,21.2915,22.0159,3.402,48.3002,44.9166,7.0053,33.2341,31.0785,6.4861,6.3204
p9UBBzONdLw1-ebQJIVkn4mDOHLN0qQx1RnWnqksvu4,train,30.8894,26.5457,14.0621,26.3828,23.1856,12.1183,56.2401,47.3032,15.8906,37.8132,32.7298,13.4433,13.8786
pK4RpWfdiM4ahJRpUMBX0C1RAg8HoB1Q9L2SO13tW4I,train,36.8479,37.8046,2.5963,31.6319,33.0195,4.3866,57.7121,67.3661,16.728,39.4932,46.6117,18.0245,10.4338
pKRLPLEKQlOAYkS3cSoDzCvwIHDUu83thaeib6rgK9M,train,28.1206,29.9895,6.6459,25.3181,26.1936,3.4579,53.0355,53.4399,0.7625,35.471,36.9759,4.2427,3.7773
pLH84ObNWBL9AUJx-t3hJIuOr9T3qpFJFHnXtfrgNmY,train,29.6143,25.3804,14.2968,27.7129,22.1679,20.0086,48.1805,45.2268,6.1305,36.602,31.2932,14.5044,13.7351
pMnXRR4wol-MqJYDEWJNQo91TG9sdN2LJPzQEZjnroc,train,29.8801,30.7225,2.8192,26.0643,26.8338,2.9522,50.0463,54.7461,9.3909,32.9996,37.8797,14.7885,7.4877
pPjzmrsxYBEszhwDcZQV900uT3FQYYtzNqwFhyGZB6o,train,27.1045,29.4963,8.8242,24.4809,25.7628,5.2361,52.5478,52.5611,0.0253,30.8703,36.3678,17.8086,7.9735
pRw9geCWNea0tK6RKkIE92d7e9FJl6Yz7t14twoTQPo,train,28.5242,30.4174,6.6372,28.0526,26.5673,5.2949,53.1265,54.2024,2.0251,38.3435,37.5035,2.1908,4.037
pUBjnp1v-_G6KQHymv70x4a8qg_r_f-L7RbMKnMbNC4,train,25.5424,25.9447,1.5752,24.0149,22.6607,5.639,42.8728,46.2323,7.836,34.0179,31.9888,5.9648,5.2537
p_yVcHIa8_0dKhYnZw7I5Ye4ilVTfGUp4pwqdcjGKZg,train,35.9343,39.3756,9.5767,30.2459,34.3916,13.7067,54.5695,70.1656,28.5803,41.5856,48.5487,16.744,17.1519
pcSg5EC6_9nB-gF5hay8T1OenZX3-08HESOONNxdlFE,train,34.3625,36.1983,5.3425,26.4029,31.6165,19.746,57.9808,64.5037,11.2501,41.29,44.6311,8.0918,11.1076
pdXpp5PYFQJ7GLK53JO7ASvIMtofhcr8LJNqMCS4YWo,train,30.1516,33.6148,11.4859,24.7797,29.36,18.4841,56.1243,59.9001,6.7276,39.3141,41.4458,5.4221,10.5299
pencMfrIHPxVhUCSU46MG-GTnQQ2Wi7TADySsumy80E,train,26.4334,25.4194,3.8361,22.9142,22.202,3.1084,51.8172,45.2963,12.5844,35.4968,31.3412,11.7069,7.8089
peqbN0eHFV0JIsHpIDwxcN9iRKDbQRyZj8Z9LX12cO0,train,35.3862,32.9869,6.7803,30.2415,28.8116,4.7283,59.9926,58.7811,2.0194,39.5835,40.6716,2.7489,4.0692
pfP1nZB-5-E3EXZwDe2oFWA8ymDVcLt0kfV2IQOmGlQ,train,28.0127,29.744,6.1804,25.2721,25.9792,2.798,46.6139,53.0025,13.7054,33.9627,36.6733,7.9809,7.6662
pgaplaTaTizCWwkyY-h3YOyc7DjT3EYcLoZ7Y-wKaR4,train,30.541,33.5874,9.9745,28.2635,29.336,3.7947,56.1944,59.8512,6.5074,40.0866,41.412,3.3064,5.8958
pgzn5uA5mmZ0azyffDXXtJb5jnJMN_NeZL3kbGoCnvw,train,32.8111,34.5929,5.4305,25.7136,30.2143,17.5032,47.8536,61.643,28.8158,33.4853,42.6518,27.3745,19.781
pkM5J5U7Np7qVseeF6PLdqZWQdOcDRVOqPo96OiweP8,train,33.1192,38.7891,17.1197,30.3225,33.8794,11.7304,57.5969,69.1205,20.0074,43.5778,47.8256,9.7475,14.6512
pqOj_7-f3y7QFL8czSo4PF7CyeEAuJctuGbMvsnm4I0,train,30.0945,32.3763,7.582,27.8199,28.2783,1.6477,50.6159,57.6932,13.9824,38.796,39.9188,2.8943,6.5266
pyuLlOYPSylmUA3brMMlIpsuuizSfDnj7U_OmaMT1A4,train,32.4456,31.5357,2.8044,29.439,27.5441,6.4368,55.0183,56.1953,2.1394,38.7165,38.8824,0.4286,2.9523
q-Kf4CuidPFk5_kK6wmkeYfRrU4pfRvIgdkDeUAS-bs,train,34.0152,32.6551,3.9987,29.4464,28.5217,3.1401,60.3957,58.1899,3.6523,40.5009,40.2625,0.5886,2.8449
q29Ka7U5AnBBzFK_CLTWyiYURy4qRpXDfow3l0wt7Is,train,28.903,24.8222,14.119,26.7373,21.6803,18.9134,48.9355,44.2321,9.6114,35.0887,30.6049,12.7785,13.8556
q68ers8KpX1SPgX0jbGF-cK0SOLGfikQ_tJlyhVGO_Y,train,29.9406,28.8493,3.6449,25.1385,25.1977,0.2354,52.6235,51.4081,2.3096,36.5669,35.5701,2.726,2.229
q7AXDs_MHxY00kv_zS7RiWNhO5PT44Dq9WdTIg4vJOQ,train,30.1483,28.0656,6.9081,26.2512,24.5132,6.6206,51.5834,50.0117,3.0468,33.0436,34.6039,4.7217,5.3243
q8H1M2ZEMD0L5qVG6bYCYULEM9nJ1AnGfSwVD3ZHqzY,train,33.3504,30.296,9.1585,27.9061,26.4613,5.1773,57.6223,53.9862,6.3103,37.3701,37.3539,0.0433,5.1723
q9BBi3lldQ6SpNgO0ZLVR1HF0zJ02OowzMoPc03_sAM,train,30.9296,34.832,12.617,27.4049,30.4232,11.0137,52.7274,62.0691,17.717,35.2294,42.9466,21.9056,15.8133
qC0CjHxBS8YG9nJlbKCjTagOLAuGjeh88yhjMdpJTPk,train,24.3828,24.5535,0.7002,22.5899,21.4456,5.0653,48.6871,43.7532,10.1338,35.8938,30.2736,15.658,7.8893
qKH6FInPqriy3flix8U2ftN-0-jcGKl24kiwk9ZTZwM,train,43.5432,41.6725,4.2962,31.2207,36.3978,16.5822,60.1082,74.2586,23.5415,42.4996,51.3807,20.8968,16.3292
qMSCpa4ImZX2Xq_Lxv5Dk_6kC9ky4gHUuXH-B2vJ0nw,train,37.8978,39.4369,4.061,32.206,34.4451,6.9526,60.9546,70.2747,15.2902,43.9388,48.6242,10.6634,9.2418
qO2JJJ3Ee8e_vihSLCUd_lLPfQfBkBsw3tFVMmy94MI,train,29.1101,28.513,2.0511,25.693,24.904,3.0709,57.369,50.8089,11.4349,37.126,35.1555,5.3077,5.4661
qQOTtZI_-c558xi6ylqreJDMn_bffPbdd1ZmKGJTKvA,train,35.9596,36.2943,0.9307,31.9913,31.7003,0.9094,62.6839,64.6748,3.1761,42.9885,44.7495,4.0966,2.2782
qQo_oIPiQ5oiU6FKlKj0rQl95bc57Mf2fx4ZfLoCMsg,train,30.5983,29.6389,3.1355,26.8906,25.8873,3.7308,54.5748,52.8152,3.2243,36.8314,36.5436,0.7812,2.718
qS2_LwZ498JjhCo8GH05WxJwGZ0obuoTjp3ZbGZEKWo,train,42.4141,43.5486,2.675,29.3272,38.0365,29.6969,66.4221,77.6017,16.8313,46.6891,53.6939,15.0031,16.0516
qS9bgiy-nVA3MQvrhB5ffqRlkn7njLlUgue_gZbHF6Y,train,32.7,32.8728,0.5287,28.4022,28.712,1.0905,52.9361,58.5779,10.6578,38.0924,40.531,6.4018,4.6697
qUc9UKQvP2c1JVM4aDHOEkXlKASHf1cXEEvpw-jAlxY,train,39.9054,41.416,3.7854,30.0994,36.1738,20.1812,63.3414,73.8015,16.5139,40.3367,51.0644,26.5956,16.769
qVgPlaShYxE8kMc1gKBzUkgjkKwH67HD-I489HIo_Is,train,36.8306,33.1676,9.9456,28.8529,28.9694,0.404,59.9645,59.1032,1.4363,41.1262,40.8945,0.5634,3.0873
qYlb2EfOLZbw-sluXUOq5gcJJqpWXrFDdguVbtfB6Z0,train,30.514,32.3975,6.1727,27.9658,28.2968,1.1833,55.7149,57.7309,3.6183,39.6624,39.9449,0.7122,2.9216
qZ7bhYR_ffKpcpSwBqoIIKCnWKb1wcGqnJaP-iBdGIY,train,28.7549,29.9709,4.2288,25.5334,26.1774,2.5221,57.0002,53.4069,6.3041,39.7498,36.953,7.0358,5.0227
qZXI0SfrYMQ8UCci1ry2-9K98F_CxJ8Pg67dqwe3a9E,train,33.1222,32.9067,0.6507,27.9675,28.7415,2.7674,56.3191,58.6382,4.1178,39.6036,40.5727,2.4469,2.4957
qc3FfHbr8eUQpyG0rmJ-RY_9IBS_Y5HiPO6S5hmvdIY,train,30.6529,27.5626,10.0816,25.2772,24.0739,4.7605,58.6031,49.1153,16.1899,38.8332,33.9837,12.4882,10.88
qczUZadyi4UuYVWLLDxHzbgY7ijckkCjpCx8k3lj2DE,train,31.4526,29.0721,7.5686,27.1076,25.3923,6.3276,51.064,51.8052,1.4516,33.9229,35.8448,5.6656,5.2533
qdsEw-Dvb_xmFa6q7s-GuqdxNzWLX7xR7e3PQfehp4o,train,26.4426,25.0114,5.4124,24.073,21.8456,9.2525,50.114,44.5693,11.0642,34.9413,30.8382,11.7429,9.368
qeRW33RGf_zYM3td6IuiK2CDD_9-kpNG12W6DWZ991A,train,26.5529,26.2888,0.9946,25.1938,22.9613,8.8614,51.101,46.8455,8.3276,40.9662,32.4131,20.8783,9.7655
qep3n84aaCKasBgO2BeR31QM8ZpVgzLqezLOAO_k3tU,train,29.0673,32.2386,10.9103,26.76,28.158,5.2245,57.5699,57.4478,0.212,39.151,39.7491,1.5277,4.4686
qg64n2zB1ne740AL2hZHPDEyZg-bZ-55iWscPgYh74o,train,35.0389,33.7304,3.7344,27.9785,29.461,5.2987,59.7564,60.1061,0.5853,42.4032,41.5884,1.9217,2.885
qj0NOy4kSIpFvObGgE8skb1QToexAhxbWYMp1-UVgX8,train,27.4259,24.873,9.3086,22.5784,21.7247,3.7811,52.2202,44.3225,15.1238,35.175,30.6674,12.8147,10.257
qjI5gzFZD5ngTks54SsoluCXKJzmR0yh7utNvmupAvA,train,32.1873,34.9751,8.661,28.1368,30.5481,8.5701,55.5951,62.324,12.1034,39.6182,43.123,8.8464,9.5452
qkz_UfSXcjp8o00AfqoYSjbNMb-eyPPlCHaTQFRoo5s,train,25.7396,26.8115,4.1647,24.1166,23.4178,2.8973,47.2016,47.7769,1.2189,33.2364,33.0576,0.538,2.2047
qlh6EoNuOlq4KifOwd7sb0yK_jvvb0iPEOngcregPcc,train,29.7091,34.1277,14.8729,28.1254,29.808,5.9824,53.3971,60.814,13.8901,39.766,42.0782,5.8143,10.1399
qqTK7jXl6nUoy-hIAa5PKc0PZpdTZ5l8PHtodgNN_Eo,train,26.9941,25.0495,7.2035,23.8155,21.8789,8.1316,47.3504,44.6372,5.7301,31.1521,30.8852,0.8568,5.4805
qrVKaC58VtESle4b_JRoEpCYYt6Kmyooh4yY5RpFmkM,train,24.4488,24.3825,0.271,22.6689,21.2963,6.0551,48.5083,43.4485,10.4307,32.7126,30.0627,8.1005,6.2143
qsGuLS0t2DexoLPkV8YHaP83ZOSZRpFyk19opV6sfrQ,train,29.8601,33.318,11.5803,25.6023,29.1008,13.6649,52.2176,59.3712,13.6996,36.0526,41.0799,13.9444,13.2223
qte7wJiIBIyLyRkpph7yIEKvsPSFXWsx1rKn4K4KNjk,train,26.5657,25.949,2.3216,24.0414,22.6645,5.7271,45.0655,46.24,2.6062,33.6762,31.9942,4.9948,3.9124
qxaAxeRsvyxj304VJr5dNo6GRTvgg9Bdp_kozDvu6o8,train,34.5708,27.3982,20.7475,29.3883,23.9303,18.5721,56.686,48.8224,13.8722,34.8783,33.781,3.1462,14.0845
r07mJnfLAzgEyz5m_Y10pk_bmMwES4T4UiAqeD8petY,train,31.0936,34.6274,11.365,27.3761,30.2445,10.4777,51.0281,61.7045,20.9226,37.7203,42.6944,13.1867,13.988
r0LT9iFmm69nvU2IOfa2IqEOmYvLbJ_kwZF2xw4CcxM,train,34.2188,27.5678,19.4367,28.1196,24.0784,14.3714,54.842,49.1246,10.4251,35.7715,33.9901,4.9799,12.3033
r1QbDZDoHtvpjsh3VrHS3khZg6_tDrsNZaR8OsoT_So,train,27.3583,30.4848,11.4279,25.7265,26.6262,3.4972,53.5845,54.3226,1.3774,36.8705,37.5867,1.9422,4.5612
r51xiWOSHi5mURV_03yspWiI8q1wvlXqwlVn88NNcb0,train,29.4607,28.2795,4.0093,24.8932,24.7,0.776,55.051,50.3928,8.4615,36.5527,34.8676,4.6101,4.4642
r53IS9V3EcytvMNW2hk3t_CiKvIdj6AphqbbiMy7rSc,train,28.9052,31.9855,10.6566,24.3961,27.9369,14.5141,47.6129,56.9968,19.7086,33.2407,39.437,18.6404,15.8799
r67a1MX5mFytfJ6cLSrl30wQyc19CYcYWr5wuoz8GV4,train,42.6637,40.8561,4.2368,32.4748,35.6847,9.8845,66.4258,72.8037,9.6016,43.9777,50.3741,14.5444,9.5668
r6LX8wM1sDhOh00gUNbyvkIxaMi_IjeFBIPyT4nH2eU,train,29.916,29.6017,1.0504,26.2209,25.8549,1.3957,51.6764,52.749,2.0756,35.209,36.4978,3.6605,2.0456
rBm27O5ZrP9rBC42jUthUitX75oq8ro6WrJdzyjKx_g,train,27.9143,27.8176,0.3464,26.6934,24.2966,8.979,52.7303,49.5698,5.9938,36.3393,34.2981,5.6171,5.2341
rFUJ4sAg0xJpMiKyCvjFG1t15y-fUlnBwpCJyti9lHU,train,27.8195,26.9104,3.2679,23.7515,23.5042,1.0413,55.2232,47.9532,13.1648,35.8617,33.1796,7.4791,6.2383
rK2atJFxHpSGXjwbvuYsSDsE9FuZYBY1-pTFM4NfxIE,train,31.0782,28.3882,8.6556,29.5236,24.795,16.0165,54.0507,50.5865,6.409,40.1668,35.0016,12.8594,10.9851
rLy5q5GzDMlUYUv7CAo2X89t0qncU_-j15zxHuxCHoQ,train,27.4338,28.0476,2.2375,26.0897,24.4975,6.1028,52.9589,49.9796,5.6257,36.4316,34.5816,5.0778,4.761
rOQGLF0OBGELMkPJY-JjgIMCcUO2PYAMdhMRVi_kpBw,train,32.0559,33.4803,4.4434,27.613,29.2425,5.9013,54.2707,59.6604,9.9312,37.8927,41.28,8.9393,7.3038
rQEW2xANPRFnYpwxbKMqPRbLJhObWL6LuXKOnJQmaWw,train,27.2358,29.881,9.7121,23.2165,26.0988,12.4149,54.2752,53.2466,1.8952,34.8252,36.8422,5.7916,7.4534
rUaxG5kxy4etiiPjgxnSoJG7w6cotHpyuuo-nHkSccE,train,28.833,33.0243,14.5363,26.8391,28.8442,7.471,54.5009,58.8478,7.9757,39.0406,40.7177,4.2959,8.5697
rUc4yxBryYIYNvtwQfEXmFbgPyKVjeyD2wBIvez1ybA,train,31.4576,37.8236,20.2367,28.7932,33.036,14.7355,54.2115,67.3999,24.3276,38.455,46.6351,21.2717,20.1429
rUi9LOZOzNvEIft3iJ1Upf8rNtLDXnwD18IAqudZ2aU,train,33.2871,33.3532,0.1984,28.7997,29.1315,1.1522,51.8858,59.4339,14.5473,38.5374,41.1232,6.7098,5.6519
r_M-e-dMjS9OIngF7UjeJnmTDwuFUh-8Qdfz1B-W7X8,train,32.1333,28.2314,12.1428,28.6884,24.658,14.0488,51.048,50.3071,1.4514,37.2154,34.8083,6.4681,8.5278
rb3jDSFUBedt6RwCFpsqYMWbUev_VfQHdsgl53MsB-s,train,34.2604,30.9298,9.7215,29.3275,27.0148,7.8855,57.5757,55.1155,4.2731,36.7029,38.1353,3.9027,6.4457
rbqXSO8r3ptq7WprPA1JX6__MhYsUVsfts58LQjoBfk,train,31.5806,30.9395,2.0303,26.7089,27.0233,1.1772,59.1368,55.1327,6.7709,39.4074,38.1472,3.1978,3.294
rhUrMSeO7Nb-lPQHSDizeYFdm1ZkYzFozoaL92zkAZ0,train,23.4723,25.0733,6.8207,22.1443,21.8997,1.1049,44.899,44.6795,0.4888,31.4362,30.9145,1.6596,2.5185
rnCbgkcKJEpmQCBF_ZhCFcTMWiXF7AL4txLtprZ-rS8,train,31.2836,38.193,22.0863,27.0833,33.3587,23.1707,61.6014,68.0583,10.4817,41.2423,47.0906,14.1803,17.4798
rnKJYS0diYIKNKmo0QhQfu6Y1RNxQE909ig7dvEnhPY,train,31.1569,29.4043,5.6251,26.9865,25.6825,4.8321,51.0063,52.3972,2.727,35.1915,36.2545,3.0205,4.0512
rn_dgos7KqrbFrABkiPVEAjWMn-tIOqu53KliC4yzus,train,33.1699,32.0834,3.2755,29.275,28.0225,4.2784,53.5077,57.1712,6.8468,38.4342,39.5577,2.9232,4.331
ro7fbgrTpvIYxNOi6U2xNVTW0NgXJavWXzbY2gww5DE,train,23.8739,23.5862,1.2052,22.1238,20.6008,6.8841,49.811,42.0296,15.622,35.7221,29.0809,18.5913,10.5756
rp_bxD01AdOZy0FS06mBgDSM5Dl6OnRh8IhfyUTeY04,train,47.7875,43.6409,8.6772,32.2394,38.1171,18.2312,80.7343,77.7662,3.6764,50.4274,53.8076,6.7032,9.322
rqtGE9A1rD3A4SmA9Yqwi30ipbXcpspJpBDoRyiBUR0,train,28.6233,27.758,3.0227,24.8663,24.2446,2.5005,54.844,49.4636,9.8104,38.6749,34.2246,11.5068,6.7101
rsEsfaP1dnCyh9yJzWRO0Ku08gXboR0XWeXMM2BiiGI,train,27.7802,27.8001,0.0714,25.6592,24.2813,5.37,54.156,49.5385,8.5264,36.7631,34.2765,6.7639,5.1829
rtGBTi9ZE83FssWFBZJvFi5v52WDBjqIzHJqfhYaDRM,train,30.3497,30.9344,1.9264,27.209,27.0188,0.699,51.4188,55.1237,7.2053,37.0339,38.1409,2.9892,3.205
ruUChlhWH6x7TjiSLy_KREcgFsU0wQEcCf25PKt10OA,train,32.5153,34.6203,6.4737,26.9273,30.2382,12.2958,53.6513,61.6917,14.9866,39.9138,42.6855,6.9443,10.1751
rwNErR4KYZAKDumaBGC0fMvhVtJa46wtR7SNo1CmNew,train,24.1317,24.4322,1.2456,22.1617,21.3397,3.7089,49.4233,43.5371,11.9096,33.8208,30.124,10.9304,6.9486
rzu2ZrU0Un51iqokosFv06qyd8NnxkFc2PtpHTqQmOU,train,30.0649,33.1423,10.2358,28.3772,28.9473,2.009,51.0437,59.0581,15.7011,38.7668,40.8632,5.4079,8.3385
s4AP8XbPAce8ZoyzTFFkrlAfLcAQqQu_H2hmMfICdoE,train,31.1156,34.0259,9.3533,28.0348,29.7191,6.0081,55.4655,60.6327,9.316,39.8495,41.9527,5.278,7.4889
s54yIZNewRa3lzGAm5m3geWsbCp6MKlTEJ-t5WEeY8k,train,27.7418,28.9415,4.3246,25.0217,25.2783,1.0255,52.5795,51.5725,1.9151,39.168,35.6838,8.8953,4.0401
s7ogioDf1U8mqqsD7r99clapeOQQfyr55h2X3ap3XJE,train,27.7897,27.8064,0.0601,24.8097,24.2868,2.1078,51.2932,49.5497,3.3991,36.7646,34.2842,6.7466,3.0784
sCEkfbrKxA6OqB5WZ6HKBdaoenNQrFoQxjlt8xdjO68,train,32.9898,31.8983,3.3088,30.3117,27.8608,8.0858,61.3787,56.8413,7.3925,42.9334,39.3294,8.3944,6.7954
sGpcX0Yq8iMy7jj5gJEpMC-1YcvbNWitT5S6X5YYhJI,train,33.8804,39.0828,15.3554,29.2115,34.1359,16.858,61.4463,69.6439,13.341,43.0956,48.1877,11.8159,14.3426
sMKDTMq0K_2kq4Rm3JYEPP9XgLwkcLoEBSBREGgpWWI,train,25.1004,28.2124,12.3981,23.7192,24.6414,3.8881,48.476,50.2732,3.7075,34.2669,34.7848,1.5115,5.3763
sUCS7u8WIN8oyROc76GB5lrMQKk-ihfjZysBJn0EG2M,train,34.0989,32.5499,4.5424,30.8319,28.4299,7.7904,60.6193,58.0025,4.3167,41.9358,40.1329,4.2992,5.2372
sV2bCzbq3Km3o9m2k5DndlwmYwylBErPqag8rRhOh8w,train,29.5685,28.1179,4.906,26.0095,24.5589,5.5774,52.0646,50.1049,3.7641,37.0249,34.6684,6.3647,5.153
sXMhWLtO-Da_hqX7tZlbP-bn59Js2Y0HD97v0XootWU,train,28.5165,28.4392,0.2712,25.4897,24.8395,2.5508,48.4235,50.6773,4.6544,34.1694,35.0645,2.6195,2.524
s_KuB0FTrJowaJCSsCAvl-4zKP_oPTv3VjKQlyXI1z4,train,32.2476,34.2149,6.1008,26.5267,29.8842,12.6567,59.7349,60.9695,2.0668,41.3436,42.1857,2.0369,5.7153
sbQvj1s6jkDVhXgQ-r25lf6vvSl0TrHiz6OjVrWpd9g,train,32.7113,30.4244,6.9912,26.5392,26.5734,0.1291,57.678,54.2149,6.0042,35.6373,37.5122,5.261,4.5964
sjwyDUSvxsLtz0E-a3Nj5d5-qcL0R4MQiS0oFjPKacE,train,33.2456,28.6345,13.87,28.0357,25.0101,10.7921,51.6285,51.0253,1.1683,38.2278,35.3052,7.6451,8.3689
skzGOYxbS_sPEDnG9T6PZwaVNso_jWK6KnpeznXfw4k,train,33.5424,29.2393,12.8287,29.7532,25.5384,14.1661,55.8837,52.1032,6.7649,39.7783,36.051,9.3702,10.7825
slOKLPyTsRXyhmLtpNxjwCKXUf5GBV51jreHY4MUjZ8,train,28.4907,25.4398,10.7082,26.5016,22.2198,16.1568,48.0306,45.3327,5.6172,34.4806,31.3664,9.0318,10.3785
sm5DOefQNnBRCVEsUVAvSZyhkEMTrcTwh3hFc2m8v0s,train,25.2425,26.7228,5.8645,20.9075,23.3403,11.6362,46.4566,47.6188,2.5018,30.9608,32.9482,6.4191,6.6054
soXWSXWzuNg6DNTf3hkD4MDkxGtFx-78TcSQW-9HcC8,train,24.2279,24.2346,0.0278,21.9245,21.1671,3.4548,47.3155,43.185,8.7297,35.3809,29.8804,15.5467,6.9397
sorxnN9FtKKvZrZlIhYfhuPZY_CS5YNxCbNyso5F0Qo,train,33.5412,27.2998,18.6081,28.7066,23.8444,16.9376,57.7659,48.6471,15.7857,36.0202,33.6597,6.5532,14.4712
srU1eubj5ULw4Y7MtBKwsu2tWtaUfME6nFF6iczt9hM,train,26.5042,26.3,0.7706,22.3913,22.971,2.5893,46.8063,46.8654,0.1261,31.753,32.4269,2.1223,1.4021
szjnIheGm31ZBT1qQVdtNiD8j9DEbpXX49lUJGGoy70,train,30.0778,29.2895,2.6208,24.5225,25.5822,4.3211,57.3228,52.1925,8.9497,38.0713,36.1129,5.1442,5.259
t1LgFtJQwjF0iR-F2AVrdzeNojWERTSEnwPfxDQwfkU,train,31.8002,28.5343,10.2701,27.4349,24.9226,9.1576,46.5555,50.8469,9.2177,32.653,35.1817,7.7444,9.0975
t6xJLdAOh8IwlmY-KssZFvfWFossDWgDBdGj16s_NWg,train,26.2657,28.3413,7.9022,24.2733,24.754,1.9801,48.2702,50.5029,4.6254,37.5096,34.9437,6.8406,5.3371
t8e5FBXCLjG2YndD7s8U4bOme2PDNMrXqjETMJPc154,train,40.7111,47.7353,17.2539,33.6803,41.6932,23.7912,70.5477,85.0622,20.5741,50.3556,58.8559,16.8806,19.6249
t9Z1V2IlcVb9SWtnnR1JSTL06q7FCxEuYMrMETTOcyo,train,32.5368,35.9118,10.3731,28.9425,31.3663,8.3744,58.2278,63.9933,9.9017,35.9289,44.278,23.2377,12.9717
tEKuOjDmwBoCevtE4mx2nbBN_cLFn20UlJKJR3qwlyM,train,31.7539,31.4863,0.8427,27.4575,27.5009,0.1583,54.4535,56.1072,3.037,37.667,38.8215,3.0648,1.7757
tHlUh9CpvOLylJ9a7HQxa6tAoaZSpk3JaUOB9RRfHCY,train,34.1965,30.7104,10.1942,28.7423,26.8233,6.6765,53.1173,54.7246,3.0259,35.1206,37.8648,7.8137,6.9276
tIzeDx_VLh7QRmoai5gxMBmGeEtLIWKgsYivC1LNF8A,train,27.2759,31.0506,13.8391,25.8685,27.1203,4.8392,50.5419,55.3307,9.4749,35.7986,38.2842,6.9433,8.7741
tKHi87qSvJrSlso55catxSZkeH2nTfQJ-omJ_79mJJ0,train,27.8337,26.4797,4.8646,24.3556,23.1281,5.04,56.6682,47.1857,16.7334,36.9135,32.6485,11.5539,9.548
tL__KpRuQb31MRz99wg-6vFhlMCBokmPAMPJfORkXKY,train,31.611,31.8028,0.6067,25.5585,27.7774,8.6814,52.8338,56.6712,7.2632,36.1534,39.2117,8.4593,6.2526
tQF4H5bqlHtSHmmClQxq0JkZ1Rom7piv5U_OutDWA5c,train,26.4576,25.73,2.75,24.2049,22.4732,7.1541,49.6428,45.8498,7.6407,33.3629,31.7242,4.9117,5.6141
tQIti8gz6zcsHCpM00XkYvmMoKu0psXq-m-vSKBiUjw,train,32.0738,35.3227,10.1294,28.4034,30.8517,8.6197,51.8293,62.9434,21.4437,41.9341,43.5515,3.857,11.0124
tSmlCyLORH6VB-Q3-KA93xMd9htfy-YeQytwIAsApCc,train,29.2846,29.7807,1.6939,26.3156,26.0112,1.1566,53.9246,53.0678,1.5889,33.952,36.7185,8.1482,3.1469
tUXZCS0cx7bOR3x4zowjYasfwlwLZfwh6XaJ2ki7RO4,train,26.4572,29.8795,12.9353,23.809,26.0975,9.6119,48.8654,53.244,8.9604,37.2347,36.8403,1.0592,8.1417
tUYlv4GX0ZmahKhPdKkB63BAfZ0-5z048-POR9ivZdc,train,29.5706,29.591,0.0691,27.3634,25.8455,5.5472,54.7112,52.7298,3.6215,38.4468,36.4846,5.1036,3.5853
tVXeCNIuCZXePbPiwmPWaUWgIaHLU_yCxFoWUn6T-8Y,train,29.6187,29.8821,0.8893,26.2155,26.0998,0.4413,51.3678,53.2486,3.6614,35.9265,36.8435,2.5524,1.8861
tZGSxqVqjMexWpvXsaOAWmJ3GEFkyAoaw7mRLLqs5HE,train,30.5042,31.621,3.6613,28.5945,27.6186,3.413,58.0146,56.3473,2.874,39.1832,38.9876,0.4992,2.6119
t_z08NlVzfrSwudfkajr6oQ6Ba2O4h6Xy31nB_12220,train,30.7165,25.974,15.4395,26.3537,22.6864,13.9158,51.6471,46.2846,10.3831,36.9909,32.025,13.4245,13.2907
taHC-Pu6QIN7Hwnm8L-LKUT1djCbnSzOxBA9OiofoDA,train,23.9828,24.3828,1.6681,22.6391,21.2966,5.9302,46.9771,43.4491,7.5099,32.0594,30.0631,6.2268,5.3338
taNdJwWqZQkNVTvamZvpGL-2JtXXAHxTeSdir1wkvCc,train,28.7763,30.0757,4.5154,26.0684,26.2689,0.7691,49.5301,53.5936,8.2041,31.778,37.0822,16.6918,7.5451
taY0el3_XhjW7ijwqSr1qz5BLr32IGP4RnWVV54M6mw,train,25.1065,24.8498,1.0226,23.3295,21.7044,6.9659,50.5353,44.2812,12.3759,34.1118,30.6388,10.1812,7.6364
tb08T2fxSToJ6i-7Xh8ezs1aDkWoYFOOSqqI7AVSUQU,train,30.1743,29.8662,1.0212,25.0284,26.0858,4.225,51.058,53.2201,4.2347,35.5538,36.8239,3.5721,3.2633
tdtyaZRYmZKM-bdblH0FfyZkcbUtz1EvV_2e5HyXCR0,train,31.4933,26.5104,15.8223,28.0682,23.1548,17.5051,53.5859,47.2403,11.842,37.3617,32.6863,12.5139,14.4208
thTDLlx0MuTg3IqWfgAJQPPWksOt-6n3bnTpjJiuUrg,train,27.8256,27.9721,0.5265,24.2271,24.4315,0.8436,47.7476,49.845,4.3928,34.7402,34.4886,0.7243,1.6218
ti2fvqxhFjIFuLhF23WHc7MpXMuWw4g4ccLAz9ztE-8,train,26.2659,28.3793,8.0459,24.3008,24.7872,2.0016,46.3314,50.5706,9.1498,32.609,34.9906,7.3033,6.6251
tiAYJnzByCVYjn5nAAVLhmzkaAWwbwxrudscG6replM,train,33.0522,31.491,4.7234,29.0872,27.505,5.4393,52.7116,56.1156,6.4577,37.2092,38.8273,4.3487,5.2423
tibhUXl23UjFiLcOCFF99gGi_lX0XzBwAGIwDOE6Pt8,train,35.0667,31.7022,9.5945,29.2965,27.6895,5.4852,57.4642,56.4919,1.6919,38.0444,39.0877,2.7422,4.8785
tjR9iE3QtSNttTqJPH28TUHKj4DXuNznzeziAR3t1Ko,train,33.5142,27.0006,19.4354,28.8918,23.583,18.3748,51.3884,48.1138,6.3722,35.7182,33.2907,6.7964,12.7447
tkPLFpLLTXN1pQHJLlKRp9ei3qB-rlFviG-8NlZux6c,train,24.6916,25.4814,3.1984,22.4432,22.2561,0.834,48.8739,45.4067,7.0942,33.3079,31.4176,5.6753,4.2005
tk_IQHyKKnSaRC7JnLs-wuJPSlb-vArUTnfOWsgSapQ,train,34.5963,28.7048,17.0292,27.5807,25.0715,9.0977,54.1328,51.1507,5.5088,40.8154,35.392,13.2877,11.2309
tnGB-cg-_pSmt7YQ3y3GNnX1smqoOnZBoYvHhIxFHQQ,train,30.8114,38.242,24.1166,28.8884,33.4016,15.6229,53.9207,68.1456,26.3812,40.7085,47.151,15.8261,20.4867
tnzCZ2q_Aej8gIWj11YPJLlkCDOEqmDvuLwqyliQL4A,train,31.8444,32.4543,1.9153,26.4372,28.3464,7.2216,60.4715,57.8322,4.3646,39.1265,40.015,2.2709,3.9431
tr0fHdMMfA31TbERAMt8AbVSEaqUoip0rGkh7_UZp8o,train,29.3018,33.7226,15.0873,26.5516,29.4542,10.9317,48.8034,60.0922,23.1313,36.7621,41.5788,13.1023,15.5631
txX1Tky6J40Ji5FT5YmG2djk7o5r_LxjNrosBNqKwso,train,25.5559,24.7182,3.278,23.4182,21.5895,7.8087,47.8032,44.0468,7.858,32.8819,30.4767,7.3147,6.5648
tygLRr1E8gG_s_W-M_TJ45C09ekCUmSmmMfxWpCvKsg,train,28.4474,26.5865,6.5416,24.7662,23.2213,6.2378,48.0561,47.376,1.4152,33.638,32.7802,2.55,4.1861
tyn9j47LY8cGgO8IP8uP1Vm5Fl6erJ8NlugiCYYaIps,train,35.4206,33.7109,4.8267,27.5039,29.444,7.0537,64.9204,60.0714,7.4692,37.5771,41.5643,10.6108,7.4901
tyssJGCMBYb9oc9HA0srm3Wn-pmvkuZcYOwGJZ-QTxU,train,25.3984,26.3762,3.8499,22.8043,23.0376,1.0232,50.3622,47.0012,6.6737,34.6346,32.5209,6.1029,4.4124
u-19n5ZqWqhr06xLR-DOLpXuTZ45cUnyQKTNCI5HuYk,train,26.977,25.8021,4.3549,22.7934,22.5362,1.1283,52.1974,45.9783,11.9147,37.9975,31.8131,16.2757,8.4184
u07G5TYMFbF4QzK63kMFsfARkajwYnT-rdQme1PYiSY,train,24.0869,25.9087,7.5632,23.9527,22.6293,5.525,46.4052,46.1681,0.511,36.0116,31.9445,11.2941,6.2233
u0MjoQ1vUciA1ahHpgs9v5JLbXFvWMHrdb6ZHmooDH8,train,34.9097,37.4638,7.3164,30.306,32.7218,7.9714,56.4282,66.7589,18.3077,43.3229,46.1915,6.6213,10.0542
u1lneePh9BHam7nXq3UOqovz5yG5yp7Rtrw1iJd-R9o,train,32.1738,34.7322,7.9518,28.7348,30.3359,5.572,58.8092,61.8912,5.2405,39.779,42.8235,7.6534,6.6044
u2VX_rR-b9Ygp5ToLLA8grPCNIFtLlV7lY34UmeWmAs,train,26.4671,26.9986,2.008,23.2074,23.5812,1.6109,47.9664,48.1103,0.2999,32.7945,33.2882,1.5056,1.3561
uAOOOjHPJ3RXlBmGW_om8GdJtFFic0Iz8IdGGMtit7w,train,34.3951,37.0742,7.7894,26.3202,32.3815,23.0291,57.9615,66.0646,13.9802,38.718,45.7111,18.0616,15.7151
uBAsKRfRm5MXsOWXJqfSC1WAeKWdaj0Oo6x4F_eWJbo,train,30.102,32.7701,8.8636,28.5689,28.6222,0.1866,54.8542,58.3949,6.4547,37.6098,40.4044,7.4303,5.7338
uJfbAqPkg2Okh3LwSwVvQlZs4GIYC-RuCTgisPy4J6Q,train,32.7935,33.6938,2.7454,27.9028,29.429,5.4698,51.5568,60.0409,16.4559,37.6818,41.5433,10.2475,8.7297
uLc90kNvde_PqSGhEhwm7s-hpzM4y8fj5cu2OcSZxIM,train,31.0995,31.5666,1.5021,29.3586,27.5711,6.0886,51.4266,56.2503,9.3797,38.2008,38.9205,1.8839,4.7136
uO_qALgHkLxiy5tnJbwoiRdQpWO7uAdVNfIcPOzdLho,train,32.2413,27.3433,15.1917,28.1901,23.8823,15.2809,53.8342,48.7246,9.4914,39.1131,33.7133,13.8055,13.4424
uOfQmgHgLvsAS6ox9WwBuVyGBbYap1_IrTCV6VWgsao,train,33.2284,30.4006,8.5102,27.9449,26.5526,4.9824,55.1463,54.1725,1.766,40.0142,37.4828,6.3263,5.3962
uOvuHjwJCj0pqWmNVTjcbprS1h6pPRfNxdFvEVCkxfE,train,32.708,43.6457,33.4405,30.043,38.1213,26.8892,59.6647,77.7748,30.3532,43.2527,53.8136,24.4167,28.7749
uS4Nlsd6VQjC_MbPDR76MiYZCfgKQsrZG_UwbKzH20A,train,37.8421,34.4797,8.8854,28.2338,30.1154,6.6646,61.2129,61.4413,0.3732,41.4553,42.5122,2.5496,4.6182
uWNpWS7y4dopu_NEgKaaddY0E1Ij2OHO_HGyMEBUNkM,train,27.8849,29.9075,7.2532,24.9598,26.1219,4.6559,51.9201,53.2938,2.6457,36.9413,36.8748,0.18,3.6837
uXi436Vjox-vnD9lTjC-PjqqrwtRzTOmhLa4bhkuljg,train,30.2625,28.7332,5.0535,26.1508,25.0963,4.0325,54.3382,51.2013,5.7729,37.5949,35.427,5.7667,5.1564
ubVAitnCo_I9HO37k8svKgawcY__4zv3ELSGh0ktRL0,train,30.3804,34.8115,14.5854,28.7102,30.4053,5.904,56.3481,62.0326,10.0883,42.9843,42.9214,0.1464,7.681
uc-v1U8HMj6nz2aVav24MAHM1D6plrOqyrGqpU7EfTs,train,30.5984,30.9491,1.1462,27.3797,27.0317,1.2709,65.841,55.15,16.2376,42.1524,38.1591,9.4733,7.032
uc1Re61ht1q4VOQ-3zxfqpcHB5S6a9Xv5Sba5zlfCus,train,27.4018,25.1039,8.3858,24.0064,21.9264,8.6643,51.2625,44.7341,12.7353,36.2081,30.9522,14.5158,11.0753
ue3P1rds2SorwiUP4tCm0-7FzgMFwMCRwqVvbKo9jwc,train,35.0358,33.0613,5.6357,28.8355,28.8766,0.1423,57.2027,58.9137,2.9912,39.1911,40.7634,4.0118,3.1952
uhpH2ejZMnSrQig1lYQYnAR1oADqLRP4gk1gxc7uUVg,train,29.3283,30.2941,3.2931,25.3932,26.4597,4.1998,54.3632,53.9828,0.6997,38.5662,37.3516,3.1495,2.8355
uiYjbCk669ecxx2gO_QOYEwq_tM2ysdwnJYC6LCPHws,train,31.6388,32.3685,2.3062,26.2616,28.2715,7.6534,56.8241,57.6792,1.5049,37.0394,39.9092,7.748,4.8031
uicBrPyYRi1_A7BeIUg6-tDnn2xFKcLQ1QNKXW341-M,train,31.3994,31.3984,0.0031,27.5808,27.4242,0.5679,57.0929,55.9506,2.0008,39.8973,38.7131,2.9682,1.385
uk-CtxwNfL2uxYjW-QCuXNC66fHWCTOCB8AmchLLHZk,train,27.2881,30.3047,11.0544,23.2318,26.4689,13.9339,48.7066,54.0016,10.8712,33.4485,37.3646,11.7078,11.8918
ukP5jeVth41W49uCDHzCO9ZPBR4srWQKb6qG9Onwlzg,train,30.6908,29.1487,5.0246,27.444,25.4592,7.2322,54.4735,51.9418,4.6476,37.835,35.9393,5.0104,5.4787
un8lHY8pzv7e8SOSo44QLNdPD_PcMp_hHnBEvkCNALg,train,29.8854,30.3934,1.7,24.8622,26.5464,6.7741,55.3807,54.1597,2.2047,39.1507,37.4739,4.2827,3.7404
unOs3TADGhrMFaKkg4_Eo5MgwiFhSjq2QKcXlW71pII,train,25.9943,30.4346,17.0821,26.2163,26.5824,1.3963,47.9587,54.2332,13.0832,33.9978,37.5248,10.3741,10.4839
upa6foQNb8RjG3rcyAiG0Np9ls0JeJ_nBr0CRoL6I5g,train,30.1079,26.8212,10.9166,25.5922,23.4263,8.4631,53.6262,47.7941,10.8754,35.1678,33.0695,5.9664,9.0554
uq1O6X0Y9q7pFMxvqbCnoSiEGqIGFzL9cptWlRaGfT8,train,32.8998,30.2096,8.1768,29.346,26.3858,10.0872,56.8834,53.8321,5.3641,38.5281,37.2473,3.3242,6.7381
uq4DCL_ezHJURMKCNyYgyF1N2J36sYaBy-zQsrYfIhA,train,25.2142,23.4646,6.9389,22.2688,20.4946,7.967,45.5197,41.8129,8.1433,32.3781,28.931,10.6463,8.4239
uq8_zsy7waIFa6uIbv9oNPTu8sxth0AoEiFRAP62_M4,train,32.8674,31.5874,3.8944,27.7514,27.5892,0.5845,53.7036,56.2873,4.8112,34.9323,38.9461,11.4903,5.1951
v1iwkawHa_mvcyShDuvDxHmLngn9qbkak_27bN022NA,train,29.5356,28.3654,3.9618,24.1305,24.7751,2.6712,52.4304,50.546,3.5942,33.3989,34.9735,4.7146,3.7355
v3PCZT6uKPNea1CY7sdEt32T9eMiuouaGXUx1nwp134,train,34.1392,30.0881,11.8664,26.6704,26.2797,1.4649,54.097,53.6157,0.8899,37.0681,37.0975,0.0794,3.5751
v82IZNN3sKt0SWeSUQM7c4TOAsem_w9oplTgAyvo6qg,train,23.1384,23.7321,2.566,22.6201,20.7282,8.3636,49.4104,42.2896,14.4116,35.017,29.2608,16.4381,10.4448
v99TYhN-aL9jS37fT7K_87UxZ3DOZ9NikUOlfjWTfWc,train,30.242,33.0469,9.2749,26.1082,28.864,10.5552,52.8971,58.8882,11.3258,36.6079,40.7457,11.3029,10.6147
vHjdwaRY5naOAXKux5fSUNFfUgRqIqfRUXY8v35nVaU,train,29.1598,28.0525,3.7973,26.2125,24.5018,6.5264,59.8028,49.9883,16.4114,39.121,34.5877,11.5879,9.5808
vK1-RUhICFZPQ66-rt3Ee3pOShmpzuq2ubSV1I_hdio,train,25.4768,27.4226,7.6373,23.6401,23.9515,1.3173,48.0594,48.8658,1.6779,34.4874,33.811,1.9612,3.1484
vMhSzosefiIYlQfyz1333UaP8cQszXJlLOgMkb5EEwA,train,27.4197,29.5194,7.6577,23.4184,25.783,10.0971,58.331,52.6023,9.821,38.1562,36.3964,4.6121,8.047
vNlwWGtfiLjEZWc0BgWoeM6Bcbr6ZtdORMQSCuEovfI,train,25.2359,26.4837,4.9444,22.8814,23.1315,1.0929,49.5373,47.1927,4.7329,35.4922,32.6534,7.9985,4.6922
vP1Sh-jJNg7AjHabR7sf1WRlUEiFa-Gke4hTuQkzhmQ,train,36.1927,33.7481,6.7545,26.9527,29.4764,9.3636,58.6503,60.1376,2.5358,38.6346,41.6101,7.7018,6.5889
vPGGI_Lz5wep4ejoZaE88tytVmP1T_qOEZNtcjmxwT4,train,25.7071,25.7017,0.0209,24.2469,22.4485,7.4172,50.666,45.7993,9.6054,34.391,31.6892,7.8559,6.2248
vTUMTWfXk8YXmiaksxKYyFQNIi0ThhUPaIoydVb21cY,train,29.0646,26.9577,7.2491,26.2704,23.5455,10.3726,52.4558,48.0374,8.4232,37.6981,33.2378,11.8314,9.4691
vTYEdUF_1GnwMHC1j4X8J8i3IhfRvoxxQGvNTA4S3W8,train,26.2626,27.0853,3.1326,23.8724,23.657,0.9026,45.0618,48.2648,7.1079,29.222,33.3952,14.2811,6.356
vWFlbLfTUjToEddPoRHL53oszliCsgJnRA3DrfUfNZo,train,32.7852,31.3166,4.4795,27.7499,27.3527,1.4315,56.3224,55.8047,0.919,40.7973,38.6122,5.356,3.0465
vbZZsZ3TYtTI253SiLaYLGYn-BT6NSlnN-B60PQzdHw,train,29.0982,26.757,8.0457,24.6542,23.3703,5.208,53.0646,47.6798,10.1475,34.6046,32.9904,4.6645,7.0164
vdvTDSjhRKHZHLUlzHJioKgrnnNDEyfmvq1ao3LurbA,train,31.1857,32.1998,3.2518,27.0524,28.1241,3.9618,54.2385,57.3786,5.7894,37.1736,39.7012,6.7994,4.9506
vesmBd6hOemqIxjvfj8NGFOgFQK5hcE4IiD-ZtifN3A,train,31.1507,32.6929,4.9509,29.1289,28.5548,1.9708,55.7705,58.2573,4.459,40.2835,40.3092,0.0637,2.8611
vgF_c42OznlpdGNkmuL10jZlnGamSbMLTtCRMA90hOY,train,35.5709,33.0548,7.0733,29.8357,28.8709,3.2337,60.0496,58.9023,1.9107,38.9176,40.7554,4.7222,4.235
vhwKWKR4nWlKpBiQxP1iKM7y7_URvtNrJMGwH2pLZpk,train,26.2337,28.1412,7.2713,24.8813,24.5792,1.214,50.1409,50.1463,0.0109,35.2549,34.6971,1.5824,2.5196
vjdssqMEzyDoZ89vb54P5mL3DbNpgZKbqM9hsT_33jQ,train,29.4429,30.1446,2.3833,25.0235,26.329,5.2173,51.0382,53.7163,5.2472,37.2367,37.1672,0.1868,3.2587
vk6NsCmopCC5j-Vi3Nb78pAEVsYNk6O2NkFueyEZyDs,train,30.4393,36.5912,20.2107,25.7298,31.9597,24.2127,51.5106,65.204,26.5835,36.4357,45.1157,23.8226,23.7074
vkHvQ67UHL3a7kq-fUCZkcjhWNCgRWnBFf36aZiyJ7o,train,33.7457,41.7755,23.7951,29.8062,36.4878,22.4168,58.4428,74.4421,27.376,45.6602,51.5077,12.8064,21.5986
vkksn2RCSbypUytk-hVipm2siTrFOOo4ThunldZNHEQ,train,30.5168,31.9385,4.6588,26.7837,27.8959,4.1524,54.0256,56.913,5.3445,36.3256,39.379,8.4056,5.6403
vnohRvRete12wDp7zCI0rTWOjQO1NU48ZzyOXpEI_uk,train,34.3263,34.5762,0.7278,29.768,30.1997,1.4501,59.975,61.6132,2.7314,40.9174,42.6311,4.1884,2.2744
vtUetlQRnFggW0gU19iG8wdTL-KlWikPJFIEMbsIWvw,train,34.3412,34.1225,0.6369,29.6658,29.8034,0.464,56.3909,60.8048,7.8273,40.06,42.0718,5.022,3.4875
vyv9RXH_n0ECpHdz6y7XqIDfyU0zqZ-g3xweaBQUHoI,train,33.8558,33.841,0.044,30.9161,29.5575,4.3943,52.6299,60.3031,14.5794,36.8351,41.7246,13.2743,8.073
w-YeNUe-dKCz4cUR9xfHme26fV_mCW8c1dldhYJX7fg,train,28.6679,31.5956,10.2125,27.4767,27.5964,0.4356,52.3921,56.3019,7.4625,37.5325,38.9562,3.793,5.4759
w0478BRgZeaZDHTp1jKrUoDgcAfnjTpVDHhWvxJHWIc,train,31.3209,30.555,2.4455,27.8788,26.6875,4.2733,54.4089,54.4476,0.071,37.9586,37.6731,0.7522,1.8855
w07I5jNdD1zi2AlywjFYFhZ8pktMXikWmJ_XfIDvEzY,train,31.8999,29.3089,8.1221,29.0381,25.5991,11.8429,51.8499,52.2272,0.7276,37.954,36.1368,4.7879,6.3701
w1iNAbmo8qiJ7wnf4IPgadm4T5UJ-BUAqXNTItzYiqE,train,29.6316,30.5208,3.0008,27.9596,26.6576,4.6569,50.7788,54.3866,7.1051,36.0789,37.631,4.3019,4.7662
w4QLak14sViFntYhExx0tM4wy1u7Gp2VWqSbHOgO_Zc,train,34.389,33.2357,3.3536,27.3186,29.0289,6.2606,59.3582,59.2246,0.2251,37.3539,40.9784,9.7033,4.8856
w76W76Ab73IGN31Vw6kDRj-8VR_KOJsTO-UW1jFFRZM,train,28.9555,28.6135,1.1811,24.7968,24.9917,0.7861,52.3773,50.9879,2.6527,37.5909,35.2793,6.1493,2.6923
wBNl8HpFrh4wxxJm-3LU1sbkM34RPMlF1qlBFb9FWhg,train,26.6096,27.9194,4.9221,24.821,24.3855,1.7546,49.8001,49.7511,0.0985,37.7318,34.4235,8.7679,3.8858
wEiE2pV4k1O3W5w6TXxcEU_zZGThKzJz5cV8M4nMpjo,train,28.3394,29.0136,2.379,25.1605,25.3412,0.7181,48.7949,51.7009,5.9556,36.3077,35.7727,1.4737,2.6316
wF2Klo0rth7qh_o1oCnMTyv4ApfQTKluNJS2gQqqtFs,train,32.1377,33.9408,5.6105,28.3692,29.6448,4.4964,60.8838,60.481,0.6616,39.5206,41.8478,5.8886,4.1643
wI9uiIebpGwG8SPPz4OvQbeNmnjoo9usVaFVBmE77KQ,train,25.3392,24.9492,1.539,23.7908,21.7913,8.4045,48.3078,44.4584,7.9684,35.4514,30.7615,13.2291,7.7852
wJ6EIiaq6fF357kTbqLVwrFTMl8jXk0rjW4MUbmJDX0,train,25.3988,25.6273,0.9,23.0774,22.3836,3.0066,48.6572,45.6668,6.1458,33.3468,31.5976,5.2455,3.8245
wTawr8HsdMVLaNEu2ZOTHUIRFivR018bEUH54zGumB8,train,27.4606,29.3251,6.7897,27.0577,25.6133,5.3384,51.1667,52.256,2.1289,37.7469,36.1567,4.2127,4.6174
wWnuKBtfD0TJTzw07s5OxNkw_Zewroc0oIVouE_-0iU,train,29.3893,30.5814,4.0563,27.1677,26.7105,1.6829,56.9179,54.4946,4.2575,38.2393,37.7057,1.3955,2.848
wXVCq4nyO3JYzDSQb9wB_wYHSmWme3NJAJQ1aPf75Co,train,29.683,31.6443,6.6078,28.3489,27.639,2.5042,55.4685,56.3888,1.6592,38.5879,39.0163,1.1102,2.9703
wc_azdFhT2iyOCRehcDzjenKjCu6_V2YUqa2Ef0OyrU,train,32.2515,33.6256,4.2606,27.7635,29.3695,5.7843,53.8379,59.9194,11.2958,38.9687,41.4592,6.3909,6.9329
weWJRVmjDv_3bFVt1lnvOCUgMHld2PnPtKmuacm6ryI,train,35.501,32.1691,9.3854,28.2759,28.0973,0.6318,60.193,57.3239,4.7665,38.9895,39.6633,1.7281,4.1279
wfK9NCsWMRzQ9jWY63Sm2F3GCV3420MkC2-UolPBAR4,train,31.9522,34.919,9.2852,27.5718,30.4991,10.617,53.4956,62.2241,16.3164,39.0408,43.0539,10.2792,11.6244
wo1RxJr9GOOIJx-_rCq-eYHvTzhqR4QfEtxMqNiXSGo,train,28.4569,25.4965,10.4028,24.1187,22.2693,7.6677,53.52,45.4337,15.1089,35.9589,31.4363,12.577,11.4391
wrDOCu7G07S5kJa1UNP7ol5UvBk_emF2JM7U3KQNJjc,train,30.788,31.1602,1.2088,28.1836,27.2161,3.433,54.1529,55.526,2.5356,36.5243,38.4193,5.1885,3.0915
wsh4PsTD-ZDGz0KGlgGwVpROjGkHUQhaNcHVMhPH2fw,train,25.5528,23.293,8.8437,22.901,20.3446,11.1626,49.5552,41.507,16.2409,34.1253,28.7194,15.8414,13.0221
wtG3VS1hbhCZ1uA_tfz0jjFmWwxHJlmT38Kf-6if8kM,train,30.9528,33.6967,8.8648,26.5597,29.4316,10.813,53.4477,60.0461,12.3455,38.2137,41.5468,8.7223,10.1864
wutFWbhih-orG3VCpSMZt-I-xZoTqfsFuJUDON0YUlE,train,27.2457,26.0325,4.4528,23.0278,22.7374,1.2611,52.2876,46.3887,11.2817,34.5203,32.0971,7.0196,6.0038
wwRfbgJAoL-ClUneDMns80rl281NIQN8Vbg9gKbz68w,train,32.0554,31.4389,1.9232,25.9657,27.4595,5.753,55.9363,56.0227,0.1544,37.0075,38.763,4.7438,3.1436
wyo56gHJyQO26BfciyAHy7U9Tx2QnhxCIv0tK_rDou4,train,28.7354,27.5357,4.1751,24.7738,24.0503,2.9202,52.699,49.0673,6.8914,34.937,33.9505,2.8237,4.2026
wyzXYq1mCO53i8GE8uTF583tYOYGA7-eQOjJp1xBalI,train,29.8908,30.8523,3.2168,26.1286,26.9472,3.1327,52.2921,54.9775,5.1352,37.8606,38.0398,0.4731,2.9895
wz-umYA1NHwsOVajgrrmL1RBo6f2Fx3FSVvr1KonBHA,train,33.1949,31.3529,5.5488,28.6474,27.3844,4.4086,55.6331,55.8695,0.4249,39.2952,38.657,1.6242,3.0016
wzelHnijeJR7FMP8UAwRHF40JQ-Z9EWkpHSa5MgxcPU,train,27.3364,27.1906,0.5333,23.996,23.749,1.0294,53.2835,48.4525,9.0666,36.9177,33.525,9.1898,4.9548
wzwVXZAO8tOG3nnjGoThbsv99F8lsarVgpB_bXMiTo4,train,31.3593,26.6892,14.8922,27.2854,23.311,14.5661,51.469,47.559,7.5968,34.8169,32.9068,5.4859,10.6352
x1f2s_UJaYPGwtUbwUWwA_KRu6TkqUbomKd-l04lF2M,train,34.3991,28.3367,17.6236,27.9553,24.75,11.4656,63.5088,50.4948,20.4917,39.3,34.9382,11.0989,15.17
x2fmUbzATJufaVIBNNEQHrtOCRFX3gQ6l9yZVZxvVFU,train,32.5134,29.8208,8.2815,28.7861,26.0462,9.5181,54.9378,53.1393,3.2737,38.2745,36.7679,3.9363,6.2524
x54NmPF4cjmqTnA9SQHIL7zgFvkWMNIZw9MebTrPTn0,train,36.7018,44.7966,22.0556,31.6176,39.1265,23.749,62.5453,79.8256,27.6284,44.3499,55.2326,24.5382,24.4928
x7LgGXIftB0_VojHFSS80SnGLd2l2y2U-Tsp9wpqHcY,train,31.6297,29.6061,6.3976,27.736,25.8587,6.7682,51.2548,52.7568,2.9305,34.9632,36.5033,4.4049,5.1253
x9ThblNEs0d1SG65yjmPYY_sX3fjXL4C2XO5HI-dkP0,train,25.7351,30.5229,18.6041,23.0493,26.6595,15.6629,48.9722,54.3905,11.0641,32.9914,37.6337,14.0712,14.8506
xBVdQpbiLJF3BxoZtzn-OHZMPcIQMvkLWLdOaCfZ5AE,train,31.9321,30.0155,6.002,27.9956,26.2163,6.3557,55.3754,53.4863,3.4114,37.4462,37.008,1.1701,4.2348
xDkDn9i-PtqwB0-IudO0JVam7FDXjLNto_iyXDEfjg8,train,28.1615,29.5575,4.9568,27.1911,25.8162,5.0565,51.0091,52.6701,3.2562,37.9747,36.4433,4.0328,4.3256
xKwQ25X_cBlo4v_7JJoYN9jWSY-MyA4C9QMM5xviELs,train,33.2338,32.4993,2.21,28.2105,28.3857,0.6209,59.7538,57.9123,3.0819,38.2256,40.0704,4.8261,2.6847
xMFmbjiky0uXbBCujAGXQHvXJz0nLCam1Ns4e2gC3eg,train,30.3444,35.6923,17.6237,28.125,31.1745,10.8426,60.5297,63.602,5.0758,39.6297,44.0072,11.0462,11.1471
xUJD6pwIk3G3gwoDJV04spXq6fmrbl1jdbowhPrYk8k,train,30.1822,27.7156,8.1722,26.8372,24.2075,9.7986,53.2506,49.388,7.2537,36.6212,34.1723,6.687,7.9779
xVVI5tmT-bXqckfISkHkOJJRxYvEMcoifHlX6gYmDnA,train,27.5004,27.8878,1.4089,25.465,24.3579,4.3474,49.652,49.6949,0.0864,35.6543,34.3847,3.561,2.3509
xaq2jlOyjHdkBcpihC9DT-AGTxF1GGU24i63T3VewWU,train,34.7173,39.3076,13.2218,29.1813,34.3322,17.6515,60.2621,70.0444,16.2328,37.875,48.4648,27.96,18.7665
xcfe_6tpoBQhft1CICK_W65_X7M06TELdwCdWN6mX30,train,32.7971,31.3169,4.5132,29.4572,27.353,7.1432,55.2151,55.8053,1.0691,41.0556,38.6126,5.9504,4.669
xiBzAG7Q6N9aw84ZIBPdKRaXxnpQWmIqPbNjkEfsuMI,train,35.4955,31.976,9.9152,30.2722,27.9287,7.7416,61.0699,56.9798,6.6974,40.525,39.4253,2.7137,6.767
xiIlFtub_tYSYAbklHkKFncM7qOhs6GkeRP1ftvw8h4,train,34.5978,35.5427,2.731,30.7485,31.0438,0.9604,62.0066,63.3354,2.1431,46.106,43.8228,4.952,2.6966
xmH69ldFvRNLGcaQLwW_bCUUU5H_GIuskbslCoMFw4Q,train,32.001,28.3649,11.3623,28.7924,24.7746,13.9542,55.442,50.5451,8.8325,37.6219,34.9729,7.041,10.2975
xnQIR5LnabjOmeUaRTnWw5ZrUNFbPAdXtagrBEqeDcE,train,31.1341,28.2599,9.2315,28.1292,24.6829,12.2516,53.3642,50.3579,5.6334,35.861,34.8435,2.8374,7.4885
xoNAmboD80UChuSRkEHzXPFIkh5Fcg2iclcsYL3C01o,train,30.2782,34.1613,12.8248,28.4662,29.8373,4.8167,58.2173,60.8739,4.5632,39.7005,42.1196,6.0935,7.0746
xoetielk-jHR7YRaEhqDYaudPd0mWBXe3g4tx7BWn2k,train,33.2479,30.6685,7.7581,29.0437,26.7866,7.7713,55.4398,54.6498,1.425,38.7804,37.8131,2.4943,4.8622
xpLRSBTmbLquELZomksgYN0fN_-2EZ7NANEQHBOeGKo,train,29.544,32.5697,10.2416,25.8162,28.4472,10.1911,52.3154,58.0378,10.9383,37.0257,40.1573,8.4578,9.9572
xpPDaeqa7cFWYsOIUOk7-R9bijKBZszTk0YAStFyPdk,train,29.9177,30.5701,2.1805,27.8608,26.7007,4.1642,52.6473,54.4745,3.4705,36.3173,37.6918,3.7847,3.4
xq2OIh27XzHoWNtRfbtljxw4I9km2YNi_ANqzt_i5bU,train,32.2276,28.1009,12.8049,26.2136,24.544,6.3691,52.9845,50.0745,5.4921,38.6021,34.6473,10.2451,8.7278
xqSrD3kKSH0jt-tGr4oooGvGQfZkbplgahtlxiuWCIo,train,26.5983,26.3158,1.0621,23.6496,22.9848,2.811,52.6727,46.8935,10.9719,34.8954,32.4464,7.0182,5.4658
xrH6w3yGFfb_NKebLBvPplwbxT6R0LVLf5541a4hfN4,train,25.4062,24.4824,3.6362,23.3541,21.3835,8.4378,51.1428,43.6265,14.6967,36.4929,30.1858,17.2829,11.0134
y32dEeA-iZr8Pt91kD30sOJRmugAdCm-jzF6aHYt_oE,train,29.4555,26.9499,8.5064,24.9876,23.5387,5.7985,55.248,48.0235,13.0765,37.4235,33.2282,11.2102,9.6479
y4MtxKNHf0hQ0LL3MpeaEF591MsPNqJtnbGj6FHH0wA,train,28.7849,27.0266,6.1083,26.095,23.6057,9.5394,48.7112,48.1602,1.1312,36.5282,33.3228,8.7751,6.3885
y78aCJqEaOUdDgPOeezXi7umAHL2m3duCPT9hBX1wnM,train,33.1839,38.4118,15.7544,29.3398,33.5498,14.3494,61.1323,68.4481,11.9673,40.7414,47.3603,16.2463,14.5793
y7hSR5UpX8vKoYm6nR5r0qusD8pl-sTK-O7owV0VIPM,train,35.18,35.7867,1.7247,26.5314,31.257,17.8114,61.5135,63.7703,3.6688,39.7614,44.1237,10.9712,8.544
yB7E9wkbObCx2IbnItNECZraH370SZGu-Xm4n-hpxB0,train,33.7127,35.8986,6.484,28.9106,31.3548,8.4542,57.2353,63.9697,11.7662,39.2783,44.2617,12.6875,9.848
yDKNHjVVLnOxD_oBdXqQW1d9SwZDDiKn-VdTJGev_T0,train,29.6639,28.9283,2.4798,23.7024,25.2667,6.5997,51.0663,51.5489,0.945,34.3253,35.6675,3.9103,3.4837
yFwn7aVInJZ3B8jS-mJhWYPwTVQHndSgQiahVTBh5fk,train,33.3139,30.5005,8.4451,28.934,26.6399,7.9286,53.2873,54.3506,1.9954,35.7943,37.606,5.0614,5.8576
yG8urEXMQwYxRedKdQ0PzhAnG6wRRQ3Qhkcivj4uxSo,train,29.6078,26.1319,11.7398,25.7015,22.8243,11.1949,54.1842,46.566,14.0599,37.8844,32.2197,14.9525,12.9868
yI3ggbDDMGbpyUyqLMB2ESSttV7sTcq4Q3sljzli3-w,train,26.2357,26.8497,2.3406,20.2495,23.4512,15.8113,52.4215,47.845,8.7302,33.5002,33.1047,1.1804,7.0156
yNUzyGgE8w454leAPUJyfK-QivWU01bhmGRzYivMA_0,train,33.0174,27.154,17.7586,27.045,23.717,12.3056,55.7537,48.3872,13.2125,38.9967,33.4799,14.1468,14.3559
yQJHEnCXuh-Rkejoihhlb5cQH_Px67F8YR5GqeEs2Sw,train,31.5588,31.4882,0.2236,27.9905,27.5026,1.743,54.5687,56.1106,2.8256,34.5955,38.8238,12.2223,4.2537
yR175FYo-5EKEoza-5iE6JVKBmUVtYKlk6q_5C1nXrI,train,33.6537,29.7888,11.4845,28.8821,26.0182,9.9158,55.4747,53.0822,4.3127,34.4733,36.7284,6.5417,8.0637
yUrfQDl6hedEUzSVmkWyRNjuuQUiNhjZlcAY9t-kWI4,train,26.3541,27.2777,3.5048,23.0593,23.825,3.3206,49.6519,48.6077,2.1031,33.7282,33.6324,0.284,2.3031
yZU_zkLPyhJZVu9TszgzRx5eBR1gqAyaRarQj5M1b-Q,train,28.8399,27.1291,5.9318,26.7634,23.6953,11.464,49.5003,48.3429,2.3382,34.0408,33.4492,1.7379,5.368
ycUM0ZvcGbWhQZfMY8CsUGDEeKHCVveSPSBvhkmkmv8,train,27.1594,27.8959,2.7117,24.1356,24.365,0.9504,53.5459,49.7093,7.1651,36.7691,34.3946,6.4578,4.3212
ykOqpg61ldXvylQ93x3YB33HI7oTavy301qEtZXWwHo,train,27.5067,27.1666,1.2364,24.6754,23.728,3.8395,51.3829,48.4097,5.7864,38.1019,33.4954,12.0899,5.7381
ylydQRqBfuQBAQhD2gWLuWSASwd-yNHmeB7ptrhMz5k,train,28.6437,31.5942,10.3007,24.9911,27.5951,10.4199,52.0728,56.2994,8.1167,36.185,38.9544,7.6536,9.1227
yq5Scc358deZ0smPM5s1QdKaSGCVrRPCoBDb5d7lRiQ,train,33.9263,37.554,10.693,30.7895,32.8006,6.532,57.9293,66.9196,15.5195,42.8032,46.3027,8.1759,10.2301
ysjUTkYsWk2w5-l05KpGpo41quzoU-YWRTZCrndNlLI,train,26.3046,29.2918,11.3564,23.7664,25.5842,7.6485,47.2953,52.1967,10.3633,31.8081,36.1157,13.5423,10.7276
ytf4AiJs29Zl0YhmcryHTenc9awbx5rimRO5Xixg4Po,train,26.222,25.1608,4.047,23.9939,21.9761,8.4096,48.1089,44.8355,6.8042,35.6827,31.0224,13.0606,8.0804
ywu7NoRMwxOcXB9tQxzQzTgwNkxYgGDaNan_jVqaI6M,train,36.7461,42.9821,16.9705,31.8048,37.5416,18.0378,62.6527,76.5922,22.2488,44.4896,52.9954,19.1187,19.0939
yx3NAQN1gDhX5hDcrgZmzaIy5w_yyO9dcNkhFlcz_RQ,train,32.7596,29.9437,8.5956,28.6479,26.1536,8.7067,50.0553,53.3584,6.599,37.6811,36.9195,2.021,6.4806
z-FjBHDB8lRvDHsxjblsHCwQlIrJX2ASn4RnA4icPCY,train,29.8233,33.7772,13.2575,26.6894,29.5018,10.5376,51.9686,60.1894,15.8188,37.9484,41.646,9.7438,12.3395
z0o7aFFYBEOC_-IjkRmJDhQhXZMvQnU-KGDfHH61XKc,train,34.4735,36.5406,5.9962,27.9138,31.9154,14.3356,61.8172,65.1137,5.3326,38.7457,45.0532,16.2793,10.4859
z1Cj8-tPo7XuylEL1c1i8tcUCuQqRBQpmxaGq6HXPG8,train,22.8778,25.9564,13.4569,20.8991,22.671,8.4781,42.8319,46.2532,7.9876,29.1356,32.0033,9.8424,9.9413
z1q8vxM-R9ncP6uRoloYvCN3ntreu125l3OOpki5mOA,train,29.2041,29.2401,0.1232,26.256,25.539,2.7305,51.0119,52.1046,2.142,36.421,36.052,1.0131,1.5022
z4s4b8bsC7hQF46iowvWZErMqEkCg5FbcD3UBMBDuAg,train,24.3272,23.4225,3.7188,21.9778,20.4578,6.9161,44.4274,41.7379,6.0537,29.1803,28.8791,1.032,4.4301
z6ry-gQzsSjp1Cd3uRse3JdreAawUiaFUYlCqHTxEbI,train,27.5904,27.4118,0.6471,25.613,23.9422,6.5232,47.4519,48.8467,2.9392,34.4944,33.7978,2.0194,3.0322
z83O6aUc1qpDFMp7wl3jtTLGvDJX4jwrSOT6frHt0aQ,train,34.1703,30.2975,11.3338,28.699,26.4626,7.7926,56.4837,53.9888,4.4169,37.6619,37.3557,0.813,6.0891
z8g60Y6KbwOUy4E9IISAHFzScXC51KTI7rzdiJ7bcek,train,40.1706,34.5279,14.0467,31.5668,30.1576,4.4642,59.5897,61.5272,3.2514,39.9456,42.5717,6.5741,7.0841
zBZvrEemVw2x6OUbjBouVqzyGVLxsL6CvNNDYFOsKLI,train,31.9126,31.1585,2.363,28.5104,27.2146,4.545,54.1887,55.5231,2.4624,37.2415,38.4173,3.1572,3.1319
zD8Kt_2XqRhXRFHZpvkIk57EYMtTCLWPALjAbFIKfo4,train,31.741,33.3671,5.1231,27.8117,29.1437,4.7892,52.0572,59.4587,14.2181,38.78,41.1404,6.0867,7.5543
zEfVsePe7jAH5Sp23gybvRDHGq88LOP8Yg8asBY2Dec,train,24.1318,23.8067,1.3472,21.9903,20.7934,5.4431,47.9609,42.4225,11.5478,32.0144,29.3528,8.3139,6.663
zIJRdWHg4VGII2gi6UYcgGCRvU9TTPYwZgytyyDF_FY,train,30.7582,33.2347,8.0518,26.1303,29.0281,11.0896,53.1422,59.2228,11.4423,37.2503,40.9772,10.005,10.1472
zKE0XxJMySFUqByIqFZOiN0NKULgwCHvcKlXlLmBoYA,train,29.6619,30.0009,1.143,27.2553,26.2036,3.8588,50.7546,53.4603,5.3309,35.0112,36.99,5.6521,3.9962
zK_20ZVlXng8zxikFeTQvkc3iNhxviWNE6NP7UqQZa0,train,30.4058,31.7368,4.3775,27.4438,27.7197,1.0052,49.672,56.5535,13.8539,33.5301,39.1303,16.7021,8.9847
zR93Dv0ufOhGfFtrHxUthSgsVuzRNlpav-GnIY9bXkc,train,27.9595,27.0958,3.0889,25.7028,23.6662,7.9239,50.7855,48.2836,4.9265,34.754,33.4082,3.8724,4.9529
z_dRmGW8VHAWcCqRqeHDiBPbeOEhjNbGnEmR2QMscJQ,train,28.0298,30.9634,10.4662,26.3037,27.0442,2.8154,53.9497,55.1755,2.272,41.7989,38.1768,8.6656,6.0548
zaGYbH8QUOj6VhRSv2ibTYSKUZ05kNNObVcy3GTtOsQ,train,25.7287,25.4561,1.0596,23.7442,22.234,6.3604,51.4537,45.3617,11.8398,35.2109,31.3865,10.8616,7.5303
zdbQ1prRzbkf5E4QCkM63hRWBbYPFmzD9k2QtFgYI6Y,train,31.5179,31.4256,0.293,27.2181,27.4479,0.8443,51.7758,55.999,8.1567,39.2138,38.7466,1.1916,2.6214
zds1X5WYB1qKkZepOtxgzod7uPtX-dghjHUf5GGazOU,train,34.3178,37.3573,8.857,27.3043,32.6288,19.5006,65.2925,66.569,1.9551,41.4699,46.0602,11.0688,10.3454
zgG3ULK--fwWdzIzXGYheAzod3MxKp9Zsgke2_a3kq4,train,33.3664,30.5487,8.4447,28.4059,26.682,6.0686,57.3536,54.4365,5.0861,38.3686,37.6655,1.8325,5.358
ziKUi7f3SOKFW8Dqoz7x6j1zwCUn5mVMVWSb98wL_co,train,29.5945,29.0976,1.6792,27.0194,25.4145,5.9396,52.9423,51.8506,2.0621,38.5423,35.8762,6.9173,4.1496
zmRG_1E_Nn8ySy4abP899E_O-HTwWNDrt0Me4kyaRm4,train,29.7396,27.5549,7.346,26.3147,24.0671,8.5411,49.9216,49.1016,1.6425,32.542,33.9742,4.4009,5.4826
znV8NwKr-DTODq7msa0VSj5UNzp0auGG11oGWYIzWlo,train,31.045,29.1127,6.2243,27.9134,25.4277,8.9051,50.3878,51.8775,2.9564,36.7671,35.8948,2.3724,5.1146
znrHG0kR6ihoDtVJ3hKtsEv7efH8IcFOYL5va2Qqkv4,train,35.5878,37.3726,5.0152,30.1236,32.6422,8.3608,57.877,66.5964,15.0653,43.9185,46.0791,4.9196,8.3402
zqMxSbvyEBwZg0jFcfMR1B9fAq86pFKwQuOQ_Kjz_Lo,train,38.3036,39.158,2.2306,29.0153,34.2015,17.874,67.7719,69.7777,2.9597,43.04,48.2803,12.1753,8.8099
zrydWW1YldsSPK0Dey0YMyjPCF0jOvwBTfofxzTnNQI,train,25.3946,26.6161,4.8102,23.4498,23.2472,0.8641,47.0364,47.4288,0.8341,34.0013,32.8167,3.484,2.4981
ztF-PzganuRaZfhRBc44RANbhV4ff1VVXHRe6MgDYrI,train,33.7118,30.2625,10.232,28.6648,26.432,7.7895,54.6002,53.9263,1.2342,36.684,37.3125,1.7131,5.2422
ztYNUlq8M2d58t-fX1vsG5-JWNdZgtlUwYSBhDuryf8,train,30.2758,29.2503,3.3872,27.0474,25.5479,5.5439,50.9794,52.1227,2.2428,38.5055,36.0645,6.3393,4.3783
zxWNGv-MTZSuC0Nx6fzyCJKLlpsfXZ-MDRmMX7pIKo0,train,29.7094,27.3021,8.1029,26.8842,23.8463,11.3,54.6045,48.651,10.9028,38.1691,33.6624,11.807,10.5282
MEDIAN,,,,5.4148,,,5.9276,,,6.7067,,,6.7033,6.2657
